gameId,gameVersion,gameDuration,blueWins,blueTotalGold,blueTotalExperience,blueTotalMinionsKilled,blueTotalJungleMinionsKilled,blueKills,blueDeaths,blueDragons,blueHeralds,blueVoidgrubs,blueTowersDestroyed,blueGoldDiff,blueExperienceDiff,redTotalGold,redTotalExperience,redTotalMinionsKilled,redTotalJungleMinionsKilled,redKills,redDeaths,redDragons,redHeralds,redVoidgrubs,redTowersDestroyed,redGoldDiff,redExperienceDiff,crawled_at,blueBans,redBans,blueTop,blueJungle,blueMid,blueAdc,blueSupport,redTop,redJungle,redMid,redAdc,redSupport,server
VN2_1583284272,16.18.817.5716,1878,1,21677,20868,229,86,15,9,1,0,1,0,2477,2033,19200,18835,226,52,9,15,0,0,0,0,-2477,-2033,2026-09-19 16:21:14,"Mel, Zoe, Nautilus","Viktor, Yuumi, Nilah",Akali,JarvanIV,Katarina,Jinx,Pyke,Jax,LeeSin,Lissandra,Caitlyn,Lux,VN2
VN2_1584811050,16.18.817.5716,1632,1,20609,23153,271,98,9,5,0,0,3,0,2634,3364,17975,19789,287,60,5,9,0,0,0,0,-2634,-3364,2026-09-19 16:21:19,"Twisted Fate, Kindred, Xerath, Aatrox, Nautilus","Heimerdinger, Shaco, Ezreal, Zoe",Chogath,Graves,Irelia,Nilah,Neeko,Jayce,LeeSin,Ekko,Kaisa,Leona,VN2
VN2_1578058413,16.18.817.5716,945,0,15736,18756,232,60,2,14,0,0,0,0,-5164,-2219,20900,20975,251,74,14,2,1,0,3,0,5164,2219,2026-09-19 16:21:22,"Nilah, Locke, Elise, Qiyana","LeBlanc, Caitlyn, Jayce, Rell, Sylas",Ambessa,LeeSin,Azir,Yasuo,Alistar,Renekton,Viego,Viktor,Zeri,Morgana,VN2
VN2_1583308500,16.18.817.5716,1876,0,19402,20060,243,61,9,12,1,0,3,0,-592,296,19994,19764,244,59,12,9,0,0,0,0,592,-296,2026-09-19 16:21:26,"Ambessa, Yasuo, Graves","Nidalee, Locke, Sylas",Yone,Viego,Taliyah,Kaisa,Sona,Malphite,Gragas,Zed,Kalista,Thresh,VN2
VN2_1579618593,16.18.817.5716,912,0,18405,19015,224,76,7,12,1,0,0,0,-1635,-1324,20040,20339,229,61,12,7,0,0,3,0,1635,1324,2026-09-19 16:21:29,"Zoe, Shaco, Ezreal, Graves, Locke","Zed, Yuumi, Seraphine, LeBlanc, Ambessa",Gwen,Khazix,Qiyana,Caitlyn,Leona,Shen,Taliyah,Katarina,Kaisa,Janna,VN2
VN2_1576261480,16.18.815.9717,2586,0,18500,20945,290,68,5,6,0,0,0,0,1319,726,17181,20219,245,72,6,5,1,0,3,0,-1319,-726,2026-09-19 16:21:33,"Locke, Graves, Malphite","LeBlanc, Rek'Sai, Pyke, Nautilus, Urgot",Jayce,Viego,Veigar,Tristana,Alistar,Skarner,Nidalee,Zoe,Jhin,Leona,VN2
VN2_1579695557,16.18.817.5716,1683,0,20622,19986,245,68,12,4,0,0,2,0,4207,2140,16415,17846,217,62,4,12,1,0,1,0,-4207,-2140,2026-09-19 16:21:36,"Locke, Naafiri, Lucian, Poppy","LeBlanc, Tryndamere, Camille, Jayce, Locke",Cassiopeia,Talon,Viktor,Yunara,Leona,Zed,MonkeyKing,Syndra,Sivir,Bard,VN2
VN2_1583281784,16.18.817.5716,1667,0,17240,18826,246,66,6,8,0,0,3,0,-642,-584,17882,19410,232,64,8,6,1,0,0,0,642,584,2026-09-19 16:21:40,"Bard, Akali, Nautilus, Pyke, Ambessa","Nilah, Katarina, Locke, Leona, Shaco",Kalista,LeeSin,Ekko,Ashe,Seraphine,Malphite,Graves,Sylas,Kaisa,Milio,VN2
VN2_1583078195,16.18.817.5716,916,0,16398,17594,246,53,3,15,0,0,1,0,-3951,-2365,20349,19959,209,70,15,3,1,0,1,0,3951,2365,2026-09-19 16:21:43,"Heimerdinger, Wukong, Nautilus, LeBlanc","Blitzcrank, Mel, Twitch, Tryndamere",Camille,Naafiri,TwistedFate,Lucian,Nami,Ambessa,JarvanIV,Locke,MissFortune,Seraphine,VN2
VN2_1566968038,16.17.810.4348,1358,1,20500,20516,256,66,10,5,0,0,3,0,3294,1767,17206,18749,250,63,5,10,1,0,0,0,-3294,-1767,2026-09-19 16:21:47,"Poppy, Gwen, Nilah","Xerath, Mordekaiser, Vladimir, Mel",KSante,Nidalee,TwistedFate,Aphelios,Pantheon,Varus,Nocturne,Zoe,Corki,Karma,VN2
VN2_1578664385,16.18.817.5716,1262,0,18616,19441,249,62,9,15,1,0,0,0,-3065,-2090,21681,21531,234,79,15,9,0,0,3,0,3065,2090,2026-09-19 16:21:51,"LeBlanc, Zoe, Pyke, Elise","Ashe, Tryndamere, LeBlanc, Hecarim",Ambessa,LeeSin,Brand,Ezreal,Seraphine,Zed,Talon,Diana,Yunara,Lulu,VN2
VN2_1577693324,16.18.816.5012,1988,1,17828,18707,228,67,7,8,0,0,1,0,61,377,17767,18330,212,58,8,7,0,0,2,0,-61,-377,2026-09-19 16:21:55,"Nautilus, Ezreal, LeBlanc, Graves","Jayce, Yuumi, Graves, Zoe, Pyke",Nasus,Sylas,Talon,Tristana,Taric,KSante,LeeSin,Qiyana,Syndra,Sona,VN2
VN2_1584993183,16.18.817.5716,2111,1,18702,19676,242,56,11,6,0,0,0,0,690,1035,18012,18641,267,56,6,11,1,0,3,0,-690,-1035,2026-09-19 16:21:58,"Ezreal, Lulu, Locke, Teemo","Irelia, LeBlanc, Elise",Aatrox,LeeSin,Cassiopeia,Jinx,Velkoz,Jayce,Qiyana,Ryze,Xayah,Sylas,VN2
VN2_1581620394,16.18.817.5716,1507,1,18245,18813,221,54,10,6,0,0,3,0,-71,-434,18316,19247,232,70,6,10,0,0,0,0,71,434,2026-09-19 16:22:01,"Taliyah, Nasus, Locke, Lee Sin, Pyke","Viktor, Ambessa, LeBlanc, Bel'Veth, Blitzcrank",Rumble,Talon,Sylas,Zeri,Yuumi,Tryndamere,Chogath,Anivia,Kaisa,Leona,VN2
VN2_1575007431,16.17.810.4348,1514,0,20647,20570,258,72,10,9,1,0,0,0,931,714,19716,19856,240,74,9,10,0,0,3,0,-931,-714,2026-09-19 16:22:05,"Lee Sin, Pyke, Graves, Akali, Yasuo","Lissandra, Renekton, Locke, Bel'Veth",Irelia,Qiyana,TwistedFate,Yunara,Lulu,Riven,Rumble,Sylas,Zeri,Bard,VN2
VN2_1574036331,16.17.810.4348,1646,1,20302,18709,225,73,12,11,1,0,1,0,1078,-1131,19224,19840,271,56,11,12,0,0,2,0,-1078,1131,2026-09-19 16:22:09,Akali,"Lucian, Malphite, Viktor",Yasuo,LeeSin,Taliyah,Kaisa,Poppy,Yone,Talon,Lissandra,Kalista,Lulu,VN2
VN2_1579222128,16.18.817.5716,1801,1,20833,22909,264,80,12,2,0,0,3,0,4981,3618,15852,19291,255,66,2,12,1,0,0,0,-4981,-3618,2026-09-19 16:22:12,"Caitlyn, LeBlanc, Ambessa, Lee Sin, Ryze","Lucian, Zoe, Yuumi, Jax",Gragas,Briar,Ahri,Ezreal,Soraka,KSante,Nocturne,Orianna,Kaisa,Pyke,VN2
VN2_1583901600,16.18.817.5716,1830,1,19551,18387,237,70,11,8,1,0,3,0,240,-423,19311,18810,260,52,8,11,0,0,0,0,-240,423,2026-09-19 16:22:15,"Jax, Katarina, Rengar, Sylas, Talon","Quinn, Yuumi, Graves, Leona, Jax",Jayce,MasterYi,Locke,Lucian,Nautilus,Irelia,Khazix,Syndra,Kalista,Camille,VN2
VN2_1583950036,16.18.817.5716,1695,1,17604,19023,220,63,6,9,0,0,0,0,-2155,-1720,19759,20743,269,66,9,6,1,0,3,0,2155,1720,2026-09-19 16:22:19,"Nilah, Kindred, Soraka, Jayce, Syndra","Evelynn, Hecarim, Pyke, Yorick",Mordekaiser,Graves,Lissandra,Yasuo,Nautilus,Rumble,LeeSin,Viktor,Jhin,Rell,VN2
VN2_1578577982,16.18.817.5716,2299,0,19563,19988,243,66,9,9,0,0,1,0,133,-83,19430,20071,263,64,9,9,0,0,2,0,-133,83,2026-09-19 16:22:22,"Nasus, Locke, Thresh, Viktor, Hecarim","Viktor, Jax, Yuumi, Rell",Rumble,Jayce,Leblanc,Caitlyn,Karma,Irelia,Talon,Zoe,Zeri,Seraphine,VN2
VN2_1584544744,16.18.817.5716,927,0,15786,16323,231,33,4,13,0,0,0,0,-5251,-5995,21037,22318,256,93,13,4,0,0,3,0,5251,5995,2026-09-19 16:22:26,"Zoe, Shaco, Katarina, Viktor, Tryndamere","Sylas, Pyke, Zed, Zoe, Jayce",Aatrox,Graves,Annie,Ezreal,Janna,Ambessa,Hecarim,Ryze,Jinx,Lulu,VN2
VN2_1573568600,16.17.810.4348,1627,0,18167,18942,226,54,9,18,0,0,0,0,-3587,-3592,21754,22534,254,74,18,9,0,0,3,0,3587,3592,2026-09-19 16:22:29,"Sylas, Rell, Yuumi","Caitlyn, Zoe, Lucian",Malphite,LeeSin,Akali,Jinx,Blitzcrank,Illaoi,Graves,Orianna,Kaisa,Shen,VN2
VN2_1568710279,16.17.810.4348,1115,0,18708,19068,269,54,7,13,0,0,3,0,-1687,-757,20395,19825,242,59,13,7,1,0,0,0,1687,757,2026-09-19 16:22:33,"Yuumi, Braum, Heimerdinger, Locke",Qiyana,Camille,Viego,Galio,Lucian,Pyke,Skarner,MonkeyKing,TwistedFate,Kaisa,Pantheon,VN2
VN2_1572895626,16.17.810.4348,1851,0,20344,19946,269,60,12,8,1,0,3,0,1790,721,18554,19225,254,53,8,12,0,0,0,0,-1790,-721,2026-09-19 16:22:36,"Graves, Mel","Nasus, Karthus, Nautilus, Locke",Jax,RekSai,Sylas,Jhin,Karma,Gwen,LeeSin,Zed,Ezreal,Seraphine,VN2
VN2_1579978664,16.18.817.5716,1470,0,19609,20236,247,80,11,7,0,0,2,0,1078,630,18531,19606,240,78,7,11,1,0,1,0,-1078,-630,2026-09-19 16:22:40,"Locke, Lee Sin, Bard, Kindred","Yasuo, Aurora, Shaco, Yuumi",Malphite,Evelynn,Zoe,Yunara,Lulu,Sylas,Qiyana,Katarina,Lucian,Thresh,VN2
VN2_1575543810,16.17.810.4348,1583,0,15847,20305,243,88,1,4,0,0,3,0,-1716,-509,17563,20814,280,80,4,1,1,0,0,0,1716,509,2026-09-19 16:22:43,"Lee Sin, Yuumi, Aatrox","Locke, Qiyana, Yuumi, Pyke, Heimerdinger",RekSai,Viego,Corki,Xerath,Nami,Ambessa,Zyra,Viktor,Aphelios,Lulu,VN2
VN2_1583101131,16.18.817.5716,1345,1,19531,21031,268,74,9,4,0,0,3,0,2786,855,16745,20176,261,68,4,9,1,0,0,0,-2786,-855,2026-09-19 16:22:47,"Cho'Gath, Lee Sin, Soraka, Jayce","Kindred, Tryndamere, Braum, Sylas, LeBlanc",Singed,Evelynn,Ahri,Lucian,Rakan,Aatrox,Viego,Orianna,Ezreal,Alistar,VN2
VN2_1575505099,16.17.810.4348,1749,1,18409,18793,262,64,7,6,1,0,0,0,245,194,18164,18599,247,62,6,7,0,0,3,0,-245,-194,2026-09-19 16:22:52,"Talon, Ambessa, Pyke, LeBlanc","Graves, Zed, Ezreal, Jax, Pyke",Chogath,LeeSin,Viktor,Kaisa,Leona,Yone,Nidalee,Galio,AurelionSol,Janna,VN2
VN2_1582955009,16.18.817.5716,923,0,16900,19083,240,66,4,9,0,0,3,0,-2340,-1885,19240,20968,293,64,9,4,1,0,0,0,2340,1885,2026-09-19 16:22:55,"Zoe, Qiyana, Locke, Sylas","Lee Sin, Gnar, Pyke, Nidalee",Pantheon,Naafiri,Corki,Yunara,Alistar,KSante,Evelynn,Ryze,Lucian,Milio,VN2
VN2_1573421471,16.17.810.4348,1779,0,16273,18682,236,70,4,7,1,0,1,0,-2727,-1656,19000,20338,288,59,7,4,0,0,2,0,2727,1656,2026-09-19 16:22:59,"Bard, Blitzcrank, Aatrox, Qiyana","Lee Sin, Cho'Gath, Caitlyn, Qiyana, Morgana",Urgot,Nidalee,Locke,Lucian,Alistar,Kennen,Viego,Cassiopeia,Aphelios,Thresh,VN2
VN2_1582378486,16.18.817.5716,1339,1,19092,19697,244,72,9,4,1,0,3,0,3250,1716,15842,17981,213,48,4,9,0,0,0,0,-3250,-1716,2026-09-19 16:23:03,"Ezreal, Aatrox, Taliyah, Malphite","Hwei, Jhin, Jayce, Yunara, Yasuo",Swain,Talon,Galio,Tristana,Leona,Zed,Naafiri,Katarina,Kaisa,Yuumi,VN2
VN2_1580743446,16.18.817.5716,920,1,20451,21321,249,74,9,3,0,0,3,0,4115,3134,16336,18187,240,63,3,9,1,0,0,0,-4115,-3134,2026-09-19 16:23:06,"Vayne, Qiyana, Jax, Locke","Rek'Sai, Kindred, Nilah",Darius,MasterYi,TwistedFate,Yunara,Soraka,Zoe,Skarner,Zed,Aphelios,Thresh,VN2
VN2_1571577246,16.17.810.4348,1624,0,19357,17607,187,64,12,16,0,0,1,0,-1234,-1890,20591,19497,219,81,16,12,0,0,2,0,1234,1890,2026-09-19 16:23:10,"LeBlanc, Nilah, Viktor, Bel'Veth, Gnar","Olaf, Zoe, Locke, Sett, Zilean",Ambessa,Qiyana,Lux,Kaisa,Lulu,Darius,Khazix,Ekko,Lucian,Nami,VN2
VN2_1581816634,16.18.817.5716,1442,0,17790,18686,236,80,5,13,0,0,0,0,-2719,-1968,20509,20654,265,61,13,5,1,0,3,0,2719,1968,2026-09-19 16:23:13,"Sivir, Katarina, Irelia","Nautilus, Katarina, Poppy, Vel'Koz, Jax",Chogath,Shaco,Yone,Heimerdinger,Alistar,Olaf,Zac,Locke,Tristana,Rell,VN2
VN2_1576108942,16.18.815.9717,2008,0,19567,19097,227,62,11,4,0,0,1,0,3516,2010,16051,17087,215,56,4,11,0,0,2,0,-3516,-2010,2026-09-19 16:23:16,"Kindred, Karma, Viktor, Cho'Gath","Aatrox, Viktor, Yuumi, Pyke",Jayce,LeeSin,Vladimir,Jinx,Janna,Malphite,Talon,Elise,Yunara,Lulu,VN2
VN2_1577212607,16.18.816.5012,1553,1,19978,20127,260,60,11,8,0,0,3,0,1950,1849,18028,18278,215,62,8,11,1,0,0,0,-1950,-1849,2026-09-19 16:23:20,"Locke, Blitzcrank, Ambessa","Darius, LeBlanc, Locke, Poppy",Trundle,Sylas,Yasuo,Zeri,Yuumi,Pantheon,Zac,Zoe,Yunara,Lulu,VN2
VN2_1579904118,16.18.817.5716,1937,0,21143,20034,219,60,14,10,1,0,0,0,2099,1357,19044,18677,239,64,10,14,0,0,2,0,-2099,-1357,2026-09-19 16:23:24,"Twisted Fate, Viktor, Seraphine, Tryndamere, Mel","Nasus, Kayn, Leona, Zoe",KSante,Graves,Locke,Twitch,Karma,Vayne,Qiyana,Akali,Kaisa,Nami,VN2
VN2_1575699779,16.17.810.4348,2129,1,21824,22044,235,75,18,10,1,0,2,0,2858,3446,18966,18598,231,45,10,18,0,0,1,0,-2858,-3446,2026-09-19 16:23:29,"Locke, Twisted Fate, Zoe, Yunara","Cho'Gath, Syndra, Locke",Tryndamere,Shaco,Ahri,Velkoz,Braum,Akali,RekSai,Diana,Kalista,Thresh,VN2
VN2_1568616887,16.17.810.4348,1409,0,17089,19222,222,60,6,10,0,0,0,0,-3451,-2039,20540,21261,258,75,10,6,1,0,3,0,3451,2039,2026-09-19 16:23:32,"Akali, Lee Sin, Olaf","Bard, LeBlanc, Zoe, Pyke, Jax",Galio,Vi,Hwei,Jinx,Thresh,Warwick,Taliyah,Talon,Aphelios,Alistar,VN2
VN2_1583128419,16.18.817.5716,913,0,17085,18950,193,68,6,12,0,0,1,0,-3255,-1361,20340,20311,239,72,12,6,1,0,2,0,3255,1361,2026-09-19 16:23:36,"Evelynn, Aatrox, Morgana, Locke, Bard","Shaco, Heimerdinger, Katarina, Naafiri",Sett,Chogath,Yone,Kalista,Thresh,Jayce,LeeSin,Sylas,Aphelios,Alistar,VN2
VN2_1574569260,16.17.810.4348,1640,1,20829,20323,272,54,12,7,1,0,3,0,2272,752,18557,19571,250,71,7,12,0,0,0,0,-2272,-752,2026-09-19 16:23:40,"Pyke, Jayce, Locke, Karma","Vex, Yuumi, Blitzcrank, Illaoi, Evelynn",Udyr,Vi,Akali,Kaisa,Annie,Galio,Diana,Yasuo,Ezreal,Gragas,VN2
VN2_1572371898,16.17.810.4348,1847,0,17471,18452,239,66,5,10,0,0,1,0,-2062,-1837,19533,20289,246,78,10,5,1,0,1,0,2062,1837,2026-09-19 16:23:45,"Ezreal, Katarina, Mel, Heimerdinger, Malphite","Jayce, Lucian, Yuumi",Vayne,Vi,TwistedFate,Kaisa,Alistar,Singed,LeeSin,Locke,Yunara,Morgana,VN2
VN2_1583341598,16.18.817.5716,1834,0,17411,19057,257,60,7,9,0,0,0,0,-1676,-948,19087,20005,236,76,9,7,1,0,0,0,1676,948,2026-09-19 16:23:48,"LeBlanc, Thresh, Nidalee, Yone, Tryndamere","Hecarim, Rumble, Zoe, Katarina",Aatrox,Graves,Locke,Lucian,Lulu,Zaahen,Qiyana,Sylas,Kalista,Pyke,VN2
VN2_1564131592,16.17.810.4348,1673,0,20265,19738,238,66,12,13,0,0,1,0,-1318,-1907,21583,21645,276,78,13,12,1,0,2,0,1318,1907,2026-09-19 16:23:52,"Caitlyn, Vi, LeBlanc, Ambessa, Poppy","Akali, Zed, Aurora, Yuumi",Yasuo,RekSai,Locke,Zeri,Morgana,Yone,Zyra,Jayce,Jhin,Zoe,VN2
VN2_1583287887,16.18.817.5716,1834,0,16370,18437,193,80,5,11,0,0,2,0,-2752,-1069,19122,19506,241,58,11,5,1,0,1,0,2752,1069,2026-09-19 16:23:56,"Lucian, Lee Sin, Jayce, Pyke","Shaco, Kindred, Locke, Jayce, Viktor",Sett,Chogath,Leblanc,Sivir,Soraka,Ambessa,Viego,Cassiopeia,Varus,Lulu,VN2
VN2_1580675759,16.18.817.5716,1526,1,18129,20779,263,79,5,4,0,0,2,0,1742,1443,16387,19336,233,74,4,5,1,0,1,0,-1742,-1443,2026-09-19 16:23:59,"Evelynn, Nautilus, Naafiri, Malphite","Sylas, Nidalee, Rumble, Tryndamere, Xerath",Jax,Qiyana,Viktor,Jinx,Thresh,Aatrox,Chogath,Annie,Yone,Rell,VN2
VN2_1576582901,16.18.815.9717,1750,1,18893,19732,243,62,9,7,0,0,3,0,-215,142,19108,19590,260,72,7,9,1,0,0,0,215,-142,2026-09-19 16:24:03,"Viktor, Seraphine, Vayne, Zoe, Naafiri","Mel, Pyke, Locke, Lulu",Malphite,Sylas,Leblanc,Kaisa,Karma,Sion,JarvanIV,TwistedFate,Aphelios,Rakan,VN2
VN2_1577096979,16.18.816.5012,978,0,17642,19407,236,71,5,7,0,0,0,0,-666,-986,18308,20393,266,70,7,5,1,0,3,0,666,986,2026-09-19 16:24:06,"Soraka, Viktor, Yuumi, Lee Sin","Mel, Pyke, Yuumi, LeBlanc, Bel'Veth",Ornn,Kindred,Zoe,Ezreal,Seraphine,Rumble,Pantheon,Hwei,Kaisa,Thresh,VN2
VN2_1579662894,16.18.817.5716,1372,0,16841,17859,201,66,5,10,0,0,0,0,-2516,-1220,19357,19079,235,63,10,5,0,0,3,0,2516,1220,2026-09-19 16:24:10,"Talon, Lissandra, Malphite, Hecarim, Naafiri","Seraphine, Jax, Lulu, Akali, Qiyana",Vayne,Graves,Nasus,Ziggs,Hwei,Volibear,Kayn,Ekko,Jhin,Nami,VN2
VN2_1569244919,16.17.810.4348,1933,1,18529,19863,268,70,7,11,0,0,3,0,-994,620,19523,19243,232,64,11,7,1,0,0,0,994,-620,2026-09-19 16:24:13,"Viktor, Aatrox, Zilean, Lee Sin","Morgana, Lee Sin, Malzahar, Ambessa, Pyke",Rumble,Nasus,Lissandra,Zeri,Lulu,Garen,Kindred,Katarina,Zed,Leona,VN2
VN2_1581212628,16.18.817.5716,1688,0,19009,19999,254,63,8,8,0,0,0,0,-182,-215,19191,20214,257,74,8,8,1,0,3,0,182,215,2026-09-19 16:24:17,"Hecarim, Seraphine, Illaoi, Locke, Zoe","Lucian, Pyke, Bel'Veth, Graves",Camille,Taliyah,Zed,Jinx,Thresh,Akali,LeeSin,Akshan,Yunara,Lulu,VN2
VN2_1582667716,16.18.817.5716,1889,1,18284,19409,227,74,7,10,1,0,3,0,-1144,-95,19428,19504,229,52,10,7,0,0,0,0,1144,95,2026-09-19 16:24:21,"Zoe, Shaco, Kindred, Tryndamere, Sivir","Evelynn, Zoe, Talon, Yuumi, Irelia",Ambessa,Pantheon,Sylas,Mel,Bard,Chogath,LeeSin,Katarina,Yunara,Lulu,VN2
VN2_1581316098,16.18.817.5716,1594,1,21390,22546,264,78,14,5,1,0,3,0,4016,3679,17374,18867,232,80,5,14,0,0,0,0,-4016,-3679,2026-09-19 16:24:24,"Malphite, Nautilus, Bard, Kai'Sa, Ambessa","Nasus, Zilean, Kindred, Caitlyn",Renekton,Talon,Twitch,Xayah,Hwei,DrMundo,Karthus,Irelia,Samira,Alistar,VN2
VN2_1584934752,16.18.817.5716,1355,0,18336,19483,256,58,5,5,0,0,3,0,831,-843,17505,20326,259,71,5,5,0,0,0,0,-831,843,2026-09-19 16:24:28,"Graves, Caitlyn, Qiyana, Pyke","Pyke, Shaco, Xerath, Locke",Kennen,Jayce,Ziggs,Jinx,Soraka,Veigar,Kayn,Viktor,Jhin,Milio,VN2
VN2_1577724813,16.18.816.5012,1567,1,18329,20250,237,61,7,10,0,0,1,0,-1494,-622,19823,20872,267,64,10,7,1,0,2,0,1494,622,2026-09-19 16:24:31,"Gnar, Zeri, Fizz","Evelynn, Ezreal, Viktor, Kindred",Zaahen,Jayce,TwistedFate,Nilah,Taric,Irelia,Ambessa,Cassiopeia,Draven,Pyke,VN2
VN2_1579740831,16.18.817.5716,1607,1,19996,20069,243,66,11,8,0,0,3,0,550,-215,19446,20284,268,84,8,11,1,0,0,0,-550,215,2026-09-19 16:24:34,"Malphite, Ezreal, Leona, Zoe","Lee Sin, Tryndamere, Ziggs, Locke, Zed",Jax,Talon,Lux,Corki,Velkoz,Yasuo,Hecarim,Viktor,Lucian,Milio,VN2
VN2_1583260319,16.18.817.5716,1793,1,19175,20056,214,70,11,11,0,0,3,0,-970,-1451,20145,21507,273,72,11,11,0,0,0,0,970,1451,2026-09-19 16:24:38,"Qiyana, Sylas, Zed, Zoe, Jayce","Sylas, Lee Sin",Volibear,Hecarim,Locke,Kaisa,Karma,Jax,Evelynn,Yasuo,Ezreal,Neeko,VN2
VN2_1572975288,16.17.810.4348,920,0,16523,19020,241,82,3,9,1,0,3,0,-1289,336,17812,18684,229,52,9,3,0,0,0,0,1289,-336,2026-09-19 16:24:41,"Locke, Syndra, Heimerdinger, Kindred","Pantheon, Karthus, Kindred, Jayce, Cassiopeia",Renekton,Nidalee,Ahri,Yunara,Rakan,KSante,LeeSin,Aurora,Kaisa,Pyke,VN2
VN2_1580976025,16.18.817.5716,1895,1,16586,18813,219,64,5,12,0,0,0,0,-3865,-3137,20451,21950,255,81,12,5,1,0,3,0,3865,3137,2026-09-19 16:24:45,"Pyke, Graves, LeBlanc, Kindred, Jax","Pyke, Malphite, Yunara",Skarner,MasterYi,Zoe,Kaisa,Nautilus,Quinn,JarvanIV,Locke,Aphelios,Lux,VN2
VN2_1574975367,16.17.810.4348,1963,1,20614,21725,278,84,10,9,0,0,2,0,1078,2175,19536,19550,257,62,9,10,1,0,1,0,-1078,-2175,2026-09-19 16:24:48,"Qiyana, Nasus, Zoe, Locke, Graves","Katarina, LeBlanc, Zoe, Jayce, Caitlyn",Yone,Viego,TwistedFate,Velkoz,Leona,Gragas,Nidalee,Talon,Yunara,Blitzcrank,VN2
VN2_1582413636,16.18.817.5716,1698,1,20099,22686,269,84,10,7,1,0,1,1,1539,2867,18560,19819,270,56,7,10,0,0,2,0,-1539,-2867,2026-09-19 16:24:52,"Xerath, Ezreal, Jayce, Hecarim, Caitlyn","Zed, Renekton, Shyvana",Irelia,Qiyana,Galio,Zeri,Taric,Yasuo,LeeSin,Syndra,Yunara,Lulu,VN2
VN2_1583365969,16.18.817.5716,1649,1,20305,20101,217,72,16,8,1,0,3,0,1546,2873,18759,17228,203,64,8,16,0,0,0,0,-1546,-2873,2026-09-19 16:24:57,"Rumble, Kindred, Morgana, Zoe","Seraphine, Mel",Zaahen,Chogath,Sylas,Ezreal,Karma,Akali,Viego,TwistedFate,Corki,Pyke,VN2
VN2_1579197308,16.18.817.5716,2072,1,19886,18593,199,82,11,13,0,0,3,0,393,-312,19493,18905,225,48,13,11,0,0,0,0,-393,312,2026-09-19 16:25:02,"Kindred, Nasus, Lulu, Kai'Sa","Rell, Caitlyn, Zoe, Bel'Veth, Locke",Malphite,Karthus,Tristana,Twitch,Yuumi,Sylas,LeeSin,Katarina,Ashe,Soraka,VN2
VN2_1568387172,16.17.810.4348,956,1,21566,20208,250,48,18,4,1,0,0,0,4815,1856,16751,18352,225,70,4,18,0,0,3,0,-4815,-1856,2026-09-19 16:25:07,"Braum, Yasuo, Yone, Graves","Twisted Fate, Naafiri, Locke, Thresh, Lee Sin",Urgot,XinZhao,Akshan,Lux,Camille,Irelia,Jayce,Taliyah,Kaisa,Bard,VN2
VN2_1562735429,16.17.810.4348,1938,1,21034,20129,254,72,14,11,1,0,2,0,606,-219,20428,20348,275,65,11,14,0,0,1,0,-606,219,2026-09-19 16:29:11,"Syndra, Zoe, Kindred, Renekton","Lucian, Thresh, Zoe, Jayce, Naafiri",Riven,Graves,Lissandra,Kaisa,Rell,Zaahen,Nidalee,Cassiopeia,Varus,Pyke,VN2
VN2_1566524147,16.17.810.4348,1492,1,21914,18643,205,58,17,11,0,0,1,0,2105,-590,19809,19233,234,67,11,17,1,0,2,0,-2105,590,2026-09-19 16:29:15,"Malphite, Lux, Naafiri, Zoe, Amumu","Zoe, Caitlyn, Ezreal, Graves, Jayce",Jax,LeeSin,Sylas,Kalista,Elise,Kennen,Nidalee,Qiyana,Kaisa,Shen,VN2
VN2_1574529988,16.17.810.4348,2267,0,15922,19470,246,69,3,8,0,0,1,0,-3371,-783,19293,20253,280,56,8,3,0,0,2,0,3371,783,2026-09-19 16:29:19,"Ezreal, Blitzcrank, Locke, Graves","Qiyana, Ambessa, Lucian, Lissandra",KSante,RekSai,Galio,Kaisa,Shen,Vayne,MonkeyKing,TwistedFate,Xayah,Camille,VN2
VN2_1579462310,16.18.817.5716,1768,1,18028,20781,250,78,8,5,1,0,1,0,374,407,17654,20374,265,63,5,8,0,0,2,0,-374,-407,2026-09-19 16:29:23,"Seraphine, Zoe, Graves, Malphite","Xerath, Volibear, Naafiri, Pyke",Smolder,Chogath,Gwen,Kaisa,Camille,Sion,LeeSin,Tristana,Lux,Nami,VN2
VN2_1579195471,16.18.817.5716,930,0,18009,18099,206,70,7,12,0,0,3,0,-3475,-944,21484,19043,252,64,12,7,1,0,0,1,3475,944,2026-09-19 16:29:26,"Zoe, Katarina, Lucian, Mel, Heimerdinger","Graves, Bard, Locke, Yuumi",Shen,Trundle,Sylas,Xayah,Pyke,Kled,Chogath,Ryze,Tristana,Soraka,VN2
VN2_1579523314,16.18.817.5716,915,0,15594,17284,215,56,4,17,0,0,0,0,-6857,-4437,22451,21721,261,66,17,4,0,0,3,0,6857,4437,2026-09-19 16:29:29,"Lissandra, Ezreal, Viktor, Braum, Sylas","Lee Sin, Darius, Ezreal, Viktor",Malphite,Diana,Yasuo,Yunara,Thresh,Jayce,Qiyana,Ryze,MasterYi,Pyke,VN2
VN2_1578508553,16.18.817.5716,1218,1,19895,20429,272,64,8,10,1,0,0,0,1568,759,18327,19670,186,73,10,8,0,0,3,0,-1568,-759,2026-09-19 16:29:33,"Kindred, Pyke, Bel'Veth, Nilah, LeBlanc","Zoe, Irelia, Yuumi, Soraka",Karthus,Nidalee,Pantheon,Caitlyn,Senna,Camille,Qiyana,Locke,Lucian,Nami,VN2
VN2_1566465469,16.17.810.4348,1648,0,18489,20388,273,62,7,8,0,0,3,0,759,2327,17730,18061,217,60,8,7,1,0,0,0,-759,-2327,2026-09-19 16:29:37,"Zoe, Malphite, Xerath, Amumu, Nautilus","Briar, Ezreal, Pyke",Renekton,LeeSin,Viktor,Jinx,Lulu,Aatrox,FiddleSticks,Locke,Kaisa,Shen,VN2
VN2_1570994083,16.17.810.4348,1877,1,20204,19542,252,64,10,9,1,0,0,0,917,487,19287,19055,248,66,9,10,0,0,3,0,-917,-487,2026-09-19 16:29:40,"Ezreal, Camille, Zoe","Ezreal, Rengar, Naafiri, Malphite, Xerath",Jayce,Talon,TwistedFate,Corki,Velkoz,Tryndamere,Qiyana,Viktor,Twitch,Taric,VN2
VN2_1574502229,16.17.810.4348,2282,0,16718,17869,211,62,6,8,0,0,1,0,-2040,-3350,18758,21219,253,80,8,6,1,0,2,0,2040,3350,2026-09-19 16:29:43,"Shaco, Caitlyn, Yuumi, Locke","Lissandra, Xerath, Lucian, Graves, Yuumi",Galio,Hecarim,Orianna,Yunara,Lulu,Gragas,Shyvana,Syndra,Varus,Shen,VN2
VN2_1570961242,16.17.810.4348,1704,0,17340,17316,218,56,8,10,0,0,2,0,-1718,-1837,19058,19153,256,63,10,8,1,0,1,0,1718,1837,2026-09-19 16:29:47,"Locke, Jayce, Ashe, Graves, Zoe","Irelia, LeBlanc, Yuumi, Bel'Veth, Lucian",Gwen,Shyvana,Lux,Kaisa,Lulu,Ambessa,Kindred,Talon,Viktor,Pyke,VN2
VN2_1580451950,16.18.817.5716,2055,0,20314,21211,245,69,12,9,0,0,3,0,1046,444,19268,20767,256,74,9,12,1,0,0,0,-1046,-444,2026-09-19 16:29:51,"Sylas, Syndra, Irelia, Seraphine","Lissandra, Hecarim, Lucian, Jayce, Ezreal",Skarner,Taliyah,Anivia,Jhin,Thresh,Gwen,MasterYi,Zed,Viktor,Rell,VN2
VN2_1579931774,16.18.817.5716,1638,1,18691,18216,249,54,8,7,0,0,2,0,991,-563,17700,18779,244,55,7,8,1,0,1,0,-991,563,2026-09-19 16:29:54,"Morgana, Jayce, Zed, Lee Sin","Bard, Sivir",Olaf,Hecarim,Galio,Kaisa,Leona,Camille,Graves,Ryze,Heimerdinger,Rell,VN2
VN2_1566418167,16.17.810.4348,1797,0,16792,19499,223,70,4,6,0,0,3,0,-1921,-1695,18713,21194,282,80,6,4,1,0,0,0,1921,1695,2026-09-19 16:29:58,"Nasus, Poppy, Kindred, Akshan, Leona","Nautilus, Zoe, Ezreal",Zed,Sion,Kassadin,Draven,Camille,Akali,LeeSin,Locke,Lucian,Shen,VN2
VN2_1575989055,16.18.815.9717,988,0,18030,19976,263,70,7,11,1,0,0,0,-1070,944,19100,19032,215,77,11,7,0,0,3,0,1070,-944,2026-09-19 16:30:02,"Locke, Morgana, Elise","Lee Sin, Zoe, Olaf, Pyke, Locke",Aatrox,MonkeyKing,Akali,Varus,Thresh,Darius,Chogath,Katarina,Kalista,Alistar,VN2
VN2_1579895534,16.18.817.5716,1632,0,17608,20878,247,86,5,6,1,0,0,0,21,1708,17587,19170,251,66,6,5,0,0,3,0,-21,-1708,2026-09-19 16:30:06,"Zoe, Karthus, Zac, Akali, Nautilus","Janna, Poppy, Qiyana, Vayne",Ornn,Viego,Viktor,Taliyah,Shaco,Yone,RekSai,Ryze,Corki,Nami,VN2
VN2_1583436331,16.18.817.5716,913,0,15390,17970,227,64,3,17,0,0,0,0,-5904,-4077,21294,22047,245,72,17,3,1,0,3,0,5904,4077,2026-09-19 16:30:09,"Tryndamere, Morgana, Malphite, Locke, LeBlanc","Rumble, Yuumi, Ezreal, Lee Sin",Aatrox,Rengar,Zed,Viktor,Rell,Zaahen,Naafiri,Kennen,Yunara,Shen,VN2
VN2_1575850108,16.17.810.4348,932,1,20438,21840,264,69,13,4,1,0,1,0,4697,5738,15741,16102,206,50,4,13,0,0,0,0,-4697,-5738,2026-09-19 16:30:12,"Vex, Lucian, Zoe, Galio, Lux","Vel'Koz, Viktor, Lee Sin, Leona, Zoe",Jayce,Viego,Ekko,Yunara,Shen,Kennen,Qiyana,TwistedFate,Corki,Rakan,VN2
VN2_1579416712,16.18.817.5716,1747,0,19492,20660,261,74,8,8,0,0,3,0,-234,-914,19726,21574,281,80,8,8,1,0,0,0,234,914,2026-09-19 16:30:16,"LeBlanc, Graves, Syndra, Kalista","Katarina, Lissandra, Pyke",Camille,Chogath,Anivia,Zeri,Thresh,Renekton,MasterYi,Ryze,Yunara,Milio,VN2
VN2_1561671565,16.17.810.4348,1618,1,18860,20167,239,77,8,7,0,0,3,0,1585,4013,17275,16154,200,52,7,8,0,0,0,0,-1585,-4013,2026-09-19 16:30:19,"Nasus, Locke, Renekton, Rell","Locke, Qiyana, Caitlyn, Rek'Sai, Bel'Veth",Riven,Aatrox,Galio,Jhin,Alistar,Mordekaiser,Fizz,Xerath,Kaisa,Camille,VN2
VN2_1577029897,16.18.816.5012,1744,0,18921,19187,259,73,7,6,1,0,0,0,1033,-283,17888,19470,255,72,6,7,0,0,3,0,-1033,283,2026-09-19 16:30:23,"Kindred, Soraka, Locke, Yuumi, Zoe","Zed, Graves",Irelia,LeeSin,Taliyah,Yunara,Thresh,Akali,Nocturne,Ryze,Zeri,Lulu,VN2
VN2_1574588912,16.17.810.4348,1187,0,18885,18160,235,52,13,13,0,0,0,0,-2005,-2409,20890,20569,255,48,13,13,0,0,0,0,2005,2409,2026-09-19 16:30:26,"Ambessa, Thresh, Yone, Pyke, Syndra","Nidalee, Singed, Pyke",Heimerdinger,Briar,Karthus,Caitlyn,Pantheon,KSante,JarvanIV,Orianna,Kaisa,Camille,VN2
VN2_1575999859,16.18.815.9717,922,0,17842,17057,235,56,6,14,0,0,0,0,-3186,-3604,21028,20661,230,73,14,6,1,0,3,0,3186,3604,2026-09-19 16:30:29,"Zoe, Jayce, LeBlanc, Yuumi","Evelynn, Malphite, Bel'Veth, Mel",Volibear,LeeSin,AurelionSol,Zeri,Taliyah,Akali,Jax,Nasus,Kaisa,Alistar,VN2
VN2_1573893670,16.17.810.4348,927,1,23466,21617,240,74,21,3,0,0,3,1,8465,4514,15001,17103,194,60,3,21,1,0,0,0,-8465,-4514,2026-09-19 16:30:33,"LeBlanc, Renekton, Zoe, Braum, Ashe","K'Sante, Pyke, Malphite, Zoe, Talon",Yasuo,Naafiri,Locke,TwistedFate,Pantheon,Jayce,Graves,Qiyana,Velkoz,Yuumi,VN2
VN2_1583337580,16.18.817.5716,1647,0,19923,20130,240,56,13,13,0,0,0,0,-1255,-334,21178,20464,228,74,13,13,1,0,3,0,1255,334,2026-09-19 16:30:36,"Lucian, Zed, Graves","Kindred, Lucian, Jayce, Lee Sin, Ezreal",Sett,Nocturne,Locke,Ziggs,Seraphine,Rumble,Vi,Irelia,Tristana,Pyke,VN2
VN2_1580664800,16.18.817.5716,927,0,17153,17712,229,46,5,15,0,0,0,0,-4886,-2814,22039,20526,257,73,15,5,1,0,3,0,4886,2814,2026-09-19 16:30:39,"Mel, Evelynn, Anivia, Zoe, Lux","Elise, Viktor, Zoe, Pyke, Katarina",Varus,Sylas,Zed,Zeri,Seraphine,Jayce,Chogath,Vex,Yunara,Thresh,VN2
VN2_1579168875,16.18.817.5716,923,0,18036,19276,237,66,6,12,0,0,1,0,-2021,-1161,20057,20437,232,67,12,6,1,0,2,0,2021,1161,2026-09-19 16:30:43,"Nautilus, Bel'Veth, Pyke, Kai'Sa, Nasus","Mel, Zed, Zoe, Lucian",Vladimir,Jayce,Yone,Twitch,FiddleSticks,Ornn,LeeSin,Ryze,Ezreal,Zilean,VN2
VN2_1577017144,16.18.816.5012,1239,1,21546,20840,269,77,11,6,0,0,3,0,3618,2152,17928,18688,229,66,6,11,0,0,0,0,-3618,-2152,2026-09-19 16:30:46,"Pyke, Nasus, Malzahar","Locke, Taliyah, Yuumi, LeBlanc, Nasus",Zed,Hecarim,Syndra,Sivir,Rell,Kled,LeeSin,Aurora,Zeri,Lulu,VN2
VN2_1579373497,16.18.817.5716,1577,1,17789,20690,244,72,7,8,0,0,3,0,11,1651,17778,19039,219,56,8,7,0,0,0,0,-11,-1651,2026-09-19 16:30:50,"Kindred, Ezreal, Pyke, Darius, Lissandra","Ezreal, Zed, Pyke, Ambessa",Camille,Aatrox,Yasuo,Viktor,Rell,Gangplank,Qiyana,Galio,Tristana,Seraphine,VN2
VN2_1574618611,16.17.810.4348,1357,0,18005,19774,207,75,7,13,0,0,0,0,-2001,-1348,20006,21122,266,58,13,7,0,0,3,0,2001,1348,2026-09-19 16:30:53,"Mel, Pyke, Akali, Aatrox","Olaf, Taliyah, Locke",Yone,Karthus,Pantheon,Lucian,Seraphine,Leblanc,Sylas,Zed,Aphelios,Thresh,VN2
VN2_1576556596,16.18.815.9717,2172,1,20426,20499,244,65,12,9,0,0,0,0,868,263,19558,20236,248,70,9,12,1,0,3,0,-868,-263,2026-09-19 16:30:57,"Yasuo, Thresh, Locke, Qiyana, Pyke","Qiyana, Kindred, Lucian, Locke",Ambessa,Taliyah,Lux,Tristana,Rell,Renekton,Graves,Ahri,Ezreal,Shen,VN2
VN2_1561735045,16.17.810.4348,2035,0,18064,19249,266,68,5,6,0,0,0,0,644,-540,17420,19789,245,72,6,5,1,0,3,0,-644,540,2026-09-19 16:31:00,"Blitzcrank, Jax, Yuumi, Ryze, Graves","Lee Sin, Ziggs, Bel'Veth, Ezreal, Nidalee",Yasuo,Skarner,Hwei,Yunara,Milio,Ambessa,Jayce,Malzahar,AurelionSol,Nautilus,VN2
VN2_1579326813,16.18.817.5716,1856,1,19550,20233,252,76,9,10,0,0,3,0,299,674,19251,19559,244,62,10,9,1,0,0,0,-299,-674,2026-09-19 16:31:03,"Kindred, Twitch, Pyke, Nocturne, Darius","Olaf, Qiyana, Pyke, Graves",Gwen,Karthus,Sylas,MissFortune,Briar,Galio,Chogath,Nasus,Tristana,Karma,VN2
VN2_1579386601,16.18.817.5716,1730,1,19382,20710,256,56,10,7,0,0,0,0,1973,1786,17409,18924,201,74,7,10,0,0,3,0,-1973,-1786,2026-09-19 16:31:07,"LeBlanc, Nilah, Zeri, Lee Sin, Singed","Ezreal, Qiyana, Udyr, Zed, Lucian",KSante,Nocturne,Syndra,Jhin,Alistar,Anivia,Viego,Kassadin,Aphelios,Shen,VN2
VN2_1583437956,16.18.817.5716,956,1,21093,21869,250,72,12,10,1,0,3,0,1537,1384,19556,20485,222,73,10,12,0,0,0,0,-1537,-1384,2026-09-19 16:31:10,"Diana, Kai'Sa, Elise, Yuumi, Evelynn","Zoe, Lee Sin, Morgana, Olaf, Ezreal",Ambessa,Graves,Sylas,Ahri,Seraphine,Renekton,Zyra,Zed,Lucian,Bard,VN2
KR_8378515166,16.18.817.5716,1465,0,17749,18629,242,87,4,5,0,0,3,0,542,-701,17207,19330,245,66,5,4,0,0,0,0,-542,701,2026-09-20 02:25:02,"Lee Sin, Rengar, Locke, Cassiopeia","Lulu, Yasuo, Lee Sin, Poppy, Jayce",Corki,Zyra,Katarina,Caitlyn,Karma,Teemo,Talon,Viktor,Yunara,Blitzcrank,KR
VN2_1572337757,16.17.810.4348,1528,0,20556,18630,234,46,14,12,0,0,3,0,1399,646,19157,17984,182,47,12,14,1,0,0,0,-1399,-646,2026-09-20 07:02:44,"Katarina, Sylas, Rengar, Yuumi","Ezreal, Hecarim, LeBlanc, Caitlyn, Tryndamere",Tristana,JarvanIV,Lissandra,Kaisa,Neeko,Nasus,Evelynn,Qiyana,KogMaw,Lulu,VN2
VN2_1580676704,16.18.817.5716,1843,0,17903,20302,282,68,6,2,0,0,2,0,1357,29,16546,20273,263,70,2,6,0,0,1,0,-1357,-29,2026-09-20 07:02:49,"Pyke, Qiyana, Heimerdinger, Zoe","Graves, Pyke, Yuumi, Elise, Hecarim",Rumble,Viego,Lissandra,Vayne,Shen,Aatrox,LeeSin,Syndra,Yunara,Lulu,VN2
VN2_1575112357,16.17.810.4348,926,1,19969,21580,278,80,9,4,0,0,3,0,4665,3859,15304,17721,183,59,4,9,1,0,0,0,-4665,-3859,2026-09-20 07:02:54,"Jayce, Shaco, Sivir, Naafiri","Yuumi, Zed, Sylas, Jayce, Zoe",Zaahen,Graves,Lissandra,Lux,Alistar,Ambessa,Vi,Locke,Ezreal,Zilean,VN2
VN2_1582506472,16.18.817.5716,1673,0,17216,19908,259,70,5,6,0,0,3,0,-1043,-507,18259,20415,285,72,6,5,1,0,0,0,1043,507,2026-09-20 07:02:58,Seraphine,"Locke, Graves, Yuumi, Sylas",Aatrox,Vi,Orianna,Kaisa,Lulu,Irelia,MonkeyKing,Swain,Varus,Nami,VN2
VN2_1568829056,16.17.810.4348,2421,0,18444,18083,211,65,10,11,1,0,3,0,-1051,-1546,19495,19629,228,64,11,10,0,0,0,0,1051,1546,2026-09-20 07:03:01,"Graves, LeBlanc, Lissandra, Jayce","Olaf, Milio, Viktor, Nilah",Gragas,Tryndamere,Xerath,Tristana,Alistar,Hwei,Nocturne,Akali,Lucian,Thresh,VN2
VN2_1566379994,16.17.810.4348,912,0,14781,18757,219,80,1,14,0,0,0,0,-6048,-3086,20829,21843,266,77,14,1,1,0,3,0,6048,3086,2026-09-20 07:03:05,"Locke, Thresh, Kindred, Alistar","Ambessa, Bard, Vex, Ezreal",Sion,Kayn,Syndra,Draven,Nautilus,Chogath,LeeSin,Yasuo,Viktor,Shen,VN2
VN2_1583113455,16.18.817.5716,1045,0,17977,20266,267,68,5,8,0,0,0,0,-1624,-1444,19601,21710,262,97,8,5,1,0,3,0,1624,1444,2026-09-20 07:03:08,"Nautilus, Morgana, Mel, Jarvan IV, Aatrox","Pyke, Yuumi",Zac,Qiyana,Xerath,Ezreal,Seraphine,Gragas,Hecarim,Ryze,Yunara,Thresh,VN2
VN2_1582727642,16.18.817.5716,2034,0,17675,18136,212,60,8,10,0,0,1,0,-2217,-921,19892,19057,247,69,10,8,1,0,2,0,2217,921,2026-09-20 07:03:12,"Yuumi, Hecarim, Ryze, Zoe","Tryndamere, Qiyana, Zoe, Shaco, Jax",Skarner,Nidalee,Nasus,Yunara,Rell,Aatrox,MasterYi,Galio,Zeri,Bard,VN2
VN2_1573751893,16.17.810.4348,1679,0,18968,19511,245,64,11,11,1,0,0,0,-663,-1531,19631,21042,245,74,11,11,0,0,3,0,663,1531,2026-09-20 07:03:15,"LeBlanc, Jayce, Braum, Lee Sin","Ambessa, Locke",Gwen,Graves,Ryze,Kaisa,Lulu,Jax,Viego,Anivia,Jinx,Milio,VN2
VN2_1582522679,16.18.817.5716,1537,0,20244,19328,268,58,12,14,0,0,0,0,279,-288,19965,19616,231,75,14,12,1,0,3,0,-279,288,2026-09-20 07:03:19,"Evelynn, Graves, LeBlanc, Hecarim, Camille","Nautilus, Lissandra, Zoe",Irelia,Zed,Viktor,Kaisa,Rell,Akali,Qiyana,Tristana,Jinx,Anivia,VN2
VN2_1580656967,16.18.817.5716,1687,0,17553,18343,235,50,8,13,0,0,0,0,-2459,-1092,20012,19435,218,64,13,8,1,0,3,0,2459,1092,2026-09-20 07:03:22,"Lee Sin, Qiyana, Nautilus","Tristana, Naafiri, Hecarim, Jax, Pyke",Ornn,Nocturne,Zoe,Kaisa,Rell,Sett,Khazix,Diana,Jhin,Xerath,VN2
VN2_1561086056,16.17.810.4348,1104,1,19749,18991,240,54,13,7,1,0,2,0,2794,1676,16955,17315,201,58,7,13,0,0,1,0,-2794,-1676,2026-09-20 07:03:26,"Irelia, Yuumi, Kindred, LeBlanc, Blitzcrank","Yuumi, Zoe, Nautilus, Naafiri, Irelia",Rumble,LeeSin,Aurora,Jhin,Rell,Jayce,MonkeyKing,Ahri,Lucian,Nami,VN2
VN2_1571399590,16.17.810.4348,915,1,19100,20149,254,78,7,3,1,0,3,0,3421,1736,15679,18413,256,48,3,7,0,0,0,0,-3421,-1736,2026-09-20 07:03:29,"LeBlanc, Qiyana, Aurelion Sol","LeBlanc, Yuumi, Graves",Gwen,Nidalee,Yone,Kaisa,Skarner,Jax,FiddleSticks,Fizz,Yunara,LeeSin,VN2
VN2_1582191798,16.18.817.5716,2231,0,17822,19631,246,60,6,3,0,0,2,0,1194,446,16628,19185,252,74,3,6,0,0,1,0,-1194,-446,2026-09-20 07:03:33,"Malphite, Zoe, Pyke, Thresh","Mel, Talon, Elise",Camille,Sylas,Qiyana,Xayah,Rakan,Jayce,LeeSin,Ryze,Lucian,Braum,VN2
VN2_1582540108,16.18.817.5716,1356,1,17189,18048,237,62,5,8,0,0,3,0,-2213,-1075,19402,19123,236,71,8,5,1,0,0,0,2213,1075,2026-09-20 07:03:36,"Sivir, Cho'Gath, Elise, Pyke","Taliyah, Irelia, Ambessa, Yuumi",Jayce,JarvanIV,Zoe,Heimerdinger,Rell,Aatrox,Graves,Syndra,Ezreal,Velkoz,VN2
VN2_1571439138,16.17.810.4348,1656,0,18295,20751,280,74,6,4,0,0,3,0,803,642,17492,20109,233,76,4,6,1,0,0,0,-803,-642,2026-09-20 07:03:42,"Caitlyn, Jayce, Locke, Ekko","Shaco, Hecarim, Olaf, LeBlanc, Viego",Shen,LeeSin,Ryze,Kaisa,Nautilus,Urgot,Graves,Fizz,Ezreal,Veigar,VN2
VN2_1575682432,16.17.810.4348,1616,1,19542,20295,257,67,8,3,1,0,2,0,3175,1101,16367,19194,261,62,3,8,0,0,1,0,-3175,-1101,2026-09-20 07:03:45,"Soraka, Viktor, Nautilus, K'Sante, Lee Sin","Thresh, Seraphine, Zoe, Malzahar",Yone,Qiyana,Vladimir,Jhin,Neeko,Malphite,Belveth,Yasuo,Varus,Renata,VN2
VN2_1577848965,16.18.817.5716,1361,1,20965,19278,235,66,14,7,0,0,3,0,3677,2296,17288,16982,201,59,7,14,1,0,0,0,-3677,-2296,2026-09-20 07:03:49,"Illaoi, Seraphine, Yasuo, Pyke","Caitlyn, Akali, Locke",Olaf,LeeSin,Katarina,Xayah,Thresh,Trundle,Graves,Nasus,Sylas,Braum,VN2
VN2_1571487915,16.17.810.4348,2248,0,18136,18925,240,64,7,7,1,0,0,0,-1751,-2190,19887,21115,304,74,7,7,0,0,3,0,1751,2190,2026-09-20 07:03:53,"Malphite, Zoe, Karma, LeBlanc, Lee Sin","Zoe, Braum, Pyke, Zilean",Tryndamere,Talon,Fizz,Lucian,Nami,Jax,Zed,Gwen,Yunara,Nautilus,VN2
VN2_1577102881,16.18.816.5012,1793,0,22152,19832,260,61,14,13,0,0,3,0,1831,-420,20321,20252,233,60,13,14,0,0,0,0,-1831,420,2026-09-20 07:03:57,"Malphite, Locke, Yuumi, Nautilus, Zoe","Sylas, Fiora, Karma, Evelynn",Jayce,Talon,Akali,Jhin,Nami,Ekko,JarvanIV,Katarina,Zeri,Soraka,VN2
VN2_1580696114,16.18.817.5716,810,0,18547,16508,175,72,11,15,1,0,0,0,-1978,-4203,20525,20711,247,66,15,11,0,0,3,0,1978,4203,2026-09-20 07:04:00,"Diana, Bel'Veth, Locke, Zoe, Kindred","Bel'Veth, Thresh, Lee Sin, Irelia, Blitzcrank",Yone,JarvanIV,Lux,Tristana,TwistedFate,Jax,Ekko,Sylas,MissFortune,Pyke,VN2
VN2_1571466330,16.17.810.4348,684,0,17183,17473,249,62,5,6,0,0,1,0,-976,-3457,18159,20930,266,84,6,5,1,0,2,0,976,3457,2026-09-20 07:04:03,"Caitlyn, Pyke, Shaco, Jhin","Lucian, Zoe, LeBlanc, Shaco, Viego",Yone,Trundle,Locke,Ezreal,Karma,Volibear,DrMundo,Fizz,Varus,Soraka,VN2
VN2_1582130725,16.18.817.5716,917,0,16711,17922,231,59,4,9,0,0,0,0,-2776,-1626,19487,19548,266,61,9,4,1,0,3,0,2776,1626,2026-09-20 07:04:07,"Lee Sin, Yorick, Nilah, Lucian, Katarina","Yasuo, Elise, LeBlanc, Yuumi, Hecarim",Jayce,Viego,Annie,Yunara,Seraphine,Irelia,Qiyana,Ryze,Kaisa,Nautilus,VN2
VN2_1582098409,16.18.817.5716,944,0,16934,18565,230,59,5,11,0,0,3,0,-2888,-2284,19822,20849,271,76,11,5,1,0,0,0,2888,2284,2026-09-20 07:04:10,"Darius, Shaco, Zoe, Hecarim","Twitch, Alistar, Evelynn, Shaco",Aatrox,Nidalee,Syndra,Kalista,Blitzcrank,Irelia,LeeSin,Leblanc,MissFortune,Thresh,VN2
VN2_1575377024,16.17.810.4348,1660,1,18251,18660,239,65,7,10,0,0,3,0,-1255,-1208,19506,19868,266,75,10,7,1,0,0,0,1255,1208,2026-09-20 07:04:15,"Graves, Akali, Anivia, Karma, Ezreal","Tristana, Nilah, Ambessa, Shaco",Zed,Talon,Locke,Kaisa,Alistar,Jayce,LeeSin,Lissandra,Vayne,Thresh,VN2
VN2_1582911806,16.18.817.5716,1886,1,18781,21447,271,72,8,2,0,0,2,0,2285,1939,16496,19508,255,74,2,8,1,0,1,0,-2285,-1939,2026-09-20 07:04:18,"Pyke, Jayce, Lee Sin","Locke, Zoe",Ambessa,Nocturne,Leblanc,Tristana,Milio,Camille,Nidalee,Viktor,Lucian,Rell,VN2
VN2_1573393197,16.17.810.4348,1554,1,19300,19708,248,53,10,8,1,0,2,0,326,123,18974,19585,232,66,8,10,0,0,1,0,-326,-123,2026-09-20 07:04:21,"Bard, Pyke, Poppy, Vex, Taliyah","Briar, Kha'Zix, Zoe",Ambessa,Zac,Yasuo,Tristana,Braum,Evelynn,Talon,Syndra,Kaisa,Thresh,VN2
VN2_1582513850,16.18.817.5716,924,1,19090,21021,262,76,7,7,1,0,0,0,791,655,18299,20366,262,74,7,7,0,0,3,0,-791,-655,2026-09-20 07:04:25,"LeBlanc, Pyke, Nasus, Talon, Karma","Rell, Irelia, Thresh",Renekton,Jayce,Locke,Kaisa,Nautilus,Gnar,Ambessa,Diana,Ezreal,Yuumi,VN2
VN2_1571271450,16.17.810.4348,1823,0,16514,19101,238,61,4,7,0,0,3,0,-2574,-1423,19088,20524,270,75,7,4,1,0,0,0,2574,1423,2026-09-20 07:04:29,"K'Sante, Lissandra, Malphite, Rell, Gwen","LeBlanc, Zed, Locke, Evelynn, Darius",Akali,Gragas,Qiyana,Lucian,Bard,Diana,Khazix,Fizz,Yunara,Nami,VN2
VN2_1580703657,16.18.817.5716,938,1,19442,20599,265,76,10,10,1,0,3,0,-192,1384,19634,19215,226,61,10,10,0,0,0,0,192,-1384,2026-09-20 07:04:33,"Locke, Qiyana, LeBlanc, Mordekaiser, Diana","Katarina, Naafiri, Rell, Leona, Heimerdinger",Aatrox,Kindred,Zoe,Yunara,Nautilus,Riven,Khazix,Veigar,Jhin,Syndra,VN2
VN2_1561054991,16.17.810.4348,1481,0,16929,19664,252,73,5,8,0,0,3,0,-1978,-239,18907,19903,232,68,8,5,1,0,0,0,1978,239,2026-09-20 07:04:38,"Ashe, Fiora, Zoe, Neeko","Qiyana, Vayne, LeBlanc, Nautilus, Lucian",Ornn,Hecarim,Ryze,Jhin,Thresh,Camille,Graves,Sylas,Varus,Seraphine,VN2
VN2_1575128160,16.17.810.4348,1396,1,18828,19366,189,82,9,11,1,0,3,0,-215,-1783,19043,21149,257,70,11,9,0,0,0,0,215,1783,2026-09-20 07:04:41,"Akali, Zoe, Heimerdinger, Jax, Shaco","Briar, Mel, Sivir",Malphite,MasterYi,Sylas,Zeri,Skarner,Varus,LeeSin,Leblanc,Lux,Pyke,VN2
VN2_1575078718,16.17.810.4348,1866,0,16995,19265,244,76,4,8,1,0,0,0,-2081,-1011,19076,20276,250,70,8,4,0,0,3,0,2081,1011,2026-09-20 07:04:45,"Aatrox, Kindred, Pyke, Locke","Yorick, Master Yi, Zoe, Pyke",Chogath,Viego,Viktor,Jinx,Camille,Ambessa,Graves,Qiyana,Kaisa,Xerath,VN2
VN2_1567032549,16.17.810.4348,1462,0,18461,19068,218,61,9,16,0,0,1,0,-2926,-1422,21387,20490,230,56,16,9,0,0,2,0,2926,1422,2026-09-20 07:04:49,"Pyke, Thresh, LeBlanc, Heimerdinger, Kha'Zix","Nautilus, Ambessa, Lee Sin",Jayce,Karthus,Yasuo,Ezreal,Janna,Vladimir,Talon,Locke,Yunara,Karma,VN2
VN2_1572310370,16.17.810.4348,1711,1,20130,19478,228,60,14,6,0,0,2,0,3347,2235,16783,17243,197,58,6,14,1,0,1,0,-3347,-2235,2026-09-20 07:04:52,"Akali, Master Yi, Kindred, Malphite","Hecarim, Mel, Malphite, Rengar, LeBlanc",Riven,Talon,Locke,Ashe,Seraphine,Renekton,Evelynn,Qiyana,Kaisa,Leona,VN2
VN2_1580696693,16.18.817.5716,2121,1,17383,18256,247,53,5,8,0,0,0,0,-1075,-1326,18458,19582,259,66,8,5,0,0,0,0,1075,1326,2026-09-20 07:04:56,"Irelia, Anivia, LeBlanc, Tristana, Zoe","Lulu, Jayce, Graves, Poppy",Olaf,LeeSin,Vladimir,Yunara,Thresh,Singed,Sylas,Diana,Ezreal,Lux,VN2
VN2_1580237708,16.18.817.5716,917,1,19366,20187,229,62,11,5,0,0,3,0,1930,1666,17436,18521,233,60,5,11,1,0,0,0,-1930,-1666,2026-09-20 07:05:01,"Irelia, Gangplank, Naafiri, Locke, Yunara","Pyke, Rammus, Rengar, Darius, Zoe",Nasus,Nidalee,Akshan,Caitlyn,Seraphine,Aatrox,Poppy,Yasuo,Jhin,Nami,VN2
VN2_1582081660,16.18.817.5716,943,0,18171,19322,240,42,9,11,0,0,3,0,-1508,-1612,19679,20934,260,58,11,9,0,0,0,0,1508,1612,2026-09-20 07:05:05,"LeBlanc, Nasus, Locke, Viktor, Pyke","Hecarim, Zoe, Varus, Darius",Sion,XinZhao,Xerath,Jinx,Karma,Trundle,Talon,Syndra,Kaisa,Camille,VN2
VN2_1570519480,16.17.810.4348,1267,0,19242,19663,224,57,9,12,1,0,0,0,-1578,-837,20820,20500,284,68,12,9,0,0,3,0,1578,837,2026-09-20 07:05:09,"Gangplank, Zoe, Locke, Graves, Poppy","Yasuo, Zilean, Qiyana, Nautilus",Yone,LeeSin,Xerath,Twitch,Shen,Olaf,Viego,Ziggs,Caitlyn,Seraphine,VN2
VN2_1575644325,16.17.810.4348,1143,0,17492,19021,228,75,7,11,0,0,3,0,-1721,-1105,19213,20126,234,70,11,7,1,0,0,0,1721,1105,2026-09-20 07:05:13,"Kindred, LeBlanc, Brand, Karma","Thresh, LeBlanc, Yasuo, Seraphine",Gnar,Zyra,Yone,Yunara,Lulu,Akali,Jayce,Qiyana,Varus,Renata,VN2
VN2_1573698213,16.17.810.4348,1889,0,18143,18931,220,60,7,11,0,0,2,0,-1513,130,19656,18801,236,66,11,7,0,0,1,0,1513,-130,2026-09-20 07:05:17,"Nidalee, Sylas, Syndra, Vayne, Graves","Lee Sin, Zoe, Jayce, Pyke",DrMundo,Gragas,Karthus,Samira,Nautilus,Irelia,Chogath,Galio,Sivir,Thresh,VN2
VN2_1575064540,16.17.810.4348,1125,0,17659,18600,204,78,9,9,1,0,3,0,-1332,-2065,18991,20665,267,63,9,9,0,0,0,0,1332,2065,2026-09-20 07:05:21,"Sylas, Ezreal, Lulu, Lee Sin","Naafiri, Yuumi, Hecarim, Zoe, Jayce",Evelynn,Viego,Galio,Lucian,Brand,Akali,Nocturne,Zed,Yunara,Skarner,VN2
VN2_1582252469,16.18.817.5716,1941,1,19212,19147,218,68,12,7,1,0,0,0,1458,904,17754,18243,259,50,7,12,0,0,3,0,-1458,-904,2026-09-20 07:05:25,"Akali, Viktor, Mel, Qiyana","Malphite, Lulu, Taliyah",Gwen,Talon,Lissandra,Caitlyn,Thresh,Yasuo,LeeSin,Ryze,Kaisa,Lux,VN2
VN2_1567067707,16.17.810.4348,1688,0,20067,20323,256,67,8,11,0,0,0,0,-615,957,20682,19366,209,70,11,8,1,0,3,0,615,-957,2026-09-20 07:05:29,"Braum, Viktor, Ambessa, LeBlanc, Thresh","Locke, Nidalee, Ambessa, Mel, Nautilus",Draven,LeeSin,Yasuo,Lux,Lulu,Jax,Graves,Zoe,Tristana,Camille,VN2
VN2_1575229811,16.17.810.4348,1623,0,17666,19006,235,78,7,6,0,0,3,0,-672,-1204,18338,20210,283,59,6,7,0,0,0,0,672,1204,2026-09-20 07:05:32,"Aatrox, Thresh, Katarina, Lee Sin, Pyke","Nautilus, Syndra, Jayce, Locke",Chogath,Hecarim,Aurora,Caitlyn,Rell,Singed,JarvanIV,Azir,Heimerdinger,Janna,VN2
VN2_1572256913,16.17.810.4348,1174,0,17305,18027,236,57,5,9,0,0,0,0,-1121,96,18426,17931,207,73,9,5,1,0,2,0,1121,-96,2026-09-20 07:05:36,"Olaf, Yuumi, Locke, Irelia, Blitzcrank","Zoe, Syndra, Mel, Malphite, Pyke",KSante,Viego,Viktor,Yunara,Morgana,Riven,LeeSin,Akali,Seraphine,Qiyana,VN2
VN2_1572281623,16.17.810.4348,1195,1,18441,21135,265,76,7,1,0,0,3,0,2422,1264,16019,19871,268,56,1,7,1,0,0,0,-2422,-1264,2026-09-20 07:05:40,"Akali, LeBlanc, Rengar, Yuumi, Bel'Veth","Poppy, Leona, Nidalee, Irelia",Zac,JarvanIV,Fizz,Ashe,Seraphine,Mordekaiser,Qiyana,Malzahar,Kaisa,Nautilus,VN2
KR_8386070176,16.18.817.5716,1699,1,19241,19299,262,51,12,12,0,0,1,0,-874,-46,20115,19345,239,72,12,12,0,0,2,0,874,46,2026-09-20 07:05:49,"Camille, Rengar, Zoe, Locke","Fiora, Nidalee, Rengar",Jayce,Ivern,Lissandra,Yasuo,Nautilus,Olaf,LeeSin,Leblanc,Zeri,Maokai,KR
KR_8362493327,16.17.810.4348,1118,1,19319,20384,251,69,11,4,0,0,3,0,1503,1218,17816,19166,253,59,4,11,0,0,0,0,-1503,-1218,2026-09-20 07:05:52,"Rengar, Nidalee, Poppy, Fizz","Poppy, Fiora",Jayce,Zac,Cassiopeia,Ezreal,Bard,Olaf,Talon,Akali,Jhin,Camille,KR
KR_8381726779,16.18.817.5716,1822,0,19029,20363,286,70,7,3,1,0,3,0,2262,542,16767,19821,268,66,3,7,0,0,0,0,-2262,-542,2026-09-20 07:05:56,"Kled, Yunara, Rengar, Cassiopeia","Syndra, Sylas, Ezreal, Lee Sin, Locke",KSante,Chogath,Ryze,Zeri,Lulu,Zoe,Qiyana,Yone,Swain,Bard,KR
KR_8381063866,16.18.817.5716,1809,1,18911,20126,270,86,5,10,1,0,3,0,-810,-1128,19721,21254,271,69,10,5,0,0,0,0,810,1128,2026-09-20 07:05:59,"Poppy, Lee Sin, Akali, Pyke, Fizz","Lee Sin, Zoe, Rek'Sai, Nidalee, Vayne",Aurora,Vi,Cassiopeia,Zeri,Rell,KSante,Evelynn,Qiyana,Kaisa,Shen,KR
KR_8367330974,16.17.810.4348,1963,1,18633,19679,274,70,5,12,0,0,3,0,-1611,-320,20244,19999,252,62,12,5,0,0,0,0,1611,320,2026-09-20 07:06:02,"Rengar, Bard, Zoe, Lissandra","Cassiopeia, Locke, Rengar",Irelia,Qiyana,Malzahar,Jhin,Nautilus,Leblanc,Jayce,Ryze,Ezreal,Braum,KR
KR_8367044760,16.17.810.4348,1922,0,16231,18116,257,60,2,8,0,0,3,0,-3693,-1852,19924,19968,282,81,8,2,0,0,0,0,3693,1852,2026-09-20 07:06:06,"Ezreal, Zoe, Fiora, Rengar","Lee Sin, Fizz, Poppy",Camille,Chogath,Akali,Kalista,Renata,Singed,Talon,Tristana,Cassiopeia,Nautilus,KR
KR_8381608360,16.18.817.5716,1601,1,21693,20567,244,72,16,7,0,0,0,0,2977,3399,18716,17168,204,72,7,16,0,0,0,0,-2977,-3399,2026-09-20 07:06:09,"Poppy, Syndra, Singed, Locke","Caitlyn, Lee Sin, Rengar, Qiyana, Kalista",Olaf,Chogath,Taliyah,Lucian,Nautilus,Kled,Jayce,TwistedFate,Zeri,Rakan,KR
KR_8381252939,16.18.817.5716,1881,0,21890,20249,260,60,15,4,0,0,2,0,6101,3801,15789,16448,198,61,4,15,1,0,1,0,-6101,-3801,2026-09-20 07:06:12,"Lulu, Hecarim, Rengar, Jayce","Lee Sin, Qiyana, Irelia, Yunara",Gwen,Naafiri,Syndra,Tristana,Camille,KSante,JarvanIV,Locke,Kaisa,Poppy,KR
KR_8363636556,16.17.810.4348,1384,0,16339,18754,233,78,3,9,0,0,3,0,-2179,-539,18518,19293,233,75,9,3,1,0,0,0,2179,539,2026-09-20 07:06:15,"Fizz, Jax, Pyke","LeBlanc, Sivir, Poppy, Pantheon, Nocturne",Olaf,LeeSin,Syndra,Ziggs,Camille,Ambessa,Rengar,Tristana,Sylas,Nautilus,KR
KR_8373034608,16.17.810.4348,1392,0,19130,17639,229,62,9,12,0,0,2,0,-1604,-1730,20734,19369,236,61,12,9,0,0,0,0,1604,1730,2026-09-20 07:06:19,"Jayce, Locke, Yasuo, Caitlyn","Zoe, Rumble, Kalista, Lee Sin, Olaf",Anivia,Qiyana,Sylas,Jhin,Camille,Yone,Hecarim,TwistedFate,Xerath,Shen,KR
KR_8386124135,16.18.817.5716,1533,0,17963,19828,275,74,4,10,0,0,2,0,-1274,-266,19237,20094,253,62,10,4,1,0,1,0,1274,266,2026-09-20 07:06:22,"Lee Sin, Poppy, Jarvan IV, Jayce, Syndra","Lee Sin, Zoe, Kennen, Bard, Ezreal",Jax,Qiyana,Orianna,Xayah,Rakan,Warwick,Vi,TwistedFate,Kaisa,Maokai,KR
KR_8377623836,16.18.816.5012,2131,0,16566,17767,246,64,4,11,0,0,3,0,-3128,-1877,19694,19644,237,63,11,4,0,0,0,0,3128,1877,2026-09-20 07:06:25,"Yunara, Pyke, Zoe, Lee Sin, Qiyana","Lee Sin, Hecarim, Pyke, Jayce",Renekton,Zyra,Akali,Ezreal,Karma,Riven,JarvanIV,Locke,Jhin,Neeko,KR
KR_8363755873,16.17.810.4348,1365,0,17830,18916,258,61,5,9,1,0,1,0,-1211,-1539,19041,20455,255,56,9,5,0,0,0,0,1211,1539,2026-09-20 07:06:28,"Talon, Rengar","Cassiopeia, Lee Sin",Jayce,Qiyana,Leblanc,Caitlyn,Lux,Yorick,JarvanIV,Zoe,Lucian,Milio,KR
KR_8368705191,16.17.810.4348,913,0,16619,19074,234,76,3,15,0,0,0,0,-4694,-1716,21313,20790,265,72,15,3,0,0,3,0,4694,1716,2026-09-20 07:06:31,"Yasuo, Lee Sin, Cassiopeia, Pyke","Nidalee, Cassiopeia",Olaf,Hecarim,Anivia,Yunara,Lulu,Lissandra,Qiyana,Ryze,Lucian,Milio,KR
KR_8377242641,16.18.816.5012,918,0,18735,20213,284,64,5,9,0,0,0,0,-511,-203,19246,20416,246,78,9,5,1,0,3,0,511,203,2026-09-20 07:06:36,"Lucian, Lee Sin, LeBlanc, Rengar","Qiyana, Lee Sin, Poppy, Lux, Pyke",Singed,FiddleSticks,Yasuo,Cassiopeia,Alistar,Olaf,Talon,Galio,Hwei,Rell,KR
KR_8377171042,16.18.816.5012,1798,1,18888,20113,242,70,9,7,0,0,3,0,104,-85,18784,20198,241,80,7,9,1,0,0,0,-104,85,2026-09-20 07:06:40,"Qiyana, Katarina, Rengar, Rell","Zoe, Lee Sin, Poppy, Olaf",Camille,Vi,Hwei,Yunara,Lulu,Yone,Talon,Locke,Tristana,Jax,KR
KR_8381545845,16.18.817.5716,919,1,20634,21686,285,65,10,1,0,0,3,0,4346,1726,16288,19960,286,65,1,10,1,0,0,0,-4346,-1726,2026-09-20 07:06:44,"Lee Sin, Rengar, Jayce","Yunara, Lulu",Nasus,Qiyana,Ryze,Jinx,Bard,Aatrox,Chogath,Orianna,Zeri,Yuumi,KR
KR_8363498717,16.17.810.4348,914,0,16104,19419,243,74,3,4,0,0,3,0,-1053,-339,17157,19758,264,60,4,3,0,0,0,0,1053,339,2026-09-20 07:06:47,"Ezreal, Pyke, Olaf, Lee Sin","Rengar, Nidalee, Olaf, Jax, Qiyana",Renekton,Viego,Locke,Xayah,Rell,Yasuo,Vi,Galio,Kalista,Renata,KR
KR_8380592183,16.18.817.5716,940,0,18198,18613,238,70,6,16,0,0,0,0,-3197,-2435,21395,21048,261,74,16,6,0,0,3,0,3197,2435,2026-09-20 07:06:51,"Lee Sin, Rengar, LeBlanc, Yunara, Lucian","Olaf, Poppy, Jax, Cassiopeia",KSante,Qiyana,Ryze,Ezreal,Shen,Tryndamere,Sejuani,Orianna,Yasuo,Camille,KR
KR_8381685129,16.18.817.5716,1113,1,19870,20519,260,84,9,11,0,0,3,0,1251,2239,18619,18280,211,51,11,9,1,0,0,0,-1251,-2239,2026-09-20 07:06:54,"Yasuo, Gangplank, Zoe, Pyke","Lee Sin, Rengar, Pyke, Talon, Fizz",Varus,Qiyana,Syndra,Kalista,Blitzcrank,Fiora,Chogath,Taliyah,Ezreal,Karma,KR
KR_8376972101,16.18.816.5012,1464,0,19063,19781,262,68,7,11,0,0,0,0,-591,-339,19654,20120,239,66,11,7,0,0,3,0,591,339,2026-09-20 07:06:57,"Zoe, Jax, Rengar, Cassiopeia","Karma, Akali, Poppy, Lee Sin",Yasuo,Sylas,Ahri,Lucian,Milio,Ambessa,Talon,Ekko,Vladimir,Camille,KR
KR_8362440181,16.17.810.4348,1664,0,15540,18610,231,78,2,10,1,0,3,0,-4437,-3338,19977,21948,277,80,10,2,0,0,0,0,4437,3338,2026-09-20 07:07:00,"Nidalee, Syndra, Pyke, Jayce","Fizz, Poppy, Nautilus, Zyra",Fiora,Vi,Yone,Cassiopeia,Alistar,Rumble,Rengar,Ryze,Jhin,Rakan,KR
KR_8385887200,16.18.817.5716,1881,0,16879,19071,223,68,4,5,0,0,0,0,-1521,-1584,18400,20655,283,86,5,4,1,0,3,0,1521,1584,2026-09-20 07:07:04,"Poppy, Zoe, Olaf, Kai'Sa, Lee Sin","Nidalee, Zoe, Syndra, Bard",Gangplank,Khazix,Locke,Zilean,Camille,Gwen,Qiyana,Cassiopeia,Sivir,Shen,KR
KR_8380614626,16.18.817.5716,1020,0,17084,19569,241,64,5,8,0,0,1,0,-2513,-1343,19597,20912,272,74,8,5,0,0,2,0,2513,1343,2026-09-20 07:07:07,"Poppy, Rengar, Zyra, Fizz, Vladimir","Ezreal, Lulu, Yasuo, Ambessa, Lee Sin",Yorick,Qiyana,Viktor,Corki,Bard,Yone,Nidalee,Jayce,Cassiopeia,Swain,KR
KR_8367379367,16.17.810.4348,2081,0,17549,19783,285,67,3,8,0,0,3,0,-1720,-447,19269,20230,284,66,8,3,0,0,0,0,1720,447,2026-09-20 07:07:11,"Syndra, Locke, Cho'Gath, Nidalee",Lee Sin,Vayne,Jayce,Taliyah,Varus,Renata,KSante,Vi,Ahri,Zeri,Yuumi,KR
KR_8381312997,16.18.817.5716,2570,1,21640,21538,248,78,17,4,1,0,3,0,3953,2798,17687,18740,241,67,4,17,0,0,0,0,-3953,-2798,2026-09-20 07:07:14,"Zyra, Qiyana, Vayne","Qiyana, Zoe",Olaf,LeeSin,Lissandra,Tristana,Bard,Gnar,Vi,Xerath,Yunara,Camille,KR
KR_8377052098,16.18.816.5012,2153,0,20415,20030,242,82,10,6,0,0,3,0,2382,985,18033,19045,274,46,6,10,0,0,0,0,-2382,-985,2026-09-20 07:07:17,"Lee Sin, Poppy, Leona, LeBlanc","Qiyana, Caitlyn, Cassiopeia, Rengar",Gnar,Talon,Zoe,Tristana,Camille,Jax,Ivern,Yasuo,Yunara,Alistar,KR
KR_8363415877,16.17.810.4348,1849,0,18000,20538,284,72,5,11,0,0,0,0,-2201,-354,20201,20892,259,74,11,5,1,0,3,0,2201,354,2026-09-20 07:07:21,"Nasus, Rengar, Pyke, Qiyana, Jayce","Olaf, Draven, Zoe, Poppy",Anivia,Vi,Taliyah,Caitlyn,Lux,Syndra,LeeSin,Galio,Yunara,Lulu,KR
KR_8363824812,16.17.810.4348,1200,1,18408,19356,240,65,7,5,0,0,2,0,2041,1704,16367,17652,205,67,5,7,0,0,1,0,-2041,-1704,2026-09-20 07:07:25,"Cassiopeia, Lee Sin, Pyke, Jayce, Poppy","Hecarim, Syndra, Rengar, Locke",Fiora,Talon,Zoe,Ezreal,Camille,Qiyana,Naafiri,Malzahar,Taliyah,Alistar,KR
KR_8381703720,16.18.817.5716,1150,0,15860,18714,249,61,2,11,0,0,3,0,-4166,-1547,20026,20261,247,56,11,2,0,0,0,0,4166,1547,2026-09-20 07:07:29,"Hecarim, Rengar, Pyke, Zac","Jayce, Lee Sin, Zoe, Qiyana, Locke",Camille,Naafiri,Orianna,Ashe,Braum,Fiora,Nidalee,Syndra,Jhin,Nautilus,KR
KR_8367245341,16.17.810.4348,1257,1,20089,19397,247,76,10,10,0,0,0,0,346,102,19743,19295,249,60,10,10,0,0,0,0,-346,-102,2026-09-20 07:07:33,"Poppy, Olaf, Cassiopeia, LeBlanc, Lee Sin","Jayce, Singed, Poppy, Zoe",Kaisa,Rengar,TwistedFate,Yunara,Lulu,Nidalee,Qiyana,Lissandra,Jhin,Camille,KR
KR_8367128199,16.17.810.4348,1710,0,19061,21422,269,69,9,8,1,0,2,0,50,833,19011,20589,254,78,8,9,0,0,1,0,-50,-833,2026-09-20 07:07:36,"Pyke, Lee Sin, Fiora","Cho'Gath, Pyke, Gangplank, Lee Sin, Poppy",KSante,Nidalee,Tristana,Ashe,Seraphine,Gnar,Rengar,Sylas,Cassiopeia,Blitzcrank,KR
KR_8381648430,16.18.817.5716,1559,0,20159,19334,267,64,10,13,0,0,0,0,-421,-641,20580,19975,225,57,13,10,1,0,1,0,421,641,2026-09-20 07:07:40,"Lee Sin, Rengar, Jax","Lee Sin, Jayce, Bard, Pyke, Locke",Yasuo,Qiyana,Syndra,Jinx,Nautilus,Fiora,Chogath,Taliyah,Xerath,Leblanc,KR
KR_8363817081,16.17.810.4348,909,1,20519,20003,243,78,11,9,1,0,3,0,2138,1326,18381,18677,237,40,9,11,0,0,0,0,-2138,-1326,2026-09-20 07:07:43,"Poppy, Lee Sin, Pantheon, Cassiopeia","Pyke, Lux, Kled, Yone",Jayce,Rengar,Zoe,Jhin,Camille,Jax,Trundle,Nasus,Viktor,Neeko,KR
KR_8381111675,16.18.817.5716,1691,1,17529,20509,272,82,4,5,1,0,3,0,620,409,16909,20100,226,80,5,4,0,0,0,0,-620,-409,2026-09-20 07:07:46,"Rengar, Fiora, Zoe, Camille, Qiyana","Rengar, Jayce, LeBlanc, Locke",Rumble,LeeSin,Sylas,Tristana,Nautilus,Shen,Naafiri,Zilean,Yunara,Alistar,KR
KR_8385974372,16.18.817.5716,2500,1,18266,18840,249,70,6,12,0,0,1,0,-1451,-1190,19717,20030,239,70,12,6,1,0,1,0,1451,1190,2026-09-20 07:07:50,"Pyke, Rengar, Ezreal, Zoe, Olaf","Rumble, Yunara, Nidalee, Qiyana",Gnar,Vi,Syndra,Xerath,Maokai,KSante,LeeSin,Fizz,Jhin,Bard,KR
KR_8385796277,16.18.817.5716,1718,1,19113,19585,246,76,7,11,0,0,0,0,-1507,-14,20620,19599,240,81,11,7,1,0,3,0,1507,14,2026-09-20 07:07:53,"Sivir, Rengar, Lee Sin","Jayce, Camille, Zoe, Lee Sin",Jax,Nidalee,Galio,Ezreal,Bard,TwistedFate,Qiyana,Tristana,Syndra,Leblanc,KR
KR_8381750417,16.18.817.5716,2063,0,18156,18793,256,63,6,5,0,0,2,0,-523,-269,18679,19062,258,81,5,6,0,0,1,0,523,269,2026-09-20 07:07:57,"Rengar, Sylas, K'Sante, Zoe","Lee Sin, Zoe, Yasuo, Rengar, Caitlyn",Jayce,Qiyana,Viktor,Swain,Blitzcrank,Varus,Vi,Taliyah,Zeri,Lulu,KR
KR_8371914730,16.17.810.4348,1371,0,18722,20180,260,70,10,9,1,0,3,0,-785,145,19507,20035,271,66,9,10,0,0,0,0,785,-145,2026-09-20 07:08:00,"Lulu, Lucian, Lee Sin","Rengar, Nidalee, Lee Sin, Zyra",Jayce,Chogath,Ryze,Caitlyn,Thresh,Rumble,Hecarim,TwistedFate,Ezreal,Karma,KR
KR_8363699672,16.17.810.4348,1892,0,19607,20203,285,64,8,11,1,0,0,0,-515,-753,20122,20956,248,76,11,8,0,0,0,0,515,753,2026-09-20 07:08:03,"Rengar, Kalista, Syndra","Fiora, Lee Sin, Poppy",Gwen,Qiyana,Cassiopeia,Lucian,Milio,Rumble,Talon,Tryndamere,Yunara,Lulu,KR
KR_8381038968,16.18.817.5716,944,1,19107,19875,253,70,10,8,0,0,3,0,112,803,18995,19072,247,54,8,10,0,0,0,0,-112,-803,2026-09-20 07:08:06,"Talon, Lee Sin, Zed, Rakan, Rengar","Pyke, Rek'Sai, Jax, Lee Sin, Nunu & Willump",Olaf,Khazix,Locke,Zeri,Lulu,DrMundo,Qiyana,Syndra,Tristana,Maokai,KR
KR_8381452021,16.18.817.5716,1459,1,20214,20569,271,71,10,6,0,0,3,0,1792,1707,18422,18862,220,78,6,10,1,0,0,0,-1792,-1707,2026-09-20 07:08:09,"Rengar, Jayce, Qiyana, Lee Sin","Locke, Rengar, Lee Sin, Nasus, Yorick",Jax,Sylas,Yone,Tristana,Blitzcrank,Ornn,JarvanIV,TwistedFate,Yunara,Lulu,KR
KR_8381153230,16.18.817.5716,1671,0,19063,20260,281,77,5,6,0,0,3,0,1600,1306,17463,18954,253,72,6,5,1,0,0,0,-1600,-1306,2026-09-20 07:08:12,"Lee Sin, Rengar, Qiyana, Zoe","Evelynn, Camille, Zoe",Jayce,Nidalee,Tristana,Zeri,Alistar,Aurora,JarvanIV,Locke,Jinx,Blitzcrank,KR
KR_8363343835,16.17.810.4348,1279,0,17442,20366,293,70,3,11,0,0,3,0,-3528,-2060,20970,22426,256,92,11,3,1,0,0,0,3528,2060,2026-09-20 07:08:15,"Camille, Poppy, Fiora, Locke","Poppy, Irelia, Vi, Pyke, Cassiopeia",Gnar,Rengar,Viktor,Ezreal,Karma,Nasus,LeeSin,Galio,Caitlyn,Lux,KR
KR_8373058567,16.17.810.4348,1739,1,17738,20364,237,90,6,4,0,0,3,0,484,445,17254,19919,276,72,4,6,1,0,0,0,-484,-445,2026-09-20 07:08:19,"Talon, Lucian, LeBlanc, Poppy, Jax","Ambessa, Zyra, Pyke",Quinn,Chogath,Yasuo,Syndra,Rell,Nasus,LeeSin,Cassiopeia,Yunara,Nautilus,KR
KR_8368725194,16.17.810.4348,1669,0,15742,19894,274,80,0,4,0,0,0,0,-2824,-1754,18566,21648,302,77,4,0,0,0,3,0,2824,1754,2026-09-20 07:08:22,"Jayce, Rengar, Qiyana, Zoe","Nidalee, Locke, Nocturne, Malzahar, Fiora",Camille,Naafiri,Lissandra,Jinx,Thresh,Jax,Vi,Ahri,Zeri,Alistar,KR
KR_8366970663,16.17.810.4348,1886,1,19104,20916,280,82,7,2,0,0,3,0,2644,1343,16460,19573,268,76,2,7,1,0,0,0,-2644,-1343,2026-09-20 07:08:25,"Pantheon, Lucian, Qiyana, Fizz, Bard","Irelia, Caitlyn, Poppy, LeBlanc",Jayce,LeeSin,Ryze,Jhin,Alistar,Rumble,Rengar,Yone,Ezreal,Nautilus,KR
KR_8363572037,16.17.810.4348,1308,0,19745,18243,220,70,8,12,0,0,2,0,-842,-467,20587,18710,233,52,12,8,0,0,0,1,842,467,2026-09-20 07:08:28,"LeBlanc, Poppy, Jayce, Rengar, Ezreal","Kai'Sa, Lee Sin, Twisted Fate, Poppy, Olaf",Fiora,Ambessa,Fizz,Anivia,Camille,Kennen,Talon,Katarina,Jhin,Nautilus,KR
KR_8368656697,16.17.810.4348,1388,1,18330,20037,294,65,5,8,0,0,3,0,-999,-999,19329,21036,286,64,8,5,1,0,0,0,999,999,2026-09-20 07:08:32,"Leona, Jax, Bard, Locke, Qiyana","Pantheon, Zoe, Warwick",Irelia,LeeSin,Malzahar,Jhin,Leblanc,KSante,Chogath,Ryze,Caitlyn,Neeko,KR
KR_8381204293,16.18.817.5716,2065,1,17793,21383,279,86,4,5,0,0,1,0,825,1853,16968,19530,244,71,5,4,1,0,2,0,-825,-1853,2026-09-20 07:08:35,"Yasuo, Locke","Rek'Sai, K'Sante, Rumble, Cassiopeia, Lee Sin",Camille,Qiyana,Syndra,Kalista,Renata,Akali,Naafiri,Ryze,Tristana,Lulu,KR
VN2_1580449812,16.18.817.5716,1946,1,16868,20100,266,78,3,8,1,0,3,0,-2185,-1692,19053,21792,266,68,8,3,0,0,0,0,2185,1692,2026-09-20 09:13:06,"Locke, Mel, Jax","Katarina, Jayce, Qiyana, Zoe, Viktor",Yone,Graves,Lissandra,Jinx,Thresh,Darius,MasterYi,Xerath,Jhin,Nami,VN2
VN2_1576517756,16.18.815.9717,1105,1,21193,22138,260,82,13,6,1,0,1,0,3767,3675,17426,18463,206,72,6,13,0,0,2,0,-3767,-3675,2026-09-20 09:13:10,"Syndra, Pyke, Akali, Kindred, Naafiri","Kindred, Qiyana, Lucian, Bard",Yone,JarvanIV,Mel,Xerath,Rakan,Zaahen,Graves,Zoe,Caitlyn,Shen,VN2
VN2_1561022459,16.17.810.4348,911,1,19881,20683,229,84,9,6,0,0,3,0,3106,2975,16775,17708,233,60,6,9,1,0,0,0,-3106,-2975,2026-09-20 09:13:13,"Yuumi, LeBlanc, Katarina, Zilean","Naafiri, Swain, Locke, Karthus, Zoe",Olaf,Jayce,Fizz,Lucian,Nami,Fiora,Vi,Cassiopeia,MissFortune,Nautilus,VN2
VN2_1571760429,16.17.810.4348,2014,0,21130,20790,263,60,15,7,0,0,2,0,3347,2008,17783,18782,207,66,7,15,0,0,1,0,-3347,-2008,2026-09-20 09:13:17,"Zoe, Kindred, Talon, Locke","Bel'Veth, Pyke, Locke, Nautilus",Jayce,Pantheon,Lissandra,Akshan,Blitzcrank,Malphite,Sylas,Zed,Xerath,Nami,VN2
VN2_1581784333,16.18.817.5716,1084,0,17223,18932,219,62,6,10,1,0,1,0,-1697,-1127,18920,20059,245,73,10,6,0,0,2,0,1697,1127,2026-09-20 09:13:21,"Sivir, Galio, Locke, Nautilus","Lee Sin, Yuumi, Nautilus",Lissandra,Udyr,Katarina,Heimerdinger,Leona,Ambessa,Hecarim,Syndra,Lucian,Milio,VN2
VN2_1578109359,16.18.817.5716,1886,0,19914,20380,230,66,13,8,0,0,1,0,1352,366,18562,20014,239,67,8,13,1,0,2,0,-1352,-366,2026-09-20 09:13:24,"Viktor, Nidalee","Zoe, Ezreal, Jayce, Yuumi",Skarner,Qiyana,Quinn,Jhin,Bard,Nasus,Gragas,Sylas,Mel,Nami,VN2
VN2_1567828259,16.17.810.4348,1833,1,18819,17896,256,55,8,10,0,0,2,0,-1082,-1096,19901,18992,256,69,10,8,1,0,1,0,1082,1096,2026-09-20 09:13:28,"Briar, Yone, Locke, Janna, Pyke","Morgana, Malphite, Jax, Viktor, Seraphine",Irelia,Jayce,Lissandra,Kaisa,Zac,Yasuo,Viego,Taliyah,Zeri,Braum,VN2
VN2_1583985603,16.18.817.5716,1917,1,15397,18413,218,58,3,12,1,0,0,0,-5313,-3421,20710,21834,263,71,12,3,0,0,3,0,5313,3421,2026-09-20 09:13:32,"Ambessa, LeBlanc, Pyke, Lucian","Leona, Evelynn, Shaco, Darius",RekSai,Kaisa,Zed,Zoe,Karma,LeeSin,Briar,Mel,Seraphine,Rakan,VN2
VN2_1582003253,16.18.817.5716,1602,0,22673,20309,231,68,16,11,0,0,0,0,2575,549,20098,19760,251,70,11,16,1,0,3,0,-2575,-549,2026-09-20 09:13:35,"Zoe, Olaf, Bel'Veth, Blitzcrank, LeBlanc","Milio, Poppy, Viktor, Tryndamere, Seraphine",Quinn,Locke,Talon,MissFortune,Pyke,Nasus,RekSai,Diana,Kaisa,Rell,VN2
VN2_1562971744,16.17.810.4348,1404,1,21034,22252,278,76,12,5,0,0,3,0,4621,3604,16413,18648,237,56,5,12,1,0,0,0,-4621,-3604,2026-09-20 09:13:39,"Twisted Fate, Yuumi, Karthus","Jayce, Kha'Zix, Leona, Pyke, Evelynn",Yone,JarvanIV,Akali,Sivir,Hwei,Malphite,LeeSin,Katarina,Jinx,Lulu,VN2
VN2_1579927796,16.18.817.5716,1478,0,19088,18122,228,62,10,11,1,0,3,0,-372,-2079,19460,20201,241,51,11,10,0,0,0,0,372,2079,2026-09-20 09:13:43,"Locke, Twitch, Pyke, Zoe, Ambessa","Thresh, Viktor, Shaco, Yuumi",TwistedFate,Graves,Cassiopeia,Sivir,Braum,Jax,JarvanIV,Ahri,Aphelios,Bard,VN2
VN2_1550895538,16.16.804.9184,910,1,20899,21181,244,82,14,7,1,0,3,0,2425,1757,18474,19424,222,72,7,14,0,0,0,0,-2425,-1757,2026-09-20 09:13:46,"Locke, Viktor, Zoe, Shaco, Jax","Sylas, Renekton, Twitch, Locke, Ezreal",Camille,Nidalee,Nasus,Tristana,Alistar,Riven,Malphite,Brand,Sivir,Pantheon,VN2
VN2_1583852062,16.18.817.5716,1854,0,16137,20023,258,86,1,6,1,0,3,0,-1726,424,17863,19599,253,68,6,1,0,0,0,0,1726,-424,2026-09-20 09:13:50,"Thresh, Pyke, Nidalee, Heimerdinger","Pyke, Naafiri, Braum, Viktor",DrMundo,Aatrox,Cassiopeia,Yunara,Lulu,Leblanc,Zed,Anivia,Jhin,Hwei,VN2
VN2_1585277719,16.18.817.5716,1623,1,19064,20631,233,73,9,11,0,0,1,0,-669,-333,19733,20964,255,68,11,9,0,0,2,0,669,333,2026-09-20 09:13:54,"Zoe, Braum, Locke, Yuumi","Rell, Nasus, Elise",Gwen,LeeSin,Ryze,Yunara,Camille,Fiora,Graves,Sylas,Kaisa,Thresh,VN2
VN2_1585253839,16.18.817.5716,1000,1,21457,19892,225,54,15,10,0,0,1,0,2376,809,19081,19083,213,56,10,15,0,0,2,0,-2376,-809,2026-09-20 09:13:57,"Jax, Nasus, LeBlanc","Graves, Locke, Rengar",Ambessa,MasterYi,Annie,Ezreal,Alistar,Jayce,Taliyah,Sion,Nilah,Shen,VN2
VN2_1580670338,16.18.817.5716,1809,1,18554,19619,256,52,8,7,0,0,2,0,1052,182,17502,19437,213,74,7,8,0,0,1,0,-1052,-182,2026-09-20 09:14:01,"Shaco, Pyke, Yuumi, Graves, Zed","Qiyana, Xerath, Bel'Veth, Zoe",Jayce,LeeSin,Viktor,Lucian,Milio,Tristana,Viego,Nasus,Mel,Rakan,VN2
VN2_1577585975,16.18.816.5012,2221,1,19265,19950,236,60,10,8,0,0,2,0,1536,-13,17729,19963,251,58,8,10,1,0,1,0,-1536,13,2026-09-20 09:14:06,"Xerath, Hecarim, Locke, Yone, Morgana","LeBlanc, Thresh, Akshan, Morgana, Graves",Renekton,Nidalee,Viktor,Kaisa,Lissandra,Rumble,Naafiri,Anivia,Yasuo,Nautilus,VN2
VN2_1567732336,16.17.810.4348,1848,1,19518,20573,267,80,10,8,1,0,3,0,1349,1931,18169,18642,270,35,8,10,0,0,0,0,-1349,-1931,2026-09-20 09:14:10,"Lee Sin, Viktor, Heimerdinger, Pyke","Jax, Pyke, Yasuo, Twisted Fate, Evelynn",Gragas,Viego,Lissandra,Kaisa,Nautilus,Irelia,Kindred,Xerath,Veigar,Leona,VN2
VN2_1567002131,16.17.810.4348,2028,1,19962,20112,256,61,10,13,1,0,0,0,674,1249,19288,18863,202,55,13,10,0,0,3,0,-674,-1249,2026-09-20 09:14:14,"Malphite, Zoe, Poppy, Yuumi, Qiyana","Ezreal, Lee Sin, LeBlanc, Graves, Vladimir",Kalista,MasterYi,Yasuo,Mel,Camille,Katarina,Talon,Sylas,Samira,Nautilus,VN2
VN2_1572416287,16.17.810.4348,1061,0,17895,21234,271,80,5,4,0,0,3,0,-231,1520,18126,19714,300,53,4,5,1,0,0,0,231,-1520,2026-09-20 09:14:17,"Tryndamere, Kai'Sa, Bel'Veth, Ezreal, Katarina","Mel, Locke, Jayce, LeBlanc, Yuumi",Ambessa,Nidalee,Ryze,Twitch,Braum,Singed,Poppy,TwistedFate,Yunara,Thresh,VN2
VN2_1582898720,16.18.817.5716,1756,0,18354,19995,254,52,8,7,0,0,0,0,611,378,17743,19617,247,66,7,8,1,0,3,0,-611,-378,2026-09-20 09:14:20,"Pyke, Sylas, Kindred, LeBlanc, Sivir","Pyke, Sylas, Taliyah",Ekko,Qiyana,Hwei,Heimerdinger,Skarner,Yasuo,Viego,Lissandra,Yunara,Lulu,VN2
VN2_1566313993,16.17.810.4348,1105,1,18071,19891,224,62,11,5,1,0,0,0,1277,1124,16794,18767,232,53,5,11,0,0,3,0,-1277,-1124,2026-09-20 09:14:24,"Xerath, Yorick, Seraphine, Pyke, Jayce","Jayce, Yuumi, Locke",Gnar,LeeSin,Lux,Yunara,Nautilus,Ambessa,Graves,Viktor,Kaisa,Shen,VN2
VN2_1584780043,16.18.817.5716,973,1,17416,19603,248,72,5,9,0,0,3,0,-1380,-1169,18796,20772,249,65,9,5,1,0,0,0,1380,1169,2026-09-20 09:14:27,"Graves, Akshan, Shaco, Nasus, Sylas","Master Yi, Kindred, Locke, Camille, Shaco",Urgot,JarvanIV,Ryze,Ekko,Karma,KSante,Viego,Viktor,Yunara,Pyke,VN2
VN2_1567560663,16.17.810.4348,932,1,21063,22005,243,62,16,2,1,0,3,0,4157,2308,16906,19697,270,64,2,16,0,0,0,0,-4157,-2308,2026-09-20 09:14:30,"Kindred, Locke, Elise, Mel","Yasuo, Nidalee, LeBlanc, Zoe",Ryze,Graves,Lux,Kaisa,Pyke,Irelia,Qiyana,Lissandra,MissFortune,Heimerdinger,VN2
VN2_1566907096,16.17.810.4348,1362,1,21106,20618,275,74,12,8,1,0,3,0,2690,1467,18416,19151,227,64,8,12,0,0,0,0,-2690,-1467,2026-09-20 09:14:35,"LeBlanc, Vayne, Rell, Seraphine","Kai'Sa, Yuumi, Zoe, Qiyana",RekSai,Graves,Diana,AurelionSol,Pyke,Camille,LeeSin,Locke,Twitch,Pantheon,VN2
VN2_1567800904,16.17.810.4348,1250,0,16997,17750,215,63,5,14,0,0,2,0,-3421,-2365,20418,20115,277,54,14,5,1,0,1,0,3421,2365,2026-09-20 09:14:38,"Lee Sin, LeBlanc, Swain, Locke, Lulu","Pyke, Akali, Ambessa, Xerath",Irelia,Jayce,Yasuo,Syndra,Nautilus,Yone,Briar,Taliyah,KogMaw,Soraka,VN2
VN2_1574281255,16.17.810.4348,1488,1,18721,21529,257,79,8,1,1,0,3,0,3416,2926,15305,18603,247,63,1,8,0,0,0,0,-3416,-2926,2026-09-20 09:14:42,"Kindred, Lee Sin, Pyke, Seraphine, Irelia","Nasus, Zed, Ezreal, Sivir",Skarner,Shaco,Lissandra,Jayce,Zoe,Gnar,Viego,Akali,Smolder,Nami,VN2
VN2_1580631640,16.18.817.5716,1691,1,19133,19824,240,82,8,7,0,0,3,0,2040,295,17093,19529,263,48,7,8,1,0,0,0,-2040,-295,2026-09-20 09:14:46,"Nautilus, Locke, Evelynn, Lee Sin, Nasus","Jayce, Lee Sin, Graves, Pyke",Gragas,Hecarim,TwistedFate,Caitlyn,Seraphine,Ambessa,Elise,Yone,Kaisa,Thresh,VN2
VN2_1561036397,16.17.810.4348,1530,1,18979,19462,232,82,8,11,1,0,3,0,-817,-609,19796,20071,251,51,11,8,0,0,0,0,817,609,2026-09-20 09:14:50,"Zed, Locke, Yuumi, Alistar, Aatrox","Graves, LeBlanc, Zilean, Yuumi",Nasus,Shyvana,Sylas,Corki,Shen,Ambessa,JarvanIV,Nunu,Yasuo,Malphite,VN2
VN2_1581166285,16.18.817.5716,1464,0,16676,20493,249,80,3,9,1,0,0,0,-2734,-473,19410,20966,240,74,9,3,0,0,3,0,2734,473,2026-09-20 09:14:54,"Locke, Nocturne, Viktor, Yasuo, Olaf","Lucian, Diana, Ahri, Pyke",DrMundo,Vi,Akali,KogMaw,Lulu,Chogath,RekSai,Lissandra,Katarina,Yuumi,VN2
VN2_1582104604,16.18.817.5716,1731,0,17197,17568,222,59,6,12,0,0,0,0,-3009,-2335,20206,19903,220,86,12,6,1,0,3,0,3009,2335,2026-09-20 09:14:58,"Irelia, Yasuo, Elise, Katarina","Nasus, Shaco, Malphite",Aatrox,Nidalee,Akshan,Jinx,Rell,Quinn,Hecarim,Sylas,Tristana,Pyke,VN2
VN2_1582827465,16.18.817.5716,1970,0,19601,19270,242,71,10,8,1,0,2,0,488,-817,19113,20087,255,70,8,10,0,0,1,0,-488,817,2026-09-20 09:15:02,"Sylas, Graves, Locke, Janna, Milio","Syndra, Pyke, Tristana, Fiora",Malphite,Jayce,Taliyah,Ezreal,Rell,Ornn,LeeSin,Heimerdinger,Yunara,Lulu,VN2
VN2_1571473599,16.17.810.4348,1742,1,18095,18376,225,75,7,10,0,0,2,0,-793,349,18888,18027,215,66,10,7,1,0,1,0,793,-349,2026-09-20 09:15:06,"Lee Sin, Seraphine, Nautilus, Malphite","Locke, K'Sante, Yuumi",Kalista,Talon,Ahri,AurelionSol,Nami,Urgot,Vi,Nidalee,Varus,Soraka,VN2
VN2_1571465798,16.17.810.4348,1570,1,19059,18520,231,65,10,8,1,0,3,0,1146,577,17913,17943,220,52,8,10,0,0,0,0,-1146,-577,2026-09-20 09:15:10,"Alistar, LeBlanc, Graves, Yuumi, Zoe","Lee Sin, Locke, Ezreal, Anivia",Nasus,MonkeyKing,Vex,Kaisa,Blitzcrank,Olaf,Kindred,Sylas,AurelionSol,Pyke,VN2
VN2_1571297514,16.17.810.4348,2687,0,17842,19611,237,62,7,11,0,0,1,0,-2525,-217,20367,19828,263,72,11,7,1,0,2,0,2525,217,2026-09-20 09:15:13,"Akali, Briar, Thresh, Heimerdinger, Camille","Locke, Irelia, Yuumi, Thresh",Shen,Vi,Hwei,Yunara,Poppy,Chogath,Taliyah,Syndra,Jhin,Rell,VN2
VN2_1571348886,16.17.810.4348,1433,0,18607,16198,186,44,9,14,0,0,0,0,-2320,-2251,20927,18449,248,66,14,9,0,0,3,0,2320,2251,2026-09-20 09:15:17,"Caitlyn, Zoe, Vayne, Locke","Aatrox, Qiyana, Karma, Rek'Sai, Cassiopeia",Shen,Shaco,Xerath,Kaisa,Nautilus,Chogath,Graves,Ziggs,Samira,Rakan,VN2
VN2_1582315433,16.18.817.5716,920,0,17300,18630,203,70,6,13,1,0,0,0,-2865,-1864,20165,20494,241,70,13,6,0,0,3,0,2865,1864,2026-09-20 09:15:20,"Aurelion Sol, Xerath, Zoe, Hecarim","Graves, Pyke, Locke, Akali, Irelia",Zac,Viego,Taliyah,Jhin,Thresh,Swain,LeeSin,Viktor,Yunara,Braum,VN2
VN2_1585372337,16.18.817.5716,1766,0,16409,19319,251,73,3,10,0,0,3,0,-3183,-770,19592,20089,232,59,10,3,1,0,0,0,3183,770,2026-09-20 09:15:24,"Malphite, Lissandra, Mel, Zoe, Rammus","Kai'Sa, Thresh, Nasus, Yuumi, Hecarim",KSante,MasterYi,Galio,Sivir,Morgana,Shen,LeeSin,Twitch,Zeri,Bard,VN2
VN2_1568402842,16.17.810.4348,917,0,17049,19207,232,70,6,16,0,0,0,0,-4210,-1063,21259,20270,222,58,16,6,1,0,3,0,4210,1063,2026-09-20 09:15:28,"Ezreal, Yorick, Lissandra, Pyke, Nasus","Heimerdinger, Hecarim, Pyke, LeBlanc, Thresh",Akali,Jax,Zoe,Caitlyn,Zilean,Pantheon,Viego,Anivia,Jhin,Bard,VN2
VN2_1577025031,16.18.816.5012,1798,0,16566,19655,268,62,3,5,0,0,1,0,-1441,226,18007,19429,273,67,5,3,1,0,2,0,1441,-226,2026-09-20 09:15:32,"Nidalee, Talon, Jayce, Malzahar, Twitch","Ezreal, Viktor, Pyke, Lee Sin",Udyr,JarvanIV,Xerath,Jinx,Thresh,Yone,Taliyah,Zoe,Kalista,Alistar,VN2
VN2_1583640182,16.18.817.5716,946,1,19350,20901,280,82,8,6,1,0,3,0,1142,1316,18208,19585,256,64,6,8,0,0,0,0,-1142,-1316,2026-09-20 09:15:35,"Poppy, Zed, Katarina, Sylas","Graves, Zoe, Ezreal, Malphite",Gragas,Hecarim,Ziggs,Kalista,Rell,Gwen,LeeSin,Lissandra,Lucian,Yuumi,VN2
VN2_1579900012,16.18.817.5716,1035,1,18237,20121,240,74,6,9,0,0,3,0,-1504,225,19741,19896,245,63,9,6,1,0,0,0,1504,-225,2026-09-20 09:15:39,"Viktor, Akali, Thresh, Pyke, Rengar","Kindred, Zoe, Neeko, Ambessa, Katarina",Sett,Sylas,Ahri,Yunara,Bard,Gnar,Zac,Galio,Jinx,Soraka,VN2
VN2_1583709515,16.18.817.5716,1404,1,19198,21137,270,79,7,7,0,0,3,0,1366,1519,17832,19618,232,66,7,7,1,0,0,0,-1366,-1519,2026-09-20 09:15:44,"Yuumi, Bel'Veth, Soraka, Cho'Gath","Kai'Sa, Malphite, Kindred, LeBlanc, K'Sante",Jax,Graves,Akali,Aphelios,Thresh,Renekton,Talon,Yone,Twitch,Rell,VN2
VN2_1563890373,16.17.810.4348,1921,1,17607,19433,208,58,7,7,0,0,1,0,-420,-169,18027,19602,265,68,7,7,1,0,2,0,420,169,2026-09-20 09:15:48,"Tristana, Pyke, Zoe, Kindred, Ambessa","Evelynn, Master Yi, Lee Sin, Aurelion Sol, Locke",Jax,Naafiri,Viktor,Jhin,Seraphine,Camille,Belveth,Xerath,Katarina,Yuumi,VN2
VN2_1583713611,16.18.817.5716,1845,1,20973,20637,242,86,14,9,1,0,3,0,2100,-107,18873,20744,254,52,9,14,0,0,0,0,-2100,107,2026-09-20 09:15:52,"Aurelion Sol, Locke, Vex, Malphite","Lucian, Jax, Ezreal, Zoe, Ambessa",Riven,LeeSin,Yasuo,Kaisa,Pantheon,Sion,MasterYi,Lissandra,Mel,Swain,VN2
VN2_1582484531,16.18.817.5716,1428,1,18956,20272,256,70,8,3,1,0,3,0,3068,711,15888,19561,229,61,3,8,0,0,0,0,-3068,-711,2026-09-20 09:15:55,"Darius, Gwen, Katarina, Pyke, Evelynn","Hecarim, Lulu, Zoe, Bel'Veth, Akali",Aatrox,Naafiri,Veigar,Ziggs,Camille,Nasus,Talon,Syndra,Kaisa,Zilean,VN2
VN2_1573009527,16.17.810.4348,976,0,18463,19999,255,70,10,7,0,0,1,0,305,-181,18158,20180,238,76,7,10,1,0,2,0,-305,181,2026-09-20 09:15:59,"Galio, Kindred, Karma, Pyke","Yasuo, Camille, Malphite, Evelynn",Sett,JarvanIV,Katarina,MissFortune,Seraphine,Renekton,Viego,Leblanc,Yunara,Lulu,VN2
VN2_1566625404,16.17.810.4348,1902,0,19591,19067,225,53,11,8,1,0,0,0,1191,-1060,18400,20127,288,58,8,11,0,0,3,0,-1191,1060,2026-09-20 09:16:05,"Janna, Graves, Kindred, Locke","Katarina, Evelynn, Jax, Locke",Akali,Qiyana,Xerath,Zeri,Zac,Irelia,Poppy,Yone,Syndra,Alistar,VN2
VN2_1583198707,16.18.817.5716,1946,1,17876,19482,241,70,6,11,0,0,3,0,-3407,-1677,21283,21159,269,84,11,6,1,0,0,0,3407,1677,2026-09-20 09:16:09,"Malphite, Tristana, Locke, Mel, Zoe","Lee Sin, Locke, Jax, Yuumi, Yasuo",Vayne,MonkeyKing,Ryze,Lux,Seraphine,Irelia,Hecarim,Ahri,Yunara,Alistar,VN2
VN2_1578531616,16.18.817.5716,1706,0,17936,19479,249,62,6,6,0,0,1,0,-655,-2075,18591,21554,256,80,6,6,1,0,2,0,655,2075,2026-09-20 09:16:13,"Kayn, Elise, Milio, Mel, Zed","LeBlanc, Heimerdinger, Locke, Graves",Camille,Taliyah,Jayce,Jhin,Seraphine,Gwen,Hecarim,Qiyana,Zeri,Brand,VN2
VN2_1580164904,16.18.817.5716,1951,1,21505,20571,252,70,13,6,1,0,3,0,2579,1101,18926,19470,267,72,6,13,0,0,0,0,-2579,-1101,2026-09-20 09:16:17,"Rell, Graves, K'Sante, Thresh, LeBlanc","Zoe, Kindred, Anivia, Leona",Qiyana,LeeSin,Ryze,Taliyah,Bard,Zed,Karthus,Syndra,Sivir,Yuumi,VN2
VN2_1573987785,16.17.810.4348,935,0,15645,18185,241,61,2,16,0,0,0,0,-6813,-4184,22458,22369,275,67,16,2,1,0,3,0,6813,4184,2026-09-20 09:16:20,"Viktor, Malphite","Lucian, Viktor, Jayce, Taliyah, Poppy",Tryndamere,Graves,Lissandra,Kaisa,Karma,KSante,LeeSin,Lux,Samira,Leona,VN2
VN2_1569242073,16.17.810.4348,1444,0,19363,21529,273,83,9,7,0,0,3,0,262,1495,19101,20034,268,60,7,9,1,0,0,0,-262,-1495,2026-09-20 09:16:24,"Akali, Poppy, Zoe, Akshan, Gwen","Locke, Aatrox, Karma, Graves, Thresh",Yone,LeeSin,Viktor,Smolder,Rell,Chogath,MonkeyKing,Taliyah,Lucian,Taric,VN2
VN2_1584405860,16.18.817.5716,1997,0,17783,19868,273,59,4,13,0,0,0,0,-3846,-2450,21629,22318,280,72,13,4,0,0,3,0,3846,2450,2026-09-20 09:16:28,"Caitlyn, Pyke, Malphite, Rammus","Locke, Lee Sin, Sylas, Pyke",Gwen,Graves,Yasuo,Yunara,Rell,Zoe,Jayce,Galio,Jinx,Alistar,VN2
VN2_1576302310,16.18.815.9717,1519,0,18737,18831,228,74,10,9,0,0,3,0,81,-829,18656,19660,230,64,9,10,1,0,0,0,-81,829,2026-09-20 09:16:31,"Rek'Sai, LeBlanc, Morgana, Aatrox, Pyke","Viktor, Yuumi, Anivia, Lucian",Nasus,Graves,Irelia,Varus,Leona,Zed,Viego,Lissandra,Kalista,Janna,VN2
VN2_1571210548,16.17.810.4348,1221,1,19477,19484,222,72,13,7,0,0,2,0,1869,1773,17608,17711,233,64,7,13,0,0,1,0,-1869,-1773,2026-09-20 09:16:35,"Jayce, Kai'Sa, Rell, LeBlanc, Shaco","Lulu, LeBlanc, Ezreal, Locke, Hecarim",Garen,Viego,Zoe,Twitch,Pyke,Ambessa,Fizz,Talon,AurelionSol,Azir,VN2
VN2_1566713188,16.17.810.4348,1786,0,17822,19144,259,62,6,8,0,0,3,0,-1550,-683,19372,19827,252,64,8,6,1,0,0,0,1550,683,2026-09-20 09:16:39,"Viktor, Ezreal, Pyke, Taric","Jax, Lucian",Rumble,LeeSin,Lissandra,Sivir,Karma,Irelia,Gragas,Zed,Aphelios,Seraphine,VN2
VN2_1581607359,16.18.817.5716,1601,0,19887,18632,221,58,11,14,1,0,0,0,-662,-1537,20549,20169,224,66,14,11,0,0,3,0,662,1537,2026-09-20 09:16:42,"Kindred, Lee Sin, Caitlyn, Nasus, Cassiopeia","Twisted Fate, Jax, Lee Sin, Qiyana",Irelia,Zed,Diana,Jhin,Camille,Vayne,Talon,Locke,Ezreal,Neeko,VN2
VN2_1582495783,16.18.817.5716,2467,0,20253,21189,211,71,12,11,0,0,0,0,-517,2015,20770,19174,236,62,11,12,0,0,3,0,517,-2015,2026-09-20 09:16:46,"Hecarim, Lee Sin, Mel, LeBlanc, Nasus","Ambessa, Zed, Ezreal, Evelynn, Nocturne",KSante,Graves,Katarina,Seraphine,Sona,Locke,Qiyana,Jayce,Cassiopeia,Leona,VN2
VN2_1585092683,16.18.817.5716,1309,1,20960,22149,279,89,10,6,0,0,3,1,3841,2865,17119,19284,218,56,6,10,1,0,0,0,-3841,-2865,2026-09-20 09:16:49,"Zoe, Mel, Akali, Pyke, Heimerdinger","Zoe, Nautilus, Irelia, Qiyana",Yone,Taliyah,Tryndamere,Vayne,Lulu,Aatrox,Amumu,Vi,Ezreal,Yuumi,VN2
VN2_1576842803,16.18.816.5012,919,1,20642,19895,235,66,15,8,0,0,3,0,2312,1767,18330,18128,229,64,8,15,0,0,0,0,-2312,-1767,2026-09-20 09:16:53,"Bel'Veth, Pyke, Nasus, Blitzcrank, Viktor","Cho'Gath, Nidalee, Leona, Varus, Yorick",Yone,Kindred,Galio,Kaisa,Taliyah,Jax,Hecarim,Sylas,Sivir,Lulu,VN2
VN2_1575044413,16.17.810.4348,984,0,18732,17639,241,44,8,13,0,0,0,0,-407,1174,19139,16465,155,56,13,8,0,0,3,0,407,-1174,2026-09-20 09:16:56,"Locke, Zoe, Seraphine, Lulu, Tryndamere","Anivia, Lee Sin, Pyke, Akali, Nautilus",Jayce,Viego,Syndra,Kalista,Thresh,Malphite,Graves,Nunu,Taliyah,Janna,VN2
VN2_1567860176,16.17.810.4348,2116,0,17092,20407,274,68,4,5,1,0,0,0,-512,847,17604,19560,273,66,5,4,0,0,3,0,512,-847,2026-09-20 09:17:01,"Thresh, Locke, Malzahar, Anivia, Lucian","Xerath, Viktor, Tryndamere, Nautilus",KSante,Graves,Yasuo,Jinx,Seraphine,Yone,Qiyana,Leblanc,Yunara,Lulu,VN2
VN2_1582438885,16.18.817.5716,1756,0,19097,20872,253,80,10,7,0,0,1,0,965,351,18132,20521,238,80,7,10,1,0,2,0,-965,-351,2026-09-20 09:17:06,"Malphite, Evelynn, Pyke, Jayce, LeBlanc","Thresh, Yuumi, Tryndamere, Naafiri, Irelia",Sylas,LeeSin,Akali,Corki,Rell,Ambessa,Aatrox,Yone,Syndra,Rakan,VN2
VN2_1575172345,16.17.810.4348,1624,0,18474,19854,232,82,7,7,1,0,3,0,682,157,17792,19697,214,55,7,7,0,0,0,0,-682,-157,2026-09-20 09:17:10,"Vayne, Zoe, Morgana, Braum, Zed","Kayn, Blitzcrank, Alistar, Jayce, Akali",Aatrox,Qiyana,Galio,Kaisa,Leona,KSante,Evelynn,Malphite,Nilah,Seraphine,VN2
VN2_1568088920,16.17.810.4348,1394,0,17373,20138,233,70,5,8,0,0,1,0,-2273,-1185,19646,21323,280,78,8,5,1,0,2,0,2273,1185,2026-09-20 09:17:13,"LeBlanc, Akali, Locke, Akshan, Nasus","Locke, Elise, Twitch, Morgana, Ryze",KSante,Jax,Yone,Seraphine,Nautilus,Jayce,Nidalee,Ekko,Sivir,Rell,VN2
VN2_1580009492,16.18.817.5716,1915,0,19580,20638,239,64,12,9,0,0,3,0,708,1030,18872,19608,220,78,9,12,0,0,0,0,-708,-1030,2026-09-20 09:17:18,"Locke, Blitzcrank, Pantheon, Qiyana","Sivir, Yuumi, Zoe",Mordekaiser,JarvanIV,Leblanc,Ezreal,Shen,Ambessa,Talon,Katarina,Aphelios,Thresh,VN2
VN2_1568764736,16.17.810.4348,1406,0,17913,18946,248,42,5,18,0,0,0,0,-4396,-3882,22309,22828,262,84,18,5,0,0,3,0,4396,3882,2026-09-20 09:17:21,"Xerath, Pyke, LeBlanc","Lee Sin, Locke, Thresh, Ezreal",KogMaw,Talon,Galio,Ashe,Seraphine,Yone,Hecarim,Lux,Caitlyn,Shen,VN2
VN2_1581791950,16.18.817.5716,1559,0,17896,18401,233,60,6,10,0,0,3,0,-1470,-2461,19366,20862,267,66,10,6,1,0,0,0,1470,2461,2026-09-20 09:17:25,"Pyke, Hecarim, Lee Sin, Tryndamere, Blitzcrank","Syndra, Hecarim, Yuumi, Sivir, Rumble",Yone,Graves,TwistedFate,Tristana,Soraka,Zaahen,Vi,Orianna,Seraphine,Nautilus,VN2
VN2_1576931147,16.18.816.5012,1516,0,18094,19062,250,62,6,13,0,0,3,0,-3951,-2881,22045,21943,282,67,13,6,1,0,0,0,3951,2881,2026-09-20 09:17:29,"Soraka, Shaco, Lillia, Ezreal, Viktor","Viktor, Locke, Yuumi",Zoe,Graves,Lux,Kaisa,Leona,Azir,LeeSin,Lissandra,Zed,Mel,VN2
VN2_1576228487,16.18.815.9717,1135,1,19508,18647,222,68,13,5,1,0,0,0,2200,-95,17308,18742,240,69,5,13,0,0,3,0,-2200,95,2026-09-20 09:17:32,"Locke, Morgana, Cassiopeia, LeBlanc","Locke, Hecarim, Illaoi",KSante,Jayce,Sylas,Akshan,Skarner,Renekton,JarvanIV,Zoe,Kaisa,Janna,VN2
VN2_1585124528,16.18.817.5716,1293,0,17849,16514,209,54,7,16,0,0,0,0,-2375,-2103,20224,18617,217,49,16,7,1,0,0,0,2375,2103,2026-09-20 09:17:36,"Caitlyn, Katarina, Xerath, Zaahen","LeBlanc, Locke, Jax, Pyke",Chogath,Graves,Lux,Kaisa,Karma,Yone,MasterYi,Akali,Jhin,Blitzcrank,VN2
VN2_1585298577,16.18.817.5716,1630,0,16994,19110,264,74,4,10,0,0,3,0,-2844,-1707,19838,20817,259,80,10,4,1,0,0,0,2844,1707,2026-09-20 09:17:39,"Master Yi, Locke, Yuumi, Graves","Lissandra, Shaco, Zoe, Irelia, Vayne",Jayce,Nidalee,Galio,Kaisa,Nasus,KSante,Ambessa,Katarina,Kalista,Neeko,VN2
VN2_1568255244,16.17.810.4348,1925,0,18654,20688,263,68,8,5,0,0,2,0,724,138,17930,20550,269,68,5,8,1,0,1,0,-724,-138,2026-09-20 09:17:42,"Pyke, Yuumi, Yunara, Graves","Mel, Rek'Sai, Evelynn, Jax, Seraphine",DrMundo,Rengar,Orianna,Kaisa,Shen,Gwen,LeeSin,Katarina,Lucian,Pantheon,VN2
VN2_1579752566,16.18.817.5716,1788,0,19565,18932,229,58,13,11,0,0,3,0,-71,916,19636,18016,215,66,11,13,1,0,0,0,71,-916,2026-09-20 09:17:47,"Yasuo, Leona, Irelia","Ezreal, Graves, Nasus, Elise, Qiyana",Olaf,Poppy,Locke,Varus,Alistar,KSante,Belveth,Galio,MissFortune,Rell,VN2
VN2_1581502984,16.18.817.5716,926,0,18870,19054,240,52,10,13,0,0,0,0,-1921,-3627,20791,22681,270,74,13,10,1,0,3,0,1921,3627,2026-09-20 09:17:51,"Lucian, Bel'Veth, Udyr","Lulu, Nasus, Vex, Heimerdinger, Viktor",Yone,Viego,Lissandra,Xerath,Neeko,Aatrox,Hecarim,Yasuo,Samira,Thresh,VN2
VN2_1582633560,16.18.817.5716,1934,1,18536,20040,247,75,7,3,0,0,3,0,1532,1079,17004,18961,265,58,3,7,0,0,0,0,-1532,-1079,2026-09-20 09:17:55,"Mel, Pyke, Tryndamere, Irelia, Sylas","LeBlanc, Ambessa, Caitlyn, Elise",Aatrox,Hecarim,Lux,Yunara,Karma,Jayce,Graves,Zoe,Aphelios,Milio,VN2
VN2_1580573490,16.18.817.5716,1380,0,19351,19251,232,61,9,6,0,0,3,0,86,-509,19265,19760,250,72,6,9,1,0,0,0,-86,509,2026-09-20 09:17:58,"Lucian, Qiyana, Mel","Pyke, Rell, Zoe, Akshan, Shaco",Akali,JarvanIV,Diana,MissFortune,Seraphine,Ambessa,Sylas,Yone,Jhin,Karma,VN2
VN2_1582032443,16.18.817.5716,936,1,21026,21103,255,77,14,5,0,0,3,0,3840,1775,17186,19328,242,73,5,14,0,0,0,0,-3840,-1775,2026-09-20 09:18:03,"Sylas, Blitzcrank","Ryze, LeBlanc, Rengar, Blitzcrank, Bel'Veth",Jayce,Graves,Galio,Jhin,Shaco,Skarner,Taliyah,Locke,MissFortune,Pyke,VN2
VN2_1581573732,16.18.817.5716,1770,0,19082,19071,218,70,10,10,0,0,3,0,-1306,-2227,20388,21298,270,80,10,10,1,0,0,0,1306,2227,2026-09-20 09:18:06,"Locke, Darius, Sylas, Poppy","Nasus, Lucian, Zoe, Leona, LeBlanc",Jax,Qiyana,Lissandra,Kaisa,Neeko,Rumble,LeeSin,Yasuo,Tristana,Lux,VN2
VN2_1580586895,16.18.817.5716,2022,1,16783,20006,245,75,4,5,0,0,3,0,-573,197,17356,19809,222,74,5,4,1,0,0,0,573,-197,2026-09-20 09:18:10,"Lissandra, Naafiri, Pyke, Zoe","Twitch, Twisted Fate, Yasuo, Zoe",Aatrox,Jayce,Viktor,Kaisa,Lulu,Yone,Talon,Kassadin,Ziggs,Rakan,VN2
VN2_1570892143,16.17.810.4348,1687,0,18554,20799,267,74,6,8,0,0,3,0,-181,1400,18735,19399,264,58,8,6,1,0,0,0,181,-1400,2026-09-20 09:18:13,"Locke, Kayn, LeBlanc, Renekton, Poppy","Nasus, Ezreal, Zoe, Jayce",Riven,LeeSin,Syndra,Kaisa,Camille,DrMundo,Qiyana,Galio,Jhin,AurelionSol,VN2
VN2_1583851274,16.18.817.5716,931,1,20494,21146,271,74,10,4,1,0,3,0,4286,3125,16208,18021,219,60,4,10,0,0,0,0,-4286,-3125,2026-09-20 09:18:16,"Kai'Sa, Ambessa, Heimerdinger, Annie, Locke","Thresh, Tristana, Nautilus, Master Yi",Yorick,Graves,Aurora,Sivir,Janna,Renekton,MonkeyKing,Kled,Jinx,Rell,VN2
VN2_1582063669,16.18.817.5716,2226,0,21501,19875,245,66,14,6,0,0,1,0,3018,113,18483,19762,258,83,6,14,0,0,2,0,-3018,-113,2026-09-20 09:18:22,"Xerath, Anivia, Malzahar","Lee Sin, Tryndamere, Zoe, Mel",Zed,JarvanIV,Locke,Kaisa,Camille,Malphite,Kindred,Viktor,Kalista,Pyke,VN2
VN2_1571204806,16.17.810.4348,1493,1,18849,19489,248,58,9,6,1,0,1,0,1202,338,17647,19151,244,65,6,9,0,0,1,0,-1202,-338,2026-09-20 09:18:25,"Morgana, Heimerdinger, Thresh, LeBlanc, Cho'Gath","Locke, Jax, Mel, Rek'Sai, LeBlanc",Yorick,LeeSin,Fizz,Yunara,Rell,Zaahen,XinZhao,Ahri,Lucian,Lulu,VN2
VN2_1583796994,16.18.817.5716,1832,1,18660,19890,241,59,9,6,0,0,0,0,1185,315,17475,19575,238,84,6,9,1,0,3,0,-1185,-315,2026-09-20 09:18:29,"Nidalee, Viktor, Caitlyn, Zac, Malphite","Mel, Sylas, Locke, Zoe, Xerath",Quinn,Chogath,Ahri,Aphelios,Gragas,Yone,Hecarim,Brand,Taliyah,Camille,VN2
VN2_1571746032,16.17.810.4348,932,1,19890,22269,289,77,12,1,0,0,3,0,4233,4170,15657,18099,248,75,1,12,1,0,0,0,-4233,-4170,2026-09-20 09:18:33,"Twisted Fate, Tryndamere, Braum, Jax","Yuumi, Blitzcrank, Lee Sin",Irelia,XinZhao,Akali,KogMaw,Lulu,Aatrox,Lillia,Jayce,Caitlyn,Milio,VN2
VN2_1571692598,16.17.810.4348,1933,0,16742,19581,252,76,3,6,0,0,0,0,-2500,-1486,19242,21067,291,84,6,3,1,0,3,0,2500,1486,2026-09-20 09:18:36,"Lee Sin, Blitzcrank, Yuumi, Nasus, Akali","Jhin, Pyke, Kindred",Ambessa,Gragas,Tryndamere,Yunara,Milio,Jax,Hecarim,Lissandra,Caitlyn,Zilean,VN2
VN2_1577117600,16.18.816.5012,1609,0,19597,19441,228,52,11,12,0,0,0,0,-265,-183,19862,19624,222,66,12,11,0,0,3,0,265,183,2026-09-20 09:18:40,"Jax, Zoe, Kindred, Yuumi, Nilah","Rell, Yuumi, Heimerdinger, Evelynn",Zaahen,Vi,Ahri,Yone,Locke,Shen,LeeSin,Ziggs,Ezreal,Janna,VN2
VN2_1582853879,16.18.817.5716,2076,0,18524,19855,252,70,6,3,0,0,3,0,2239,1249,16285,18606,229,51,3,6,1,0,0,0,-2239,-1249,2026-09-20 09:18:43,"Irelia, Syndra, Sett, Sivir","Leona, Hecarim, Twitch, Alistar, Sylas",Chogath,Zed,Akshan,Heimerdinger,Seraphine,Zaahen,Qiyana,Ekko,Karthus,Yuumi,VN2
VN2_1574662887,16.17.810.4348,921,1,21070,20782,238,81,15,4,1,0,3,0,4613,2366,16457,18416,244,55,4,15,0,0,0,0,-4613,-2366,2026-09-20 09:18:47,"Irelia, LeBlanc, Mel, Nasus, Hecarim","Ambessa, Zoe, Yuumi, Kindred, Ezreal",Jayce,Chogath,Galio,Seraphine,Pantheon,Heimerdinger,Viego,Qiyana,Yunara,Braum,VN2
VN2_1570920878,16.17.810.4348,1628,0,16885,19254,252,74,3,9,0,0,3,0,-1230,-1336,18115,20590,239,76,9,3,1,0,0,0,1230,1336,2026-09-20 09:18:51,"Lucian, Graves, Renekton, Ashe, Nasus","Yunara, Kindred, Lucian, Jayce, Anivia",Riven,Qiyana,Zoe,Ezreal,Soraka,Gwen,Kayn,Diana,Kaisa,Pyke,VN2
VN2_1584466491,16.18.817.5716,1940,1,19056,20647,272,70,9,2,1,0,0,0,3568,1108,15488,19539,215,83,2,9,0,0,3,0,-3568,-1108,2026-09-20 09:18:54,"Gangplank, Graves, Zoe, Sylas","Sylas, Ashe, Brand, Zoe, Master Yi",Gragas,Belveth,Katarina,Xayah,Trundle,Poppy,Hecarim,Taliyah,Kaisa,Yuumi,VN2
VN2_1576891692,16.18.816.5012,1410,1,20786,21916,257,64,17,3,0,0,0,0,4416,3354,16370,18562,239,76,3,17,1,0,0,0,-4416,-3354,2026-09-20 09:18:58,"Yuumi, Lee Sin, Locke","Mel, Kindred, Zoe, Renekton, Locke",Jayce,Shaco,Leblanc,Ezreal,Soraka,Yone,Graves,Ryze,Lucian,Pyke,VN2
VN2_1584350534,16.18.817.5716,1676,0,17610,19091,250,70,5,4,0,0,3,0,950,155,16660,18936,214,88,4,5,1,0,0,0,-950,-155,2026-09-20 09:19:01,"Tristana, Locke, Graves, Nautilus, Vayne","Syndra, Malphite, Zoe, Yasuo",Darius,LeeSin,Malzahar,Jhin,Xerath,Tryndamere,Jayce,Heimerdinger,Twitch,Shen,VN2
VN2_1576089705,16.18.815.9717,1796,1,17235,17314,204,54,8,7,1,0,0,0,-1131,-2418,18366,19732,230,64,7,8,0,0,0,0,1131,2418,2026-09-20 09:19:05,"Cho'Gath, Viktor, Akali, Locke","Lee Sin, Rell, Blitzcrank, Nautilus",Malphite,Kindred,Zoe,Caitlyn,Elise,Sylas,Hecarim,Diana,Yasuo,Nami,VN2
VN2_1582958315,16.18.817.5716,1848,1,19083,20523,286,62,7,0,0,0,3,0,3964,1401,15119,19122,246,79,0,7,0,0,0,0,-3964,-1401,2026-09-20 09:19:09,"Lulu, Rell, Yuumi, Zoe, K'Sante","Talon, Cassiopeia, Pyke, Sylas",Gangplank,Jayce,Viktor,Zeri,Velkoz,Yasuo,Graves,Chogath,Syndra,Soraka,VN2
VN2_1584316421,16.18.817.5716,1515,0,17037,17177,181,64,7,14,0,0,0,0,-4408,-2906,21445,20083,265,66,14,7,0,0,3,0,4408,2906,2026-09-20 09:19:12,"Locke, Pantheon, Anivia, Pyke","Poppy, Xerath, Irelia, Mel",Riven,Graves,Katarina,Caitlyn,Lux,Ambessa,Talon,Akali,Ezreal,Karma,VN2
VN2_1574562492,16.17.810.4348,1791,0,21260,19382,249,45,13,11,0,0,0,1,1540,579,19720,18803,235,83,11,13,1,0,3,0,-1540,-579,2026-09-20 09:19:16,"Tryndamere, Zoe, Kha'Zix, Lulu","LeBlanc, Pyke, Nasus, Yuumi",Ambessa,Graves,TwistedFate,Jinx,Lux,Warwick,LeeSin,Cassiopeia,Jhin,Zilean,VN2
VN2_1561051995,16.17.810.4348,1682,1,18627,20041,266,63,8,2,0,0,0,0,3091,2034,15536,18007,222,68,2,8,0,0,0,0,-3091,-2034,2026-09-20 09:19:20,"Poppy, LeBlanc, Mel","Lee Sin, Urgot, Viktor, Yuumi, Mel",Jayce,Qiyana,Hwei,Kaisa,Rell,Tryndamere,Fizz,Aurora,Jhin,Thresh,VN2
VN2_1584749013,16.18.817.5716,1853,0,18285,18354,253,60,8,4,0,0,2,0,528,-833,17757,19187,249,76,4,8,0,0,0,0,-528,833,2026-09-20 09:19:23,"Poppy, Rengar, Tryndamere, Blitzcrank, Fizz","Poppy, Nasus, Syndra, Shaco, Heimerdinger",Ambessa,LeeSin,Aurora,Zeri,Rell,KSante,Qiyana,Leblanc,Yunara,Lulu,VN2
VN2_1580518981,16.18.817.5716,2160,0,17303,19188,261,72,4,8,0,0,2,0,-1395,-981,18698,20169,272,58,8,4,1,0,1,0,1395,981,2026-09-20 09:19:27,"Akshan, Katarina, Bard, Locke, Qiyana","Zed, Poppy, Nidalee, Lucian, Pyke",Jayce,MonkeyKing,Veigar,Jhin,Morgana,Olaf,Zac,Zoe,Tristana,Yuumi,VN2
VN2_1583078224,16.18.817.5716,2034,0,17667,18037,216,53,7,12,0,0,3,0,-3242,-2852,20909,20889,261,80,12,7,1,0,0,0,3242,2852,2026-09-20 09:19:30,"Irelia, Caitlyn, Xerath, Qiyana, Malzahar","LeBlanc, Rek'Sai, Lee Sin, Soraka, Cho'Gath",Naafiri,Sylas,Sion,Kalista,Taric,Pantheon,Diana,Aurora,Ashe,Seraphine,VN2
VN2_1585007407,16.18.817.5716,1180,1,19897,20014,249,70,11,8,0,0,3,0,1963,1812,17934,18202,250,52,8,11,0,0,0,0,-1963,-1812,2026-09-20 09:19:34,"Soraka, Evelynn, Pyke, Viktor, Irelia","Lee Sin, Shaco, Pyke, Zoe, Mel",Jayce,Chogath,TwistedFate,Kaisa,Elise,Nasus,Hecarim,Akali,Sivir,Swain,VN2
VN2_1574519032,16.17.810.4348,1554,1,19378,19499,243,48,11,5,0,0,0,0,1773,-90,17605,19589,248,67,5,11,1,0,0,0,-1773,90,2026-09-20 09:19:37,"Zoe, Nasus, Sivir","Yuumi, Lee Sin, Viktor, Ezreal, Naafiri",Gragas,Nidalee,TwistedFate,Kalista,Thresh,Malphite,Evelynn,Lissandra,Caitlyn,Bard,VN2
VN2_1582080642,16.18.817.5716,1895,0,18256,20048,245,64,8,6,1,0,0,0,524,359,17732,19689,265,62,6,8,0,0,3,0,-524,-359,2026-09-20 09:19:41,"Aatrox, Zed, Pyke","Zoe, Locke, Ezreal, Nasus, Twisted Fate",Anivia,MonkeyKing,Galio,Zeri,Yuumi,Zaahen,LeeSin,Hwei,Xayah,Rakan,VN2
VN2_1583872883,16.18.817.5716,1363,0,18718,19363,248,70,9,6,0,0,3,0,1092,-1235,17626,20598,245,76,6,9,1,0,0,0,-1092,1235,2026-09-20 09:19:45,"Ambessa, Zoe, Shaco, Ryze","Nautilus, Braum, Yone, Pyke, Heimerdinger",Tryndamere,Graves,Sylas,Aphelios,Rell,Zaahen,Nidalee,Zed,MissFortune,Alistar,VN2
VN2_1581554168,16.18.817.5716,2012,0,17574,18898,222,54,7,11,0,0,3,0,-2392,-1787,19966,20685,249,75,11,7,1,0,0,0,2392,1787,2026-09-20 09:19:50,"Sylas, Draven, Graves, Tryndamere, Pyke","Yone, Elise, LeBlanc, Zoe",Jax,Viego,Ambessa,Kalista,Blitzcrank,Vladimir,Hecarim,Sett,Ashe,Janna,VN2
VN2_1576956453,16.18.816.5012,1337,0,17138,20583,250,82,3,11,1,0,3,0,-2529,-1901,19667,22484,259,68,11,3,0,0,0,0,2529,1901,2026-09-20 09:19:53,"Kog'Maw, Locke, Kalista, Lulu, Malzahar","Caitlyn, Lee Sin, LeBlanc, Hecarim, Jayce",Varus,Diana,Zed,Yasuo,Alistar,Ambessa,Evelynn,Syndra,Nilah,Rell,VN2
VN2_1579650161,16.18.817.5716,1951,1,20427,21144,261,75,8,6,0,0,0,0,2058,1202,18369,19942,247,65,6,8,0,0,3,0,-2058,-1202,2026-09-20 09:19:57,"Jax, Mel, Ezreal","Zoe, Rengar, Cassiopeia, Pyke, K'Sante",Irelia,Jayce,Yasuo,Lux,Xerath,Riven,Taliyah,Galio,Kaisa,Rakan,VN2
VN2_1583629558,16.18.817.5716,1867,1,21052,22210,282,68,12,5,1,0,0,0,4568,2395,16484,19815,241,65,5,12,0,0,3,0,-4568,-2395,2026-09-20 09:20:00,"Locke, Nautilus, Zed, Akali, Briar","Ezreal, Graves, Lulu, Yuumi",Leblanc,Hecarim,Irelia,Kaisa,Pyke,Nasus,Viego,Yasuo,AurelionSol,Velkoz,VN2
VN2_1571244586,16.17.810.4348,1973,0,17525,18275,241,49,6,11,0,0,0,0,-2802,-1694,20327,19969,251,68,11,6,1,0,3,0,2802,1694,2026-09-20 09:20:04,"Vayne, Bard, Nautilus","Kalista, Aatrox, Mel, Sylas",DrMundo,LeeSin,Lissandra,Tristana,Neeko,Chogath,Graves,AurelionSol,Yasuo,Seraphine,VN2
VN2_1571412709,16.17.810.4348,1403,0,17128,16602,220,48,6,12,0,0,0,0,-2600,-2563,19728,19165,234,65,12,6,1,0,3,0,2600,2563,2026-09-20 09:20:07,"Darius, Nocturne, Yuumi, Shaco","Ezreal, Ziggs, Zoe, Renekton, Locke",Camille,Nidalee,Akshan,Jhin,Galio,Ambessa,Naafiri,Viktor,AurelionSol,Poppy,VN2
VN2_1582665306,16.18.817.5716,1717,1,19589,19354,202,64,11,13,0,0,0,0,-1663,-774,21252,20128,258,62,13,11,1,0,3,1,1663,774,2026-09-20 09:20:10,"Yuumi, Zoe, Jayce, Rakan, Ambessa","Locke, Xerath, Graves, LeBlanc",Sett,Qiyana,Taliyah,Katarina,Rell,Urgot,LeeSin,Irelia,Syndra,Karma,VN2
VN2_1581530962,16.18.817.5716,1106,1,17238,21501,265,90,4,5,0,0,3,0,-775,1177,18013,20324,268,71,5,4,1,0,0,0,775,-1177,2026-09-20 09:20:14,"Cho'Gath, Lulu, Nautilus","Jayce, Heimerdinger, Viktor, Locke, Zilean",Yone,Diana,Akshan,Lucian,Yuumi,Ambessa,Qiyana,Ryze,Ashe,Seraphine,VN2
VN2_1580292761,16.18.817.5716,2111,1,16821,18418,221,72,5,12,0,0,1,0,-4203,-2400,21024,20818,264,74,12,5,0,0,2,0,4203,2400,2026-09-20 09:20:17,"Malphite, Bard, Anivia, LeBlanc","Pyke, Akali, Galio, Sylas, Kindred",Zed,Graves,Viktor,Kalista,Blitzcrank,KSante,Chogath,Katarina,Kaisa,Ekko,VN2
VN2_1580645903,16.18.817.5716,1406,0,18548,20319,249,91,7,11,0,0,3,0,-1541,-565,20089,20884,244,66,11,7,1,0,0,0,1541,565,2026-09-20 09:20:21,"Aatrox, Camille, Nautilus, Zoe","Rumble, Poppy, Bel'Veth, LeBlanc, Pyke",Ambessa,Hecarim,Vex,Lucian,Soraka,KSante,Qiyana,Annie,Xayah,Brand,VN2
VN2_1572687279,16.17.810.4348,1483,1,20432,19812,242,60,13,9,0,0,2,0,847,-916,19585,20728,247,54,9,13,1,0,1,0,-847,916,2026-09-20 09:20:25,"Zac, Viktor, Irelia, LeBlanc","Zoe, Yuumi, Nocturne, Jax",Ambessa,Talon,Lissandra,Ezreal,Shaco,KSante,Vi,Ekko,Kaisa,Karma,VN2
VN2_1581999526,16.18.817.5716,1953,1,18700,19940,216,66,10,6,1,0,3,0,875,582,17825,19358,245,67,6,10,0,0,0,0,-875,-582,2026-09-20 09:20:29,"Pyke, Hecarim, Graves, Akshan, Qiyana","Alistar, Graves, Locke, Yuumi, Shaco",Skarner,Zed,Chogath,Sivir,Bard,Aatrox,Udyr,Annie,Yunara,Thresh,VN2
VN2_1579702430,16.18.817.5716,1238,0,15621,17894,209,68,3,13,0,0,0,0,-4848,-2775,20469,20669,296,65,13,3,0,0,3,0,4848,2775,2026-09-20 09:20:33,"Twisted Fate, Mel, Tryndamere, LeBlanc, Ezreal","LeBlanc, Yuumi, Zed, Jax, Malphite",Ambessa,Viego,Katarina,AurelionSol,Pyke,Yasuo,Talon,Viktor,Kaisa,Zoe,VN2
VN2_1581677878,16.18.817.5716,1689,1,17101,18249,241,39,9,5,0,0,0,0,736,1904,16365,16345,217,39,5,9,0,0,0,0,-736,-1904,2026-09-20 09:20:36,"Thresh, Shaco, Renekton","Darius, LeBlanc, Shaco, Yorick, Taliyah",Nasus,JarvanIV,Orianna,Twitch,Yuumi,Quinn,Gragas,Ryze,Yasuo,Rell,VN2
VN2_1583520651,16.18.817.5716,911,1,20510,19908,250,64,10,4,1,0,3,0,4088,932,16422,18976,245,69,4,10,0,0,0,0,-4088,-932,2026-09-20 09:20:40,"Zoe, Irelia, Shaco, Hecarim, Pyke","Naafiri, Viktor, Malphite",Jayce,Vi,Leblanc,Kaisa,Bard,Riven,LeeSin,Ahri,Ezreal,Yuumi,VN2
VN2_1584702957,16.18.817.5716,1549,1,18866,19000,194,72,10,5,1,0,2,0,1285,-134,17581,19134,237,73,5,10,0,0,1,0,-1285,134,2026-09-20 09:20:43,"Zoe, Kai'Sa, Lee Sin, Bard","Lissandra, Shaco, Malphite, Darius, Zed",Jax,Fizz,Locke,Yasuo,Lulu,Kennen,Rengar,Yone,Lucian,Milio,VN2
VN2_1574545238,16.17.810.4348,1541,0,21385,21402,238,89,15,12,0,0,3,0,1321,2076,20064,19326,245,48,12,15,1,0,0,0,-1321,-2076,2026-09-20 09:20:47,"Morgana, LeBlanc, Kindred, Bard, Jayce","Tryndamere, Kindred, Pyke, LeBlanc, Zeri",Udyr,Naafiri,Akali,Ezreal,Camille,Aatrox,Karthus,Irelia,MissFortune,Rakan,VN2
VN2_1576002018,16.18.815.9717,1616,0,19078,19530,232,68,9,8,1,0,2,0,543,741,18535,18789,234,57,8,9,0,0,1,0,-543,-741,2026-09-20 09:20:52,"Lee Sin, Zoe, Akali, Morgana, Karma","Morgana, Zoe, Pyke, Nasus",Ornn,Talon,Yone,Jinx,Thresh,Yasuo,Shaco,Leblanc,Kaisa,Leona,VN2
VN2_1584311384,16.18.817.5716,1562,0,17015,18652,232,68,5,9,0,0,0,0,-2110,-2336,19125,20988,246,78,9,5,1,0,3,0,2110,2336,2026-09-20 09:20:55,"Graves, Lulu, Renekton, Zoe, Tristana","Evelynn, Akali, Zoe, Mel",Gnar,Sejuani,Jayce,Jhin,Lux,Heimerdinger,LeeSin,Xerath,Kaisa,Pyke,VN2
VN2_1581972733,16.18.817.5716,2065,0,21531,19142,236,51,15,11,0,0,0,0,1245,-917,20286,20059,227,82,11,15,0,0,3,0,-1245,917,2026-09-20 09:21:00,"Nasus, Sylas, Jax, Kayn, Katarina","Lee Sin, Gnar, Zoe",Malphite,Graves,Xerath,Yunara,Rell,KSante,Hecarim,Taliyah,Kaisa,Blitzcrank,VN2
VN2_1567012863,16.17.810.4348,1716,0,19739,18101,232,67,11,10,1,0,0,0,1577,-1580,18162,19681,225,70,10,11,0,0,3,0,-1577,1580,2026-09-20 09:21:04,"Qiyana, Tryndamere, Mel, Irelia, Nilah","Akali, Twitch, Lee Sin, Zoe, Katarina",Ambessa,Graves,Akshan,Kaisa,Seraphine,Yone,Fizz,Malphite,MissFortune,Neeko,VN2
VN2_1582948947,16.18.817.5716,1489,1,20032,21863,249,82,10,5,0,0,3,0,3111,2493,16921,19370,227,71,5,10,1,0,0,0,-3111,-2493,2026-09-20 09:21:07,"Pyke, Ekko, Naafiri, Anivia","Yuumi, Caitlyn, Naafiri",Zed,LeeSin,Akali,Yunara,Lulu,Shen,Nidalee,Pantheon,Ezreal,Seraphine,VN2
VN2_1583144685,16.18.817.5716,1935,0,19221,21881,289,75,7,4,1,0,2,0,1650,2147,17571,19734,280,68,4,7,0,0,0,0,-1650,-2147,2026-09-20 09:21:12,"Locke, Yuumi, Shaco, Milio, Malphite","Locke, LeBlanc, Lucian, Sylas, Irelia",Ambessa,Viego,Zoe,Kalista,Morgana,Swain,LeeSin,Galio,Yunara,Alistar,VN2
VN2_1581475753,16.18.817.5716,1606,0,18707,19194,220,55,11,12,1,0,1,0,-1129,-1375,19836,20569,244,60,12,11,0,0,2,0,1129,1375,2026-09-20 09:21:15,"Seraphine, Ezreal, Zed, Jayce, Sylas","Graves, Nautilus, Twisted Fate, Heimerdinger, Pyke",Nasus,Briar,Ekko,Caitlyn,Alistar,Gwen,LeeSin,Malzahar,Varus,Karma,VN2
VN2_1568466433,16.17.810.4348,1622,1,19095,20085,264,73,8,9,1,0,2,0,-170,746,19265,19339,258,66,9,8,0,0,1,0,170,-746,2026-09-20 09:21:19,"Locke, Heimerdinger, Lee Sin, Tristana, Karma","Locke, Thresh, Master Yi, Yuumi, Elise",Pantheon,Kindred,Ahri,Kaisa,Rell,Jayce,XinZhao,Akali,Ezreal,Bard,VN2
VN2_1583775108,16.18.817.5716,1554,1,18383,20688,278,73,6,4,0,0,1,0,1170,749,17213,19939,276,60,4,6,0,0,2,0,-1170,-749,2026-09-20 09:21:23,"Locke, Lee Sin, Malphite, Pyke","Evelynn, Sylas, Pyke, Locke",Riven,Talon,Syndra,Yunara,Lulu,Zilean,JarvanIV,Viktor,Tristana,Milio,VN2
VN2_1572579408,16.17.810.4348,922,0,18450,19601,204,73,8,10,0,0,0,0,-901,-973,19351,20574,243,77,10,8,1,0,3,0,901,973,2026-09-20 09:21:26,"Caitlyn, Evelynn, Sivir, Olaf, Zoe","Viktor, Yone, Locke",Urgot,Qiyana,Katarina,Kaisa,Blitzcrank,Jax,LeeSin,Ahri,Lucian,Morgana,VN2
VN2_1583069137,16.18.817.5716,1426,0,17756,18946,255,62,4,5,0,0,1,0,-328,-192,18084,19138,273,68,5,4,1,0,2,0,328,192,2026-09-20 09:21:30,"LeBlanc, Malphite, Taliyah, Yasuo, Locke","Evelynn, Zoe, Soraka, Locke",Riven,Talon,Ryze,Yunara,Rakan,Chogath,Graves,Syndra,Ezreal,Rell,VN2
VN2_1575348812,16.17.810.4348,1300,0,16917,17964,237,50,5,9,1,0,0,0,-2358,-1348,19275,19312,242,71,9,5,0,0,3,0,2358,1348,2026-09-20 09:21:33,"Aatrox, Lissandra, Pyke, Rell","Twisted Fate, Nasus, Evelynn, Viktor",Chogath,Talon,Akali,Aphelios,Leona,Jayce,LeeSin,Zoe,Caitlyn,Skarner,VN2
VN2_1585194335,16.18.817.5716,1698,0,18715,21512,286,72,5,9,0,0,0,0,-1608,-492,20323,22004,280,61,9,5,1,0,3,0,1608,492,2026-09-20 09:21:37,"Zoe, Kindred, Fiddlesticks, Yone, LeBlanc","Yone, Hecarim, Yasuo, Irelia",Jax,Belveth,Viktor,Zeri,Pyke,Heimerdinger,MasterYi,Sion,Lucian,Milio,VN2
VN2_1584116155,16.18.817.5716,1198,1,21165,21555,300,77,12,3,0,0,3,0,5760,2423,15405,19132,217,56,3,12,0,0,0,0,-5760,-2423,2026-09-20 09:21:42,"Heimerdinger, Nautilus, Qiyana","Yone, Locke, Sivir, Morgana, Zoe",Gangplank,Graves,Gwen,Aphelios,Shen,Jax,LeeSin,Ahri,Ezreal,Thresh,VN2
VN2_1577253419,16.18.816.5012,919,1,22122,22312,288,85,14,0,1,0,3,0,8904,6589,13218,15723,181,52,0,14,0,0,0,0,-8904,-6589,2026-09-20 09:21:45,"Lee Sin, Yuumi, Pyke, Graves","Alistar, Evelynn, Bard, Caitlyn, Ambessa",Gragas,Kindred,Irelia,Jhin,Velkoz,Nasus,Jax,Katarina,Yunara,Lulu,VN2
VN2_1583008707,16.18.817.5716,1289,1,19550,21050,252,80,8,6,0,0,0,0,1552,552,17998,20498,278,66,6,8,1,0,3,0,-1552,-552,2026-09-20 09:21:49,"Braum, Nasus, LeBlanc, Twisted Fate, Locke","Locke, Shaco, Lee Sin, Tryndamere",Ambessa,Chogath,Ryze,Zeri,Lulu,Renekton,Evelynn,Lissandra,Aphelios,Thresh,VN2
VN2_1554351001,16.16.804.9184,1388,1,19464,19234,244,57,8,12,0,0,3,0,-740,783,20204,18451,239,48,12,8,0,0,0,0,740,-783,2026-09-20 09:21:52,"Tryndamere, LeBlanc, Lee Sin, Leona, Anivia","Zoe, Thresh, Pyke, Nunu & Willump, Urgot",Rumble,Graves,Qiyana,Tristana,Nautilus,Vayne,Locke,Ahri,Kaisa,Pantheon,VN2
VN2_1582645680,16.18.817.5716,1851,0,19879,21870,295,88,7,6,0,0,0,0,1391,826,18488,21044,276,57,6,7,1,0,3,0,-1391,-826,2026-09-20 09:21:56,"Jayce, LeBlanc, Katarina, Evelynn, Nautilus","Vayne, Shaco, Locke, Kindred, LeBlanc",Yone,Nidalee,TwistedFate,Yunara,Lulu,RekSai,Karthus,Zoe,Zeri,Bard,VN2
VN2_1584857563,16.18.817.5716,2163,1,18895,17175,208,54,8,13,0,0,0,0,-2200,-2134,21095,19309,232,51,13,8,0,0,1,0,2200,2134,2026-09-20 09:22:00,"Pyke, Nasus, Master Yi, Viktor, Darius","Zilean, Ezreal, Jax, Karma",Warwick,Qiyana,Fizz,Twitch,Yuumi,Yone,Zed,Ryze,Smolder,Pantheon,VN2
VN2_1576889275,16.18.816.5012,1886,0,19397,19367,230,64,9,8,1,0,0,0,95,-1446,19302,20813,235,90,8,9,0,0,3,0,-95,1446,2026-09-20 09:22:03,"K'Sante, Seraphine, Varus, Locke, Qiyana","Lee Sin, Yorick, Pyke, LeBlanc",Urgot,Sylas,Taliyah,Sivir,Thresh,Aatrox,Graves,Hwei,Yunara,Lulu,VN2
VN2_1570558636,16.17.810.4348,1168,0,16992,19700,240,70,5,11,0,0,1,0,-3128,-1877,20120,21577,261,76,11,5,1,0,2,0,3128,1877,2026-09-20 09:22:07,"Bel'Veth, Aatrox, Braum, Locke","Yuumi, Evelynn, Thresh, Locke, Gnar",Chogath,Graves,Zoe,Jhin,Maokai,Sett,Nidalee,Yone,Tristana,Bard,VN2
VN2_1571441623,16.17.810.4348,1299,0,18391,19436,256,56,7,5,0,0,0,0,853,396,17538,19040,261,71,5,7,1,0,2,0,-853,-396,2026-09-20 09:22:10,"Pyke, Graves, Yuumi, Locke","Jax, LeBlanc, Lee Sin, Zoe, Yuumi",Jayce,Gragas,Ryze,Jhin,Blitzcrank,Irelia,Kindred,Xerath,Varus,Morgana,VN2
VN2_1582184295,16.18.817.5716,1740,1,19452,19933,229,68,9,14,0,0,0,0,-1248,-215,20700,20148,248,62,14,9,1,0,3,0,1248,215,2026-09-20 09:22:14,"Yasuo, Nautilus, Shaco","Jax, Graves, Katarina, Morgana",Heimerdinger,Viego,Viktor,Lucian,Nami,Irelia,LeeSin,Taliyah,Kaisa,Seraphine,VN2
VN2_1574545072,16.17.810.4348,1686,0,15390,18318,223,54,3,4,0,0,0,0,-2016,-765,17406,19083,271,68,4,3,1,0,3,0,2016,765,2026-09-20 09:22:18,"Yuumi, Caitlyn, Zoe, Ambessa, Lee Sin","Zed, Yuumi, Quinn",Nasus,Graves,Locke,Lucian,Milio,Olaf,Viego,Hwei,Varus,Blitzcrank,VN2
VN2_1577080453,16.18.816.5012,1138,0,17068,18604,226,66,6,9,0,0,0,0,-1573,-584,18641,19188,233,62,9,6,0,0,3,0,1573,584,2026-09-20 09:22:22,"Renekton, Pyke, Zed, LeBlanc, K'Sante","Qiyana, Nasus, Locke, Karma",Camille,Hecarim,Ekko,Aphelios,Lux,Jax,MonkeyKing,Sylas,Sivir,Soraka,VN2
VN2_1581249193,16.18.817.5716,1314,1,17326,19891,238,80,4,9,1,0,0,0,-2892,-807,20218,20698,264,70,9,4,0,0,3,0,2892,807,2026-09-20 09:22:25,"Graves, Yuumi, Illaoi, Locke, Wukong","Thresh, Yorick, Cho'Gath",Camille,Viego,Taliyah,Yunara,Blitzcrank,Jax,JarvanIV,Akshan,Kaisa,Bard,VN2
VN2_1578072444,16.18.817.5716,1535,1,18431,20862,306,62,4,1,0,0,3,0,2247,418,16184,20444,282,82,1,4,1,0,0,0,-2247,-418,2026-09-20 09:22:29,"Locke, Elise, Naafiri, Qiyana, Blitzcrank","Ezreal, LeBlanc, Alistar, Graves, Akali",Jayce,Nidalee,Veigar,Zeri,Morgana,Olaf,LeeSin,Zoe,AurelionSol,Thresh,VN2
VN2_1578448498,16.18.817.5716,1866,1,19994,20213,244,62,12,6,0,0,3,0,2015,457,17979,19756,245,72,6,12,1,0,0,0,-2015,-457,2026-09-20 09:22:32,"Poppy, Lee Sin, Soraka, Yuumi","Ezreal, Bel'Veth, Pyke, Zoe, Irelia",Galio,Qiyana,Diana,Corki,Leona,Ornn,Vi,Anivia,Varus,Milio,VN2
VN2_1567771865,16.17.810.4348,1663,1,18421,19930,240,78,8,5,0,0,3,0,1100,1121,17321,18809,219,71,5,8,1,0,0,0,-1100,-1121,2026-09-20 09:22:37,"Hecarim, Kindred, Kha'Zix, Yasuo, Jax","Xerath, Yone, Blitzcrank, Jayce, Camille",Qiyana,Graves,Irelia,Syndra,Rakan,Fiora,Nidalee,Garen,Kaisa,Janna,VN2
VN2_1585681350,16.18.817.5716,1757,1,18200,19670,247,80,5,7,1,0,2,0,574,-419,17626,20089,229,66,7,5,0,0,1,0,-574,419,2026-09-20 09:22:42,"Akali, Shaco, Yuumi, Lee Sin","Nasus, Lee Sin, LeBlanc",Ambessa,Nocturne,Heimerdinger,Yunara,Lulu,Yone,Kindred,Xerath,Tristana,Pantheon,VN2
VN2_1585579661,16.18.817.5716,1437,0,19567,18362,244,53,11,10,0,0,1,0,1016,430,18551,17932,214,55,10,11,1,0,2,0,-1016,-430,2026-09-20 09:22:45,"Mel, Evelynn, Akshan, Shaco","Yasuo, Yorick, Graves, Yuumi, Shaco",Jayce,Gragas,Sylas,Jinx,Thresh,Irelia,Chogath,Locke,Kaisa,Alistar,VN2
VN2_1583652886,16.18.817.5716,1450,0,18991,20279,260,72,9,6,0,0,0,0,1406,-375,17585,20654,245,82,6,9,1,0,3,0,-1406,375,2026-09-20 09:22:49,"Taliyah, Sylas, Aurelion Sol","Bel'Veth, Zoe, Malphite, Akali, Yuumi",Twitch,Qiyana,Yasuo,Kaisa,Renata,Yone,Kindred,Locke,Yunara,Lulu,VN2
VN2_1582120287,16.18.817.5716,1565,0,17148,19544,226,64,6,5,0,0,3,0,-825,491,17973,19053,225,76,5,6,1,0,0,0,825,-491,2026-09-20 09:22:52,"Locke, Talon, Twitch, LeBlanc, Lulu","Zoe, Shaco",Yasuo,Taliyah,Anivia,MissFortune,Rell,Olaf,Qiyana,Vladimir,Kaisa,Nami,VN2
VN2_1584755643,16.18.817.5716,1096,1,21838,18539,232,56,18,11,1,0,2,0,2951,2481,18887,16058,200,33,11,18,0,0,1,0,-2951,-2481,2026-09-20 09:22:56,"Yorick, Viktor, Locke, Nasus, Pyke","LeBlanc, Evelynn, Seraphine, Akshan, Yuumi",Quinn,Graves,Lissandra,Kaisa,Braum,Sion,Briar,Yone,Yunara,JarvanIV,VN2
VN2_1574588363,16.17.810.4348,1862,0,18602,19576,236,58,10,9,0,0,3,0,-956,208,19558,19368,243,67,9,10,1,0,0,0,956,-208,2026-09-20 09:22:59,"Kindred, Seraphine, Jayce, Locke","Morgana, Illaoi, Ashe, Viktor",Udyr,LeeSin,Leblanc,Hwei,Pyke,Nasus,Graves,Lissandra,Kalista,Rell,VN2
VN2_1579282935,16.18.817.5716,1916,1,15970,17644,233,59,3,9,1,0,0,0,-2851,-1201,18821,18845,259,64,9,3,0,0,3,0,2851,1201,2026-09-20 09:23:02,"Nautilus, Yasuo, Graves, Blitzcrank","Pyke, Locke, Nidalee, Yuumi",Renekton,LeeSin,Hwei,Tristana,Soraka,Chogath,Shaco,Irelia,Jhin,Karma,VN2
VN2_1583039710,16.18.817.5716,1636,1,16633,20557,248,76,3,7,0,0,3,0,-2229,15,18862,20542,278,68,7,3,1,0,0,0,2229,-15,2026-09-20 09:23:05,"Jax, Yone, Janna, Xerath, Lissandra","Evelynn, Naafiri, Milio, Zoe, Mel",Zaahen,JarvanIV,Akali,Zeri,Soraka,Olaf,Graves,Ryze,Jhin,Seraphine,VN2
VN2_1583560452,16.18.817.5716,1985,1,21361,21322,257,75,14,4,1,0,2,0,3895,1846,17466,19476,242,74,4,14,0,0,1,0,-3895,-1846,2026-09-20 09:23:09,"Thresh, Malphite, Lee Sin, Yuumi, Yone","Sylas, Pyke, Mel, Yorick",Riven,Vi,Irelia,Tristana,Rell,Jayce,Hecarim,Hwei,Ziggs,Lulu,VN2
VN2_1585056205,16.18.817.5716,1825,1,19031,20095,266,66,9,6,1,0,1,0,616,729,18415,19366,257,76,6,9,0,0,2,0,-616,-729,2026-09-20 09:23:13,"Yasuo, Twitch, Irelia, Lucian, Shaco","Locke, Evelynn, Nautilus, Jax",Yone,LeeSin,Heimerdinger,Karthus,Alistar,Jayce,Olaf,Zoe,Zeri,Yuumi,VN2
VN2_1580892998,16.18.817.5716,1855,1,19581,19569,242,57,13,9,0,0,3,0,498,1305,19083,18264,215,60,9,13,1,0,0,0,-498,-1305,2026-09-20 09:23:17,"Nasus, Yone, Pyke, Zoe, Karthus","Locke, Zoe, Yuumi",Skarner,Vi,Cassiopeia,Yunara,Taliyah,Irelia,Kayn,Katarina,Caitlyn,Karma,VN2
VN2_1571361275,16.17.810.4348,2004,1,15659,19145,237,60,3,6,0,0,0,0,-2607,-1722,18266,20867,245,74,6,3,0,0,3,0,2607,1722,2026-09-20 09:23:21,"Ezreal, Qiyana, Tryndamere, Bard, Zoe","Milio, Zilean, Yuumi, Gangplank",Sett,Graves,Ryze,AurelionSol,Rell,Skarner,Nidalee,Olaf,Yasuo,Seraphine,VN2
VN2_1575416903,16.17.810.4348,1730,1,19590,19874,252,70,10,8,0,0,3,0,100,163,19490,19711,268,72,8,10,1,0,0,0,-100,-163,2026-09-20 09:23:26,"Tryndamere, Vi, LeBlanc, Shaco","Ambessa, Twitch, Xerath, Camille, Viktor",Aatrox,Sylas,Talon,Jhin,Leona,Jayce,Nocturne,Zoe,Caitlyn,Senna,VN2
VN2_1575466422,16.17.810.4348,919,1,20377,21053,270,76,14,3,0,0,0,0,5366,4076,15011,16977,244,38,3,14,0,0,3,0,-5366,-4076,2026-09-20 09:23:29,"Caitlyn, Locke, Cho'Gath, Tryndamere, Lee Sin","Malphite, Akali, Nautilus, LeBlanc, Pyke",Jayce,Nocturne,Taliyah,Lucian,Milio,Gnar,Sylas,Irelia,Yunara,Rell,VN2
VN2_1581993050,16.18.817.5716,922,0,17740,18300,227,59,6,9,0,0,2,0,-1343,-130,19083,18430,242,66,9,6,1,0,1,0,1343,130,2026-09-20 09:23:33,"Irelia, Graves, LeBlanc, Pyke","Ezreal, Evelynn, Yone, Caitlyn",Aatrox,Briar,Annie,Xayah,Alistar,Gwen,LeeSin,Viktor,Sivir,Karma,VN2
VN2_1584614795,16.18.817.5716,1478,1,18795,19669,232,74,9,8,0,0,0,0,-743,-1429,19538,21098,265,77,8,9,1,0,3,0,743,1429,2026-09-20 09:23:37,"Nasus, Evelynn, Lissandra, Hecarim","Jayce, Shaco, Graves, Zac, Zoe",Aatrox,MasterYi,Sylas,Jinx,Lulu,Renekton,Chogath,Katarina,Caitlyn,Gragas,VN2
VN2_1581040789,16.18.817.5716,2144,1,17809,20306,232,76,9,7,1,0,0,0,-296,97,18105,20209,264,62,7,9,0,0,3,0,296,-97,2026-09-20 09:23:41,"Evelynn, Blitzcrank, Ambessa, Pyke","Nocturne, Pyke, Heimerdinger, Bel'Veth, LeBlanc",Nasus,Aatrox,Viktor,Caitlyn,Nami,Yone,LeeSin,Orianna,Ashe,Seraphine,VN2
VN2_1582620772,16.18.817.5716,1665,1,19383,19994,259,50,10,6,0,0,3,0,2547,1787,16836,18207,226,60,6,10,0,0,0,0,-2547,-1787,2026-09-20 09:23:44,"Heimerdinger, Zoe, Nautilus, Pyke, Katarina","LeBlanc, Zoe, Jayce, Qiyana, Locke",Olaf,Graves,Galio,Yunara,Lulu,Aatrox,MonkeyKing,Viktor,Jinx,Bard,VN2
VN2_1578967633,16.18.817.5716,1653,0,17966,20214,290,62,5,3,0,0,1,0,659,279,17307,19935,288,68,3,5,0,0,2,0,-659,-279,2026-09-20 09:23:48,"Ezreal, LeBlanc, Pyke, Bel'Veth, Aatrox","Locke, Akali, Qiyana, Lee Sin",DrMundo,Sylas,Jayce,Mel,Skarner,Ornn,Evelynn,Ahri,Zeri,Milio,VN2
VN2_1575572441,16.17.810.4348,1156,1,20620,20715,256,55,12,5,0,0,3,0,3966,1867,16654,18848,231,62,5,12,1,0,0,0,-3966,-1867,2026-09-20 09:23:51,"Malphite, Jax, Zoe","Lee Sin, Lissandra, Locke, Lucian",Gragas,Talon,Leblanc,Kaisa,Camille,Kennen,Hecarim,Akali,Mel,Shen,VN2
VN2_1578495067,16.18.817.5716,1770,1,18663,18879,215,59,10,7,0,0,3,0,656,763,18007,18116,246,59,7,10,0,0,0,0,-656,-763,2026-09-20 09:23:56,"Pyke, Qiyana, Mel, LeBlanc, Jax","Lulu, Camille, Nautilus, Yuumi, Zed",Jayce,MasterYi,Sylas,Jhin,Karma,Rumble,Rengar,Yone,Jinx,Pantheon,VN2
VN2_1583768907,16.18.817.5716,1518,0,16424,18817,247,52,4,17,0,0,0,0,-5285,-4110,21709,22927,247,69,17,4,1,0,3,0,5285,4110,2026-09-20 09:24:00,"Viktor, Pyke, Darius, Shaco","Graves, Locke, Draven",Ambessa,Zed,Ahri,Yunara,Leona,Rumble,LeeSin,Sylas,Zeri,Yuumi,VN2
VN2_1581190366,16.18.817.5716,950,1,20676,21596,281,66,11,8,0,0,3,1,1846,2646,18830,18950,242,54,8,11,0,0,0,0,-1846,-2646,2026-09-20 09:24:04,"Zoe, Lee Sin, Locke, LeBlanc","Lucian, Graves, Ahri, Tryndamere",Irelia,Kindred,Galio,Xayah,Rakan,Sett,RekSai,Hwei,Samira,Thresh,VN2
VN2_1578995955,16.18.817.5716,2134,0,19672,20060,262,56,10,7,1,0,0,0,1388,2260,18284,17800,206,58,7,10,0,0,3,0,-1388,-2260,2026-09-20 09:24:07,"Zyra, Syndra, Blitzcrank, Ambessa","Locke, Pyke, Mordekaiser, Ezreal, Bel'Veth",Jayce,LeeSin,Malzahar,Kaisa,Alistar,Sejuani,Graves,Ekko,AurelionSol,Soraka,VN2
VN2_1585693251,16.18.817.5716,1118,0,17477,19644,251,68,5,12,0,0,0,0,-3139,-1173,20616,20817,248,74,12,5,0,0,3,0,3139,1173,2026-09-20 09:24:10,"Nunu & Willump, Graves, Sylas, Bard","Malphite, LeBlanc, Seraphine, Braum",Camille,Evelynn,Syndra,Lucian,Milio,Irelia,LeeSin,Hwei,Yunara,Lulu,VN2
VN2_1575425049,16.17.810.4348,916,1,19870,22030,271,80,13,0,1,0,3,0,5542,4643,14328,17387,237,62,0,13,0,0,0,0,-5542,-4643,2026-09-20 09:24:14,"Zoe, Evelynn, Malphite, Pyke","Aatrox, Lucian, Graves, Soraka",Sylas,Nidalee,Qiyana,Tristana,Rell,Chogath,LeeSin,Ahri,Samira,Leona,VN2
VN2_1584676421,16.18.817.5716,1509,0,18383,20853,241,74,10,6,0,0,3,0,-146,2,18529,20851,266,78,6,10,1,0,0,0,146,-2,2026-09-20 09:24:18,"LeBlanc, Shaco, Pantheon, Pyke","Locke, Malphite, Darius, Ziggs",Kaisa,LeeSin,Zed,Velkoz,Seraphine,Irelia,Rengar,Azir,Aphelios,Rell,VN2
VN2_1585654634,16.18.817.5716,1832,0,20468,20104,233,66,13,10,0,0,2,0,2182,2861,18286,17243,208,51,10,13,0,0,1,0,-2182,-2861,2026-09-20 09:24:22,"Ezreal, Thresh, Locke, Malzahar, Aatrox","Zoe, Akshan, Skarner, Jayce",Chogath,Graves,Hwei,Lux,Pyke,Ambessa,Sylas,AurelionSol,Sivir,Bard,VN2
VN2_1582073746,16.18.817.5716,1928,0,17001,18960,261,64,3,5,0,0,0,0,-403,-1112,17404,20072,258,67,5,3,0,0,0,0,403,1112,2026-09-20 09:24:25,"Pyke, Sylas, Tryndamere, Lee Sin, Zilean","Shaco, Sivir, Akali, Locke",Jayce,Hecarim,Xerath,Yunara,Seraphine,RekSai,Graves,Viktor,Heimerdinger,Annie,VN2
VN2_1568301541,16.17.810.4348,1383,0,18845,17260,268,36,10,10,0,0,0,0,-1030,-2906,19875,20166,252,61,10,10,1,0,3,0,1030,2906,2026-09-20 09:24:29,"Viktor, Mel, Bel'Veth, Heimerdinger, Pyke","Zoe, Evelynn, Tryndamere",Renekton,Shaco,Locke,Ezreal,Nami,Ambessa,Sylas,Syndra,Katarina,Trundle,VN2
VN2_1576040897,16.18.815.9717,1515,0,16200,18015,218,70,3,11,1,0,0,0,-3956,-3142,20156,21157,268,80,11,3,0,0,3,0,3956,3142,2026-09-20 09:24:32,"Zoe, Yuumi, Kindred, Locke, Elise","Lee Sin, Zoe, Ezreal, Braum, Vayne",MonkeyKing,Qiyana,Yasuo,Taliyah,Sylas,RekSai,Talon,Galio,Hwei,Shaco,VN2
VN2_1582775947,16.18.817.5716,916,0,17990,18335,249,44,8,10,0,0,3,0,-1441,-2892,19431,21227,250,84,10,8,1,0,0,0,1441,2892,2026-09-20 09:24:36,"Pyke, Braum, LeBlanc, Locke","Locke, Katarina, Zoe, Shaco, Ambessa",Cassiopeia,Sylas,Zed,Caitlyn,Lux,Yone,Kindred,Qiyana,Seraphine,Bard,VN2
VN2_1580936700,16.18.817.5716,916,0,15779,17806,193,54,6,13,1,0,0,0,-4500,-2138,20279,19944,255,50,13,6,0,0,3,0,4500,2138,2026-09-20 09:24:39,"Ezreal, Jax, Yunara, Graves","Yuumi, Locke, Zoe",Warwick,LeeSin,Smolder,Caitlyn,Rell,Jayce,Nidalee,Malzahar,Aphelios,Alistar,VN2
VN2_1560458916,16.17.810.4348,1140,1,19393,20196,262,66,9,4,1,0,0,0,3347,1028,16046,19168,222,63,4,9,0,0,3,0,-3347,-1028,2026-09-20 09:24:42,"Zilean, Neeko, Leona, Master Yi, Zoe","Pyke, Graves, Thresh, Nasus, LeBlanc",Malphite,Viego,Lissandra,Yunara,Blitzcrank,Shen,Sylas,Yone,Kaisa,Bard,VN2
VN2_1577006240,16.18.816.5012,1003,1,18263,18128,232,58,7,9,0,0,1,0,-929,-1057,19192,19185,252,68,9,7,1,0,0,0,929,1057,2026-09-20 09:24:46,"Graves, Lee Sin, Nidalee, Soraka","LeBlanc, Jayce, Kai'Sa, Rell",Aatrox,Talon,Lissandra,Ziggs,Leona,Udyr,Naafiri,Ahri,Seraphine,Pyke,VN2
VN2_1571825393,16.17.810.4348,1793,1,19218,20192,255,79,8,9,0,0,3,0,-443,-655,19661,20847,265,58,9,8,1,0,0,0,443,655,2026-09-20 09:24:50,"Locke, Nautilus, Irelia, LeBlanc","Kindred, Viktor, Pyke, Locke, Jax",Anivia,Khazix,Xerath,Caitlyn,Camille,Akali,XinZhao,Ryze,Lucian,Yuumi,VN2
VN2_1584293037,16.18.817.5716,911,1,21184,22113,279,76,15,5,1,0,3,0,4347,3337,16837,18776,218,69,5,15,0,0,0,0,-4347,-3337,2026-09-20 09:24:53,"Pyke, Bel'Veth, Caitlyn, Qiyana, Jax","Yuumi, Zoe, Blitzcrank, Irelia",Olaf,LeeSin,Lissandra,Xayah,Nautilus,Yone,Graves,Sylas,MissFortune,Thresh,VN2
VN2_1570646699,16.17.810.4348,1773,0,18242,18006,244,44,9,10,0,0,0,0,-1382,-2102,19624,20108,235,61,10,9,1,0,3,0,1382,2102,2026-09-20 09:24:57,"Vayne, Zoe, Graves, Ahri","Lucian, Evelynn, Locke, Jayce, Caitlyn",Shen,RekSai,Irelia,Syndra,Soraka,Nasus,LeeSin,Viktor,Xerath,Pyke,VN2
VN2_1568509781,16.17.810.4348,1371,0,16600,18787,230,62,4,6,0,0,3,0,-2143,-1022,18743,19809,256,63,6,4,1,0,0,0,2143,1022,2026-09-20 09:25:00,"Morgana, Shaco, Yorick, LeBlanc, Talon","Thresh, Heimerdinger, Pyke",Akali,Viego,Xerath,Sivir,Lulu,Pantheon,Qiyana,Ahri,Kaisa,Bard,VN2
VN2_1576069864,16.18.815.9717,1334,1,19345,18965,224,64,10,7,0,0,2,0,1119,-1212,18226,20177,272,59,7,10,0,0,0,0,-1119,1212,2026-09-20 09:25:03,"Pyke, Locke, Qiyana, Renekton","Locke, Zoe, Udyr, Pyke",Riven,LeeSin,Hwei,Yunara,Shaco,Jayce,Hecarim,Sion,Aphelios,Nautilus,VN2
VN2_1576174781,16.18.815.9717,2188,1,17701,19649,234,68,7,5,0,0,0,0,257,-116,17444,19765,238,72,5,7,1,0,0,0,-257,116,2026-09-20 09:25:07,"Pyke, Locke, Viktor, Nautilus","Nautilus, Akali, Elise, Locke",Skarner,Viego,Leblanc,Yunara,Lulu,Ambessa,Vi,Orianna,Xayah,Rakan,VN2
VN2_1582980198,16.18.817.5716,1476,1,19022,20102,250,68,7,9,0,0,0,0,-779,-1095,19801,21197,268,84,9,7,0,0,3,0,779,1095,2026-09-20 09:25:11,"Anivia, Bard, Malphite, Jayce, Locke","Illaoi, Thresh, Pantheon, Yuumi, Rell",Aatrox,Diana,Zed,Varus,Janna,Olaf,Graves,Ryze,Ezreal,Sona,VN2
VN2_1564220429,16.17.810.4348,1475,0,18790,19751,230,72,8,9,0,0,0,0,640,384,18150,19367,194,73,9,8,1,0,3,0,-640,-384,2026-09-20 09:25:14,"Leona, Locke, Fiddlesticks, Zoe, Akali","Pyke, Hecarim, Jayce, Ezreal",Zaahen,Khazix,Aurora,Jinx,Lulu,Jax,Kayn,Yone,Tristana,Shen,VN2
VN2_1575522292,16.17.810.4348,1216,1,21042,20096,213,78,15,8,1,0,3,0,1760,188,19282,19908,251,72,8,15,0,0,0,0,-1760,-188,2026-09-20 09:25:18,"Cassiopeia, Blitzcrank, Elise, Locke","Graves, Ezreal, Yuumi, Locke, Malphite",Camille,LeeSin,Lissandra,Kaisa,Rakan,Yone,Viego,Akali,Jinx,Rell,VN2
VN2_1583582681,16.18.817.5716,1773,0,16982,17823,212,55,7,9,0,0,1,0,-3836,-3030,20818,20853,281,70,9,7,1,0,2,0,3836,3030,2026-09-20 09:25:22,"Zoe, Heimerdinger, Graves, Samira, Ezreal","Riven, Pyke, Malphite, Yuumi, Hecarim",Sett,Briar,Chogath,Jinx,Rell,Gnar,Zyra,Irelia,Jhin,Karma,VN2
VN2_1565366531,16.17.810.4348,1634,0,15588,16653,225,66,4,12,0,0,1,0,-5195,-4491,20783,21144,273,76,12,4,1,0,2,0,5195,4491,2026-09-20 09:25:25,"Mel, Malphite, Locke, Ezreal, Lee Sin","Xerath, Locke, Lee Sin, Lissandra",Yone,Naafiri,Lux,Kaisa,Leona,Irelia,Jayce,Yasuo,KogMaw,Pyke,VN2
VN2_1580433286,16.18.817.5716,1449,0,19595,20805,242,62,11,8,0,0,3,0,1867,2305,17728,18500,219,62,8,11,1,0,0,0,-1867,-2305,2026-09-20 09:25:29,"Nidalee, Jarvan IV, Locke, LeBlanc","Qiyana, Pyke, Lissandra, K'Sante",Gwen,Gragas,Jax,Caitlyn,Lux,Akali,Graves,Yasuo,Jinx,Seraphine,VN2
VN2_1582036606,16.18.817.5716,1723,0,17713,19634,258,68,7,9,0,0,3,0,-2555,-978,20268,20612,286,68,9,7,1,0,0,0,2555,978,2026-09-20 09:25:33,"Evelynn, Qiyana, Graves, Cho'Gath","Shaco, Pyke, Tryndamere",Zaahen,Naafiri,Viktor,Ezreal,Bard,Gnar,LeeSin,Hwei,Kaisa,Renata,VN2
VN2_1583008471,16.18.817.5716,2109,0,17921,18766,218,60,9,6,0,0,2,0,74,-998,17847,19764,264,58,6,9,0,0,1,0,-74,998,2026-09-20 09:25:37,"Morgana, Nasus, Viktor, Kai'Sa","Malzahar, Yuumi, Kog'Maw, Sivir, Graves",Kayle,Sylas,Locke,Jinx,Blitzcrank,Yone,LeeSin,Galio,Heimerdinger,Ornn,VN2
VN2_1582294216,16.18.817.5716,1293,0,17292,19686,255,58,6,7,0,0,1,0,-504,-253,17796,19939,244,62,7,6,0,0,2,0,504,253,2026-09-20 09:25:40,"Pyke, Malphite, Nautilus, LeBlanc, Bel'Veth","Pyke, Twisted Fate, Yuumi, Zoe, Heimerdinger",Tryndamere,Diana,Zed,Tristana,Sona,Gnar,LeeSin,Katarina,Jhin,Karma,VN2
VN2_1577918647,16.18.817.5716,1541,1,17943,20275,253,79,7,4,0,0,3,0,116,202,17827,20073,267,62,4,7,1,0,0,0,-116,-202,2026-09-20 09:25:44,"Ezreal, Qiyana, Lee Sin, Locke, Jayce","Jarvan IV, Sylas, Lissandra, Yuumi",Chogath,Hecarim,Zoe,Jhin,Taric,Ornn,Graves,Yasuo,Caitlyn,Elise,VN2
VN2_1576925598,16.18.816.5012,1452,1,19533,19217,244,56,10,12,0,0,1,0,-1370,-417,20903,19634,246,70,12,10,0,0,2,0,1370,417,2026-09-20 09:25:47,"Thresh, Akali, Sylas, Locke, Syndra","Twitch, Naafiri, Zoe, Aatrox",Malphite,Qiyana,Viktor,TwistedFate,Rell,Taric,Shaco,Leblanc,MissFortune,Lulu,VN2
VN2_1572605962,16.17.810.4348,1864,0,19779,19636,237,48,13,11,0,0,0,0,-54,546,19833,19090,229,70,11,13,0,0,3,0,54,-546,2026-09-20 09:25:52,"Pyke, Lee Sin, Fizz, Poppy, Mordekaiser","Thresh, Akali, Olaf, Nautilus",Illaoi,Ekko,Katarina,Kaisa,Rell,Urgot,Naafiri,Sylas,Caitlyn,Lux,VN2
VN2_1584136895,16.18.817.5716,1445,0,17792,18190,210,77,8,14,0,0,3,0,-3287,-1221,21079,19411,225,64,14,8,1,0,0,0,3287,1221,2026-09-20 09:25:56,"Akali, Pyke, Malphite, Jayce","Zoe, Vayne, Lucian",Elise,Rengar,Cassiopeia,Ezreal,Karma,Rumble,LeeSin,Lissandra,Caitlyn,Bard,VN2
VN2_1577165313,16.18.816.5012,1368,1,19864,20941,267,85,10,3,1,0,3,0,3294,1880,16570,19061,278,60,3,10,0,0,0,0,-3294,-1880,2026-09-20 09:26:00,"Katarina, Lee Sin, Zed, Pyke, Jayce","Irelia, Ambessa, Zoe, LeBlanc, Yuumi",Udyr,Kindred,Viktor,Ezreal,Brand,Gwen,MonkeyKing,AurelionSol,Jhin,Camille,VN2
VN2_1568155862,16.17.810.4348,2083,1,21862,20665,259,62,18,6,0,0,3,0,3707,2719,18155,17946,230,60,6,18,0,0,0,0,-3707,-2719,2026-09-20 09:26:03,"Akshan, Pyke, Leona, Seraphine, Locke","Akali, Kindred, Yorick, Locke, Yuumi",Renekton,Graves,Ziggs,Kaisa,Thresh,Rumble,Hecarim,Ryze,Yunara,Alistar,VN2
VN2_1570625002,16.17.810.4348,2215,1,19063,19044,232,63,9,10,1,0,0,0,-1076,-663,20139,19707,261,62,10,9,0,0,1,0,1076,663,2026-09-20 09:26:07,"Qiyana, Gangplank, Locke, Yuumi, Kindred","Zoe, Cassiopeia, Nasus, Thresh",Rumble,Talon,Zed,Lux,Shen,Tryndamere,Taliyah,Corki,Ezreal,Nautilus,VN2
VN2_1575432891,16.17.810.4348,2001,1,17194,18099,235,73,5,9,1,0,0,0,-678,-78,17872,18177,223,62,9,5,0,0,3,0,678,78,2026-09-20 09:26:11,"Evelynn, Lee Sin, Akali","Locke, Tristana, Qiyana, Pyke",Jayce,Nocturne,Viktor,Ezreal,Bard,Irelia,Viego,Taliyah,Xerath,Nami,VN2
VN2_1580697779,16.18.817.5716,1566,0,18645,20299,251,70,8,7,1,0,2,0,197,-366,18448,20665,233,73,7,8,0,0,1,0,-197,366,2026-09-20 09:26:15,"Pantheon, Taliyah, Master Yi, Lucian, Pyke","Evelynn, Zed, Zilean, Nasus, Draven",Zoe,Graves,Yone,Caitlyn,Rell,Olaf,Jayce,Akali,Zeri,Seraphine,VN2
VN2_1584437331,16.18.817.5716,2015,1,18688,20747,235,72,9,7,1,0,0,0,-300,-14,18988,20761,267,70,7,9,0,0,3,0,300,14,2026-09-20 09:26:18,"Kindred, Irelia, Nasus, LeBlanc, Pyke","Lee Sin, Zac, Jayce, Zoe",Karma,Viego,Veigar,Yunara,Rakan,Lucian,JarvanIV,Katarina,Zed,Shaco,VN2
VN2_1581499234,16.18.817.5716,1240,1,17653,20790,251,78,4,4,0,0,3,0,-142,-227,17795,21017,283,76,4,4,0,0,0,0,142,227,2026-09-20 09:26:22,"Cho'Gath, Syndra, Nilah, Katarina","Pyke, Vex, Caitlyn, Tryndamere",Ambessa,Jayce,Lissandra,Kaisa,Zilean,Gnar,Lillia,Yasuo,Jhin,Janna,VN2
VN2_1571238363,16.17.810.4348,2014,0,18122,18882,233,72,7,11,0,0,0,0,-1570,-767,19692,19649,233,74,11,7,1,0,3,0,1570,767,2026-09-20 09:26:25,"Kha'Zix, LeBlanc, Leona, Caitlyn, Locke","Malphite, Lulu, LeBlanc, Cho'Gath, Akali",Lissandra,LeeSin,Talon,KogMaw,Seraphine,Camille,Viego,Fizz,Tristana,Thresh,VN2
VN2_1580965078,16.18.817.5716,1429,1,17694,20344,265,77,4,4,0,0,3,0,-94,-540,17788,20884,285,76,4,4,1,0,0,0,94,540,2026-09-20 09:26:29,"Graves, LeBlanc, Aatrox, Morgana, Pyke","Braum, Qiyana, Pyke, Nasus, Yuumi",Chogath,Belveth,Seraphine,Kalista,Leona,Gwen,Vi,Zed,Jhin,Rakan,VN2
VN2_1583904509,16.18.817.5716,1846,1,19921,19197,253,67,10,7,0,0,2,0,2564,622,17357,18575,250,58,7,10,0,0,1,0,-2564,-622,2026-09-20 09:26:32,"Samira, Zoe, Yone, K'Sante, Evelynn","Irelia, Braum, Pyke, Shaco, Malphite",Gangplank,Viego,Viktor,Yunara,Leona,Jax,Sylas,Yasuo,AurelionSol,Thresh,VN2
VN2_1577142610,16.18.816.5012,2072,0,17419,19962,263,72,4,6,0,0,0,0,59,-29,17360,19991,245,81,6,4,1,0,3,0,-59,29,2026-09-20 09:26:36,"Lucian, Pyke, Jayce, Locke","Tryndamere, Lulu, Yuumi, Evelynn, Locke",KSante,Hecarim,Hwei,Kaisa,Alistar,Ambessa,FiddleSticks,Sylas,Aphelios,Brand,VN2
VN2_1581181972,16.18.817.5716,1514,0,18520,17689,210,56,10,19,0,0,0,0,-4742,-3164,23262,20853,245,77,19,10,1,0,3,0,4742,3164,2026-09-20 09:26:39,"Skarner, Yuumi, Wukong","Malphite, Locke, Jax, Evelynn, Lulu",Jayce,Viego,Ahri,Lucian,Nami,Yasuo,Graves,Syndra,Tristana,Camille,VN2
VN2_1576885408,16.18.816.5012,1449,1,18980,21067,267,72,9,3,0,0,0,0,2833,1312,16147,19755,227,76,3,9,1,0,0,0,-2833,-1312,2026-09-20 09:26:43,"Aatrox, Locke, Cho'Gath, Ezreal, Kindred","Bel'Veth, Locke, Yuumi, Akali, Renekton",Jax,Hecarim,Zoe,Caitlyn,Taric,Ambessa,Graves,Azir,Lucian,Alistar,VN2
VN2_1585619080,16.18.817.5716,1597,0,19912,20259,235,67,10,5,0,0,0,0,1614,157,18298,20102,266,70,5,10,1,0,3,0,-1614,-157,2026-09-20 09:26:47,"Morgana, Qiyana, Cassiopeia, Lulu","Xerath, Graves, Shaco, Ezreal, Yuumi",Gwen,Jayce,Locke,Yunara,Singed,Heimerdinger,LeeSin,Lissandra,Jhin,Leona,VN2
VN2_1584524389,16.18.817.5716,1312,1,21506,21003,236,55,17,8,1,0,1,0,3224,1391,18282,19612,255,50,8,17,0,0,2,0,-3224,-1391,2026-09-20 09:26:51,"Kayn, Locke, Katarina, Yuumi, Zed","Sylas, Katarina, Caitlyn, K'Sante",Tryndamere,LeeSin,Zoe,Jinx,Lux,DrMundo,Diana,Irelia,Kalista,Renata,VN2
VN2_1582768026,16.18.817.5716,1201,1,21506,20476,250,62,16,10,1,0,2,0,2144,1462,19362,19014,235,60,10,16,0,0,1,0,-2144,-1462,2026-09-20 09:26:55,"Shaco, Naafiri, Locke, Nasus","Ezreal, Sylas, Zoe, Jax",Qiyana,LeeSin,Ryze,Yunara,Lulu,Ornn,JarvanIV,Lissandra,Syndra,Nautilus,VN2
VN2_1573437014,16.17.810.4348,1994,1,20939,20596,238,57,15,7,1,0,3,0,3223,2725,17716,17871,224,60,7,15,0,0,0,0,-3223,-2725,2026-09-20 09:26:59,"Tryndamere, Cho'Gath, Yuumi, Graves, Zeri","Tryndamere, Locke, Zoe, Twitch, Nidalee",KSante,Gragas,Sylas,Caitlyn,Thresh,Mordekaiser,Qiyana,AurelionSol,Kaisa,Blitzcrank,VN2
VN2_1580534790,16.18.817.5716,1824,1,19281,20482,262,70,9,7,0,0,1,0,300,131,18981,20351,254,60,7,9,0,0,2,0,-300,-131,2026-09-20 09:27:02,"Lulu, LeBlanc, Malphite, Evelynn, Pyke","Yuumi, Riven, Sylas, Locke, Aphelios",Ambessa,Talon,Diana,Katarina,Blitzcrank,Camille,Qiyana,Zoe,Caitlyn,RekSai,VN2
VN2_1566932133,16.17.810.4348,940,0,16725,18965,228,71,4,13,0,0,0,0,-4590,-2923,21315,21888,257,74,13,4,1,0,3,0,4590,2923,2026-09-20 09:27:05,"Ezreal, Kindred, K'Sante, Yuumi, Zoe","Vayne, Leona, Rell, LeBlanc",Chogath,Graves,Qiyana,Sylas,Nautilus,RekSai,Ekko,Hwei,Lucian,Nami,VN2
VN2_1585652076,16.18.817.5716,1330,0,17377,17748,195,64,8,8,0,0,2,0,-1649,-1749,19026,19497,258,62,8,8,1,0,0,0,1649,1749,2026-09-20 09:27:09,"Shaco, Ezreal, Viktor, Graves","Ezreal, Akshan, Twitch, Shaco, Xerath",Olaf,Chogath,Lux,Yunara,Leona,Kennen,Kindred,Lissandra,Lucian,Braum,VN2
VN2_1582175550,16.18.817.5716,926,0,16072,17617,246,54,3,10,0,0,0,0,-3026,-2300,19098,19917,248,64,10,3,1,0,3,0,3026,2300,2026-09-20 09:27:12,"Galio, Ezreal, Rengar, Heimerdinger, Darius","Shaco, Zoe, Nasus, Irelia",Ornn,Taliyah,Katarina,Jinx,Pyke,Sion,MonkeyKing,Viktor,Caitlyn,Bard,VN2
VN2_1579948695,16.18.817.5716,1339,1,20089,20881,283,74,9,4,1,0,3,0,3559,2624,16530,18257,231,62,4,9,0,0,0,0,-3559,-2624,2026-09-20 09:27:15,"Locke, LeBlanc, Akali","Olaf, LeBlanc, Thresh, Diana, Sylas",Sion,Qiyana,Zoe,Ashe,Lulu,Malphite,LeeSin,Xerath,Yunara,Rell,VN2
VN2_1572449099,16.17.810.4348,1789,0,16771,19000,223,75,4,5,1,0,0,0,97,210,16674,18790,241,54,5,4,0,0,3,0,-97,-210,2026-09-20 09:27:18,"Ambessa, Akshan, Jax, Lissandra, Thresh","Tryndamere, Yuumi, Locke, Kassadin",Heimerdinger,Shyvana,Yasuo,Twitch,Nautilus,Gragas,Vi,Sylas,Samira,Maokai,VN2
VN2_1580395830,16.18.817.5716,1629,1,18494,19947,262,77,8,3,1,0,3,0,2564,1765,15930,18182,245,39,3,8,0,0,0,0,-2564,-1765,2026-09-20 09:27:21,"Viktor, Locke, Malphite","Lulu, Lee Sin, Zoe",Jayce,Sylas,Akali,Ezreal,Nami,Poppy,JarvanIV,TwistedFate,Kaisa,Alistar,VN2
VN2_1576045626,16.18.815.9717,1714,1,21170,20653,243,72,12,9,0,0,2,0,1258,961,19912,19692,249,66,9,12,1,0,0,0,-1258,-961,2026-09-20 09:27:25,"Locke, Graves, Lee Sin, Thresh, Jayce","Lee Sin, Locke, Akali, Pyke, Renekton",Udyr,Kindred,Lissandra,Kaisa,Bard,Riven,Hecarim,Heimerdinger,Lucian,Nautilus,VN2
VN2_1574071368,16.17.810.4348,1825,0,16613,18998,238,70,4,15,0,0,0,0,-4517,-2701,21130,21699,255,73,15,4,0,0,3,0,4517,2701,2026-09-20 09:27:29,"Mel, Locke, Yuumi","Syndra, Yasuo, Malphite, Lucian",Chogath,Graves,Xerath,MissFortune,Seraphine,Aatrox,Talon,Tristana,Heimerdinger,Pyke,VN2
VN2_1567536045,16.17.810.4348,925,0,16198,18228,231,58,3,13,0,0,0,0,-4981,-4323,21179,22551,278,74,13,3,1,0,3,0,4981,4323,2026-09-20 09:27:32,"Poppy, Locke, Lee Sin, Ambessa, Olaf","Lee Sin, Anivia, Sylas, Zoe",Urgot,Graves,Yone,Syndra,Janna,Jayce,Zac,Nasus,Kaisa,Pyke,VN2
VN2_1576226293,16.18.815.9717,1274,0,19248,18489,248,74,8,10,0,0,3,0,-500,-712,19748,19201,228,64,10,8,1,0,0,0,500,712,2026-09-20 09:27:36,"Pyke, K'Sante, Caitlyn, Viktor, Sylas","Yuumi, Locke, Darius, Zoe",Kaisa,LeeSin,Teemo,Yasuo,Rell,Jayce,Taliyah,Nasus,Aphelios,Thresh,VN2
VN2_1568665639,16.17.810.4348,1628,1,20618,21173,248,79,11,9,0,0,2,0,484,1068,20134,20105,263,66,9,11,0,0,1,0,-484,-1068,2026-09-20 09:27:41,"Mel, Pyke, Sylas","Bard, Hecarim, Pyke, Rumble",Jayce,LeeSin,TwistedFate,Lucian,Thresh,Camille,Talon,Hwei,Varus,Braum,VN2
VN2_1584337881,16.18.817.5716,1397,0,17899,18460,205,61,8,16,0,0,0,0,-3717,-3051,21616,21511,247,66,16,8,1,0,0,0,3717,3051,2026-09-20 09:27:52,"Malphite, Lee Sin, Vayne, Irelia, Nilah","Yasuo, Poppy, Jayce, Evelynn",Brand,Hecarim,Locke,Ezreal,Leona,Singed,Kindred,Heimerdinger,Caitlyn,Xerath,VN2
VN2_1580204160,16.18.817.5716,1629,0,14785,17897,219,56,2,10,1,0,0,0,-4357,-2266,19142,20163,233,70,10,2,0,0,3,0,4357,2266,2026-09-20 09:27:56,"Anivia, Singed, Bel'Veth, Bard","Mel, Thresh, Zoe, Locke",KSante,Viego,Zed,Kaisa,Yuumi,Rumble,Graves,Qiyana,Syndra,Shaco,VN2
VN2_1575977445,16.18.815.9717,1021,0,16844,19481,215,72,7,9,0,0,2,0,-2271,-362,19115,19843,213,73,9,7,1,0,1,0,2271,362,2026-09-20 09:27:59,"Nautilus, Lee Sin, Zoe, Lucian","Caitlyn, Sylas, Akali, Lee Sin, Ambessa",Nasus,Hecarim,Viktor,Jhin,Xerath,Aatrox,Kindred,Malphite,Tristana,Shaco,VN2
VN2_1580468938,16.18.817.5716,1331,0,19740,20450,222,79,12,7,1,0,2,0,624,340,19116,20110,263,71,7,12,0,0,1,0,-624,-340,2026-09-20 09:28:03,"Zed, Caitlyn, Lulu, Akshan, Jayce","Akshan, Locke, Pyke, Blitzcrank, Qiyana",Gragas,Rengar,Ryze,Zeri,Camille,Jax,Graves,Syndra,Ashe,Seraphine,VN2
VN2_1580914545,16.18.817.5716,1413,1,19747,19353,238,70,12,8,0,0,3,0,1629,1139,18118,18214,204,60,8,12,1,0,0,0,-1629,-1139,2026-09-20 09:28:06,"Ambessa, Blitzcrank, LeBlanc, Lee Sin, Lulu","Graves, Qiyana, Ezreal, Pyke",Sylas,Hecarim,Syndra,Sivir,Yuumi,Varus,Chogath,Lissandra,Xayah,Alistar,VN2
VN2_1582933517,16.18.817.5716,1295,0,17397,18931,245,70,5,8,0,0,3,0,-1135,-390,18532,19321,222,71,8,5,1,0,0,0,1135,390,2026-09-20 09:28:10,"Viktor, Poppy, Zoe","Yuumi, Zoe, Shaco, Tryndamere, Pyke",Ryze,Nidalee,Naafiri,Aphelios,Thresh,Pantheon,Graves,Cassiopeia,Syndra,Nami,VN2
VN2_1576894933,16.18.816.5012,2015,0,19576,19286,242,65,10,12,0,0,2,0,147,-275,19429,19561,257,60,12,10,1,0,1,0,-147,275,2026-09-20 09:28:13,"Tryndamere, Xerath, LeBlanc, Katarina","Kindred, Tahm Kench, Viktor, Graves, Akali",Qiyana,Shaco,Tristana,AurelionSol,Zoe,Renekton,Viego,Lissandra,Kaisa,Rell,VN2
VN2_1581738783,16.18.817.5716,2539,1,18339,19990,248,72,8,5,1,0,2,0,1598,850,16741,19140,218,66,5,8,0,0,1,0,-1598,-850,2026-09-20 09:28:17,"Zoe, Galio, Lissandra, Vel'Koz, Sivir","Lee Sin, Braum, K'Sante, Pyke, Zoe",Jax,Qiyana,Katarina,Heimerdinger,Lux,Aatrox,Hecarim,Zed,Xerath,Sylas,VN2
VN2_1574585470,16.17.810.4348,1982,0,21327,22452,252,74,15,9,1,0,3,0,3402,3464,17925,18988,220,64,9,15,0,0,0,0,-3402,-3464,2026-09-20 09:28:21,"Locke, Zoe, Kindred, Jayce, Braum","Nautilus, Renata Glasc, Shaco",Ambessa,Viego,Viktor,Caitlyn,Lux,Rumble,Zaahen,Ahri,Lucian,Yuumi,VN2
VN2_1563824112,16.17.810.4348,1587,1,16769,18274,216,60,7,11,0,0,2,0,-1674,-789,18443,19063,210,70,11,7,1,0,1,0,1674,789,2026-09-20 09:28:24,"Nasus, Malphite, Bel'Veth, Morgana, Elise","Lissandra, Zed, Naafiri, Locke",Camille,LeeSin,Jayce,Lux,Pyke,Annie,Graves,Akali,Katarina,Yuumi,VN2
VN2_1575302987,16.17.810.4348,1148,1,19770,20831,253,89,10,3,0,0,3,0,3715,2520,16055,18311,263,44,3,10,0,0,0,0,-3715,-2520,2026-09-20 09:28:28,"Darius, Lissandra, Nasus","Locke, Lee Sin, Tristana, Viktor, Illaoi",Aatrox,Shaco,Akali,Jinx,Nautilus,Olaf,Kindred,Ahri,Varus,Lulu,VN2
VN2_1561573513,16.17.810.4348,1658,1,19683,18916,259,58,10,10,0,0,3,0,-804,1108,20487,17808,241,55,10,10,1,0,0,0,804,-1108,2026-09-20 09:28:32,"Elise, Nilah, Karma, Galio, Yuumi","Yasuo, Ezreal, Qiyana, Xerath, Zoe",Zaahen,Graves,Akali,Jhin,Taric,Heimerdinger,RekSai,Zed,Sivir,Pyke,VN2
VN2_1583506415,16.18.817.5716,1642,0,18352,19690,245,74,6,7,1,0,1,0,475,991,17877,18699,226,76,7,6,0,0,2,0,-475,-991,2026-09-20 09:28:35,"Mel, Zoe, Lee Sin, Shaco, Cassiopeia","Pyke, Malphite, Graves, Nautilus, Sylas",Irelia,Nocturne,Syndra,Ezreal,Bard,Riven,Briar,Lissandra,Lucian,Seraphine,VN2
VN2_1575321901,16.17.810.4348,1398,0,20050,20949,264,67,12,4,1,0,2,0,2676,1420,17374,19529,284,65,4,12,0,0,1,0,-2676,-1420,2026-09-20 09:28:39,"Thresh, Hecarim, Lissandra, Katarina","Darius, Caitlyn, Locke, Viktor",Aatrox,Chogath,Akali,Sivir,Lulu,Renekton,Kindred,Zoe,Jinx,Braum,VN2
VN2_1581830081,16.18.817.5716,1484,0,17752,18364,241,50,6,14,0,0,1,0,-3020,-2996,20772,21360,227,72,14,6,1,0,0,0,3020,2996,2026-09-20 09:28:42,"Nautilus, Morgana, Darius, Sylas, Qiyana","Nasus, Yuumi, Nautilus, Evelynn, Lee Sin",Irelia,Chogath,Orianna,Kaisa,Galio,Jax,Hecarim,Ryze,Yunara,Lulu,VN2
VN2_1582135543,16.18.817.5716,1729,1,18313,20297,217,58,11,7,0,0,3,0,357,2067,17956,18230,232,72,7,11,1,0,0,0,-357,-2067,2026-09-20 09:28:47,"Nilah, Akali, Bel'Veth, Shaco","Kindred, Evelynn, Viktor, Jayce",Heimerdinger,Naafiri,Nasus,Ziggs,Bard,Udyr,Karthus,Annie,Caitlyn,Pyke,VN2
VN2_1557336257,16.16.804.9184,1288,1,18658,21140,243,68,8,5,0,0,0,0,1195,1490,17463,19650,246,70,5,8,1,0,3,0,-1195,-1490,2026-09-20 09:28:51,"Yuumi, Blitzcrank, Graves, Jax","Lee Sin, Ezreal, Yorick, Katarina",Nasus,Quinn,Vladimir,Kaisa,Braum,Aatrox,Tryndamere,Hwei,Lucian,Pyke,VN2
VN2_1581423869,16.18.817.5716,1958,0,17222,19633,234,68,6,8,1,0,0,0,-798,-1109,18020,20742,258,60,8,6,0,0,3,0,798,1109,2026-09-20 09:28:54,"Shaco, Aurora, Hecarim, Jayce, Soraka","Lulu, Akali",Yone,XinZhao,Sylas,Xayah,Sona,Heimerdinger,Graves,Locke,Jinx,Thresh,VN2
VN2_1580982948,16.18.817.5716,1169,0,15532,18981,251,68,1,9,0,0,0,0,-3971,-1600,19503,20581,278,74,9,1,1,0,3,0,3971,1600,2026-09-20 09:28:58,"Pyke, Graves, Locke, Jayce, Qiyana","Yuumi, Heimerdinger, Pyke, Locke",Udyr,Belveth,Xerath,Ezreal,Bard,Vayne,Sylas,Viktor,Ashe,Seraphine,VN2
VN2_1584231343,16.18.817.5716,1856,1,21039,20645,260,72,12,7,0,0,2,0,1820,405,19219,20240,240,70,7,12,0,0,1,0,-1820,-405,2026-09-20 09:29:01,"Yunara, Pyke, Malphite, Gwen, Caitlyn","Kalista, Kha'Zix, Galio",Jayce,LeeSin,Zoe,Xayah,Braum,Ornn,Hecarim,Locke,Kaisa,Hwei,VN2
VN2_1560498516,16.17.810.4348,1155,1,19010,19095,250,58,8,5,0,0,1,0,2451,837,16559,18258,229,62,5,8,0,0,1,0,-2451,-837,2026-09-20 09:29:05,"Leona, LeBlanc, Jax, Locke, Zoe","Hecarim, Blitzcrank, Zoe, Rumble, Kai'Sa",XinZhao,Graves,Syndra,Zeri,Bard,Renekton,Naafiri,Poppy,Jhin,Milio,VN2
VN2_1583310863,16.18.817.5716,1019,1,21422,20232,261,68,11,11,0,0,0,0,1698,1597,19724,18635,199,68,11,11,1,0,2,0,-1698,-1597,2026-09-20 09:29:08,"Lee Sin, Zoe, Locke, Thresh, Aatrox","Caitlyn, Shaco, Sylas, Rumble",Swain,Lucian,Irelia,Graves,Camille,Darius,Qiyana,Ekko,Sivir,FiddleSticks,VN2
VN2_1572648578,16.17.810.4348,1878,0,18374,17677,185,68,9,16,1,0,0,0,-4408,-3245,22782,20922,260,70,16,9,0,0,3,1,4408,3245,2026-09-20 09:29:12,"K'Sante, Senna, Katarina, Fizz, Shaco","Zoe, Seraphine, Olaf, Nautilus",Gangplank,Jayce,Locke,AurelionSol,Lux,Urgot,Graves,Diana,Ezreal,Karma,VN2
VN2_1579729729,16.18.817.5716,1811,1,18280,20141,262,74,7,9,0,0,3,0,-375,312,18655,19829,224,67,9,7,1,0,0,0,375,-312,2026-09-20 09:29:15,"Zed, Jax, Ezreal, Locke","Evelynn, Mel, Irelia, Viktor, Yasuo",Yone,Taliyah,Sylas,Kaisa,Velkoz,Malphite,Tryndamere,Galio,Twitch,Bard,VN2
VN2_1571507154,16.17.810.4348,1517,0,18760,21018,279,72,5,9,0,0,0,0,-837,781,19597,20237,272,78,9,5,1,0,3,0,837,-781,2026-09-20 09:29:19,"Nautilus, Elise, Thresh, Kindred","Nautilus, Pyke, Lissandra",Rumble,Naafiri,Viktor,Yunara,Lulu,Ambessa,LeeSin,AurelionSol,Lucian,Zoe,VN2
VN2_1581527747,16.18.817.5716,1149,0,18702,20181,244,65,9,8,0,0,3,0,-31,-77,18733,20258,268,54,8,9,1,0,0,0,31,77,2026-09-20 09:29:22,"Pyke, Bard, Rumble, Viktor, Naafiri","Yuumi, LeBlanc, Zilean, Lucian, Kindred",Renekton,Jayce,Lissandra,Zeri,Soraka,KSante,Gragas,Zed,Tristana,Thresh,VN2
VN2_1582926331,16.18.817.5716,1466,0,19037,19940,232,80,7,12,0,0,3,0,-1554,-408,20591,20348,261,70,12,7,1,0,0,0,1554,408,2026-09-20 09:29:27,"Mel, Shaco, Nautilus, Rell","Pyke, Jayce, Sylas, Lee Sin, Quinn",Gnar,XinZhao,Locke,Kaisa,Seraphine,Udyr,Hecarim,Ekko,Yunara,Lulu,VN2
VN2_1576877212,16.18.816.5012,1505,0,18342,19753,254,68,6,7,0,0,0,0,-14,-311,18356,20064,255,61,7,6,1,0,1,0,14,311,2026-09-20 09:29:30,"Zoe, Renekton, Mel, Seraphine, Evelynn","Lee Sin, Cho'Gath, Yuumi",Aatrox,Sylas,Syndra,Lucian,Pyke,Yone,Kindred,Akali,Yunara,Soraka,VN2
VN2_1570578479,16.17.810.4348,1237,1,20721,21484,254,53,15,3,0,0,3,0,4444,2698,16277,18786,239,60,3,15,1,0,0,0,-4444,-2698,2026-09-20 09:29:33,"Morgana, Sivir, Locke, Cho'Gath","Cassiopeia, Thresh, Graves",Lissandra,LeeSin,Yone,Xerath,Camille,Nasus,Talon,Hwei,Jinx,Poppy,VN2
VN2_1560981769,16.17.810.4348,1504,0,19324,18688,233,68,10,10,0,0,2,0,-1255,-1792,20579,20480,246,70,10,10,1,0,1,1,1255,1792,2026-09-20 09:29:37,"Fizz, Thresh, Pyke, Olaf, Lee Sin","Nautilus, Neeko, LeBlanc",Camille,Qiyana,Karthus,Ezreal,Seraphine,Yorick,Nidalee,Locke,Twitch,Blitzcrank,VN2
VN2_1581665573,16.18.817.5716,1816,1,19319,20997,247,83,11,4,0,0,3,0,2441,2773,16878,18224,233,70,4,11,1,0,0,0,-2441,-2773,2026-09-20 09:29:41,"Pyke, Zoe, LeBlanc, Jax","Graves, Yorick, Locke, Zoe",Yone,Shaco,Ryze,Twitch,Seraphine,Quinn,LeeSin,Sylas,Jhin,Bard,VN2
VN2_1584777245,16.18.817.5716,1683,1,20270,19199,217,60,14,8,1,0,0,0,1331,435,18939,18764,249,66,8,14,0,0,3,0,-1331,-435,2026-09-20 09:29:44,"Rengar, Zoe, Lissandra, Lucian, Shaco","Poppy, Pantheon, Jax, Lulu, Locke",Camille,Chogath,Ekko,KogMaw,Taliyah,KSante,Sylas,Katarina,Yunara,Rell,VN2
VN2_1580688521,16.18.817.5716,2117,1,16493,19217,240,56,4,12,0,0,0,0,-3761,-2957,20254,22174,254,78,12,4,1,0,3,0,3761,2957,2026-09-20 09:29:48,"Naafiri, Lissandra, Jayce, Malzahar, Zoe","Twisted Fate, Pyke, Zed, Lee Sin, Nasus",Mordekaiser,Khazix,Irelia,Ezreal,Zilean,Olaf,Qiyana,Leblanc,Jhin,Karma,VN2
VN2_1575277706,16.17.810.4348,1103,0,17441,18435,237,48,7,10,0,0,0,0,-705,-1428,18146,19863,211,59,10,7,1,0,0,0,705,1428,2026-09-20 09:29:51,"Lee Sin, Blitzcrank, Yuumi, LeBlanc, Locke","Kog'Maw, Mel, Graves, Rengar, Viktor",Mordekaiser,Kindred,Syndra,Jhin,Rell,Gragas,Ivern,Zoe,Kaisa,Bard,VN2
VN2_1582125463,16.18.817.5716,2562,1,17703,18687,249,68,5,13,1,0,0,0,-2414,-1711,20117,20398,247,66,13,5,0,0,3,0,2414,1711,2026-09-20 09:29:55,"Zoe, LeBlanc, Pyke, Nilah","Sivir, Skarner, Lucian, LeBlanc, Zoe",Yasuo,Gragas,Ryze,Twitch,Sejuani,Renekton,LeeSin,Ekko,Heimerdinger,Zilean,VN2
VN2_1582329763,16.18.817.5716,1873,1,17949,21069,282,66,5,9,0,0,1,0,-1333,224,19282,20845,244,87,9,5,1,0,2,0,1333,-224,2026-09-20 09:29:59,"Nilah, Lee Sin, Jayce, Bel'Veth, Jax","Irelia, Pyke, Caitlyn, Hecarim, Zoe",Zed,Sylas,Ahri,Yunara,Lulu,Shen,Nidalee,Xerath,Jinx,Rell,VN2
VN2_1581585074,16.18.817.5716,1860,1,18080,21103,258,84,5,5,0,0,3,0,1277,675,16803,20428,256,72,5,5,1,0,0,0,-1277,-675,2026-09-20 09:30:03,"Pyke, Pantheon, Syndra, Sion, Shaco","Caitlyn, Zoe, Zilean, Jayce, Jarvan IV",Lissandra,Hecarim,Ryze,Lucian,Soraka,Sett,Chogath,Irelia,Jinx,Milio,VN2
VN2_1571330194,16.17.810.4348,1414,0,17428,18338,233,57,8,9,0,0,3,0,-1708,-835,19136,19173,257,68,9,8,1,0,0,0,1708,835,2026-09-20 09:30:07,"Hecarim, Qiyana, Alistar, Locke","Rengar, Pyke, Tryndamere, Yuumi",Gwen,JarvanIV,Zoe,Samira,Blitzcrank,Jayce,LeeSin,Viktor,Ezreal,Seraphine,VN2
VN2_1581547904,16.18.817.5716,958,0,18911,17967,209,43,12,11,0,0,0,0,-361,-1441,19272,19408,244,46,11,12,0,0,3,0,361,1441,2026-09-20 09:30:10,"Pyke, Naafiri, Viktor, Nautilus","Zilean, Katarina, Leona, Viktor, Ambessa",Ornn,LeeSin,Lissandra,Lucian,Yuumi,Camille,Sylas,Yone,Yunara,Lulu,VN2
VN2_1575484640,16.17.810.4348,2275,1,18402,19868,212,74,9,6,0,0,3,0,861,1696,17541,18172,242,52,6,9,1,0,0,0,-861,-1696,2026-09-20 09:30:14,"Cassiopeia, Zed, Locke","Zoe, Jayce, Poppy, Akali, Leona",Camille,Sylas,Taliyah,Xayah,Karma,Udyr,Zac,Yone,Kaisa,Rell,VN2
VN2_1568339564,16.17.810.4348,1551,1,19663,19422,262,55,12,4,1,0,0,0,3460,1277,16203,18145,212,69,4,12,0,0,3,0,-3460,-1277,2026-09-20 09:30:18,"Zoe, Twitch, Tryndamere, Fiora","Blitzcrank, Twisted Fate, Viktor, Evelynn",Pantheon,RekSai,Qiyana,Sivir,Soraka,Yone,Zyra,Katarina,Yunara,Braum,VN2
VN2_1580298961,16.18.817.5716,1705,1,19929,17822,221,46,12,14,0,0,1,0,-510,-1466,20439,19288,233,43,14,12,0,0,2,0,510,1466,2026-09-20 09:30:22,"Locke, Xerath, Graves","Thresh, Yuumi, Naafiri, Nasus, Yasuo",Jax,Taliyah,Qiyana,Yunara,Pyke,Heimerdinger,Nidalee,Yone,Jinx,Bard,VN2
VN2_1574254098,16.17.810.4348,1825,1,19356,20507,264,74,9,5,0,0,3,0,2453,1257,16903,19250,249,50,5,9,1,0,0,0,-2453,-1257,2026-09-20 09:30:25,"Shaco, Zoe, Nilah, Lucian, Malphite","Pyke, Irelia, Graves",Kalista,Sylas,Qiyana,Zeri,Seraphine,Skarner,Briar,Lissandra,Kaisa,Soraka,VN2
VN2_1584712488,16.18.817.5716,2030,0,17766,18649,233,59,6,11,1,0,0,0,-456,-1359,18222,20008,189,82,11,6,0,0,3,0,456,1359,2026-09-20 09:30:29,"Zoe, Wukong, Pyke, Katarina","Sylas, Lulu, Jayce",Ambessa,Graves,Gragas,Lucian,Thresh,DrMundo,Hecarim,Locke,Xayah,Bard,VN2
VN2_1573359416,16.17.810.4348,1967,1,20492,21055,282,68,10,6,0,0,0,0,723,272,19769,20783,262,77,6,10,1,0,3,0,-723,-272,2026-09-20 09:30:32,"Locke, Rengar","Yasuo, Fiora, Akali, Syndra, Qiyana",Darius,LeeSin,Taliyah,Ezreal,Nautilus,Mordekaiser,Graves,TwistedFate,Caitlyn,Alistar,VN2
VN2_1585068394,16.18.817.5716,1667,1,19939,20404,247,56,14,4,0,0,2,0,3270,2111,16669,18293,229,62,4,14,1,0,1,0,-3270,-2111,2026-09-20 09:30:36,"LeBlanc, Lucian, Zoe","Rell, Shaco, LeBlanc, Pyke",Gwen,Naafiri,Locke,Draven,Thresh,Tryndamere,Vi,Yone,Lux,Senna,VN2
VN2_1582041893,16.18.817.5716,2072,1,16354,19851,256,63,4,6,0,0,3,0,-771,-1976,17125,21827,231,82,6,4,0,0,0,0,771,1976,2026-09-20 09:30:39,"Cassiopeia, Nidalee, Bel'Veth, Blitzcrank, Tryndamere","Pyke, Varus, LeBlanc, Shaco",Ambessa,Nunu,Locke,Jhin,Zilean,Skarner,Graves,Aurora,Tristana,Yuumi,VN2
VN2_1583814493,16.18.817.5716,1607,1,19545,20678,264,78,9,5,0,0,3,0,1890,1287,17655,19391,271,71,5,9,1,0,0,0,-1890,-1287,2026-09-20 09:30:43,"Evelynn, Sivir, Yone, Ambessa, Lulu","Malzahar, Heimerdinger, Caitlyn, Annie, Master Yi",Chogath,LeeSin,Viktor,Ezreal,Thresh,Aatrox,Viego,Locke,Lucian,Karma,VN2
VN2_1575939822,16.18.815.9717,1266,0,17921,19777,209,68,8,5,0,0,0,0,1276,575,16645,19202,235,74,5,8,1,0,3,0,-1276,-575,2026-09-20 09:30:46,"Locke, Cho'Gath, Zoe, Lucian, Renekton","Kindred, Milio, Shaco, Akali",Riven,Ambessa,Ekko,MissFortune,Alistar,Camille,Sylas,Galio,Caitlyn,Seraphine,VN2
VN2_1579093574,16.18.817.5716,1734,1,20903,20742,262,73,13,4,0,0,3,0,4763,3278,16140,17464,200,56,4,13,1,0,0,0,-4763,-3278,2026-09-20 09:30:50,"Seraphine, Lissandra, Viktor, Yuumi","Thresh, Locke, Elise, LeBlanc, Zoe",Renekton,Gragas,Yasuo,Kaisa,Soraka,Zaahen,Nidalee,Sylas,Lucian,Alistar,VN2
VN2_1580352544,16.18.817.5716,1362,0,18841,18189,248,67,7,17,0,0,2,0,-2087,-2811,20928,21000,256,62,17,7,1,0,1,0,2087,2811,2026-09-20 09:30:53,"Sett, Akali, Mel","Qiyana, LeBlanc, Pyke, Yuumi",Corki,Hecarim,TwistedFate,Zed,Rell,DrMundo,Pantheon,Zoe,Yunara,Lulu,VN2
VN2_1574150706,16.17.810.4348,1076,1,19436,21169,278,64,9,7,0,0,2,0,1873,471,17563,20698,269,74,7,9,1,0,1,0,-1873,-471,2026-09-20 09:30:57,"Karma, Zoe, Olaf, Pyke","Nasus, Akshan, Lucian, Pyke",Sion,Briar,Ekko,Yunara,Taric,Rumble,Viego,Yone,Syndra,Rell,VN2
VN2_1579324184,16.18.817.5716,1735,1,17172,19018,253,63,4,4,0,0,2,0,4,-1516,17168,20534,249,66,4,4,0,0,1,0,-4,1516,2026-09-20 09:31:00,"Nautilus, Yuumi, LeBlanc, Lee Sin, Heimerdinger","Yuumi, Graves, Malzahar, Xerath",Nasus,Belveth,Akali,Kaisa,Soraka,Aatrox,JarvanIV,Hwei,Ezreal,Velkoz,VN2
VN2_1577895607,16.18.817.5716,1639,0,18461,19144,221,69,10,10,0,0,1,0,-783,-222,19244,19366,233,67,10,10,1,0,2,0,783,222,2026-09-20 09:31:04,"Locke, Illaoi","Yuumi, Master Yi, Nautilus, Pyke",Olaf,LeeSin,Renekton,Kaisa,Bard,Ambessa,MonkeyKing,Viktor,Aphelios,Thresh,VN2
VN2_1568430447,16.17.810.4348,1688,0,18613,17648,211,54,9,8,0,0,2,0,-183,-1318,18796,18966,256,66,8,9,1,0,1,0,183,1318,2026-09-20 09:31:07,"Locke, Thresh, Qiyana, Yuumi, Heimerdinger","Yuumi, Locke, Yorick, Master Yi, Poppy",Sylas,MonkeyKing,Ryze,Caitlyn,Bard,Jax,LeeSin,Ahri,Lucian,Milio,VN2
VN2_1585040421,16.18.817.5716,1133,1,19957,20792,247,66,12,4,1,0,3,0,2330,821,17627,19971,264,76,4,12,0,0,0,0,-2330,-821,2026-09-20 09:31:11,"Renekton, Heimerdinger, Viktor, Soraka, Leona","Soraka, LeBlanc, Pantheon, Shaco, Graves",Ambessa,LeeSin,Lissandra,KogMaw,Elise,Irelia,Chogath,Locke,Kaisa,Pyke,VN2
VN2_1579913215,16.18.817.5716,1747,1,19548,20918,258,72,10,6,0,0,3,0,1773,1735,17775,19183,212,65,6,10,1,0,0,0,-1773,-1735,2026-09-20 09:31:14,"Lee Sin, Ezreal, Tryndamere, Yuumi, Zoe","Thresh, Malzahar, Caitlyn",Jayce,Hecarim,Akali,Jinx,Rell,Nasus,Shaco,Zed,Xayah,Bard,VN2
VN2_1566979295,16.17.810.4348,1605,0,16460,19847,244,70,4,6,1,0,0,0,-1731,-1425,18191,21272,279,70,6,4,0,0,3,0,1731,1425,2026-09-20 09:31:17,"Yuumi, Cho'Gath, Poppy, Viego","Yuumi, LeBlanc, Pyke, Bel'Veth",Skarner,Naafiri,Ahri,Jinx,Milio,Camille,Sylas,Qiyana,Xerath,Seraphine,VN2
VN2_1584653183,16.18.817.5716,1539,1,20225,18228,236,54,13,15,0,0,3,0,-714,-248,20939,18476,217,52,15,13,0,0,0,0,714,248,2026-09-20 09:31:21,"Camille, Shaco, Graves, Lissandra, Akali","Pyke, Master Yi, LeBlanc, Yorick",Yasuo,Elise,Gwen,Kaisa,Blitzcrank,Quinn,Briar,Zed,Aphelios,Nautilus,VN2
VN2_1560536422,16.17.810.4348,1680,0,19503,20261,233,65,10,8,0,0,0,0,293,-1019,19210,21280,251,75,8,10,0,0,3,0,-293,1019,2026-09-20 09:31:25,"Yasuo, Sylas, Bard, Shaco","Braum, Caitlyn, Seraphine, Bel'Veth, Zoe",LeeSin,Evelynn,Qiyana,DrMundo,Camille,Aatrox,Graves,Poppy,Zeri,Velkoz,VN2
VN2_1568118830,16.17.810.4348,1570,0,16987,18047,218,72,5,14,0,0,0,0,-4384,-3549,21371,21596,277,66,14,5,1,0,3,0,4384,3549,2026-09-20 09:31:29,"Blitzcrank, Akali, Aatrox, Evelynn, Elise","Akshan, Twitch, Kayn, Yone, Ezreal",Urgot,LeeSin,Locke,MissFortune,Braum,Gnar,Zaahen,Karthus,Yunara,Alistar,VN2
VN2_1584806170,16.18.817.5716,1968,0,16729,18262,244,64,4,5,0,0,2,0,-964,-1252,17693,19514,264,74,5,4,1,0,1,0,964,1252,2026-09-20 09:31:32,"Viktor, Azir, Nasus, Malphite, Pyke","Katarina, Ashe, Shaco, Zilean, Twitch",Zaahen,Shyvana,Syndra,Jinx,Milio,Jayce,Aatrox,Akali,Kaisa,Nautilus,VN2
VN2_1584266023,16.18.817.5716,1630,1,20307,21676,268,84,11,5,0,0,0,0,2893,3406,17414,18270,257,44,5,11,0,0,0,0,-2893,-3406,2026-09-20 09:31:35,"LeBlanc, Lux, Yuumi, Zoe, Lulu","Locke, Xerath, K'Sante",Ornn,Qiyana,Viktor,Caitlyn,Thresh,Ambessa,LeeSin,Syndra,Aphelios,Nautilus,VN2
VN2_1582899489,16.18.817.5716,2077,0,19169,22299,272,86,9,5,0,0,3,0,1928,2472,17241,19827,230,64,5,9,0,0,0,0,-1928,-2472,2026-09-20 09:31:39,"Samira, Mel, Graves, Evelynn","Tryndamere, Ezreal, LeBlanc, Shaco",Tristana,LeeSin,Katarina,Ashe,Seraphine,Ambessa,Zed,Hwei,Zeri,Yuumi,VN2
VN2_1559938092,16.16.804.9184,2108,0,17621,17725,189,55,9,8,0,0,0,0,-2029,-1870,19650,19595,261,72,8,9,1,0,2,0,2029,1870,2026-09-20 09:31:43,"Rumble, Viktor, Poppy, Graves","Yasuo, Lee Sin, Ambessa",Nasus,Viego,Anivia,Xayah,Rell,Ryze,Hecarim,Yone,Tristana,Alistar,VN2
VN2_1580348084,16.18.817.5716,1360,0,21107,20917,251,58,16,8,0,0,3,0,1943,1457,19164,19460,255,67,8,16,0,0,0,0,-1943,-1457,2026-09-20 09:31:46,"Naafiri, Thresh, Akshan, Pyke, Yasuo","Akshan, Viktor, Shaco, Kindred",Heimerdinger,LeeSin,Zed,Ezreal,Yuumi,Irelia,Jayce,Annie,Kaisa,Blitzcrank,VN2
VN2_1583734494,16.18.817.5716,1630,1,18424,20634,258,74,7,3,0,0,3,0,1295,-212,17129,20846,277,76,3,7,1,0,0,0,-1295,212,2026-09-20 09:31:50,"Zed, Master Yi, Tryndamere, Malphite, Kai'Sa","Yuumi, Zoe, Lissandra, Pyke",Akali,Talon,Lux,Twitch,Shen,Yone,MonkeyKing,Ryze,Kalista,Renata,VN2
VN2_1579248380,16.18.817.5716,1379,0,19091,19204,240,55,11,10,0,0,3,0,-217,-926,19308,20130,260,60,10,11,1,0,0,0,217,926,2026-09-20 09:31:53,"Rek'Sai, LeBlanc, Jayce, Soraka","Qiyana, Nasus, Evelynn, Yuumi, LeBlanc",Jax,Diana,Xerath,Jhin,Bard,Tryndamere,LeeSin,Hwei,Ashe,Seraphine,VN2
VN2_1581603461,16.18.817.5716,1148,1,20276,21475,247,76,13,12,1,0,0,0,1853,3083,18423,18392,233,51,12,13,0,0,0,0,-1853,-3083,2026-09-20 09:31:57,"Zoe, Sylas, Twisted Fate, Ambessa","Irelia, Nasus, Zilean, Hecarim, Yunara",Jayce,Viego,Malphite,Syndra,Thresh,Akali,LeeSin,Zed,Kaisa,Pyke,VN2
VN2_1575145548,16.17.810.4348,1520,1,18122,19735,236,71,7,7,0,0,0,0,8,656,18114,19079,254,65,7,7,1,0,3,0,-8,-656,2026-09-20 09:32:00,"Viktor, Shaco, Singed, Mel, Jax","Blitzcrank, Yorick, Akali, Caitlyn",KSante,MasterYi,Lissandra,Zeri,Pyke,Vayne,Qiyana,Sylas,Lucian,Karma,VN2
VN2_1563741366,16.17.810.4348,1784,0,20649,21494,279,64,12,10,0,0,3,0,2322,2245,18327,19249,205,73,10,12,1,0,0,0,-2322,-2245,2026-09-20 09:32:04,"Karma, Pyke","Lee Sin, Evelynn, Ambessa, Locke, Zed",Aatrox,Sylas,Renekton,Jhin,Taliyah,Ornn,Kindred,Syndra,Katarina,Nautilus,VN2
VN2_1582754470,16.18.817.5716,1534,0,17859,18293,247,60,6,8,0,0,0,0,-339,-1696,18198,19989,230,76,8,6,0,0,1,0,339,1696,2026-09-20 09:32:07,"Nasus, Katarina, Mel, Irelia, Aurelion Sol","Yuumi, Katarina, Nautilus, Lee Sin",Ornn,Viego,Zoe,Jinx,Xerath,Yasuo,Hecarim,Malzahar,Tristana,Lulu,VN2
VN2_1579539971,16.18.817.5716,964,1,21221,21466,264,70,12,10,0,0,3,0,1754,1071,19467,20395,261,60,10,12,1,0,0,0,-1754,-1071,2026-09-20 09:32:10,"Lee Sin, Ezreal, Akshan","Ezreal, Lee Sin, Illaoi",Yorick,Qiyana,Locke,Zeri,Swain,Renekton,Evelynn,Tristana,Lucian,Leona,VN2
VN2_1582011399,16.18.817.5716,1503,0,17649,19133,280,52,4,5,0,0,0,0,-127,-999,17776,20132,276,66,5,4,1,0,3,0,127,999,2026-09-20 09:32:14,"Lucian, Ambessa, Graves, Locke, Evelynn","Yuumi, Locke, Aatrox, Sylas, Lulu",Jayce,RekSai,Viktor,Vayne,Velkoz,Chogath,LeeSin,Lissandra,Tristana,Sion,VN2
VN2_1576873123,16.18.816.5012,1506,1,20043,18344,218,73,12,12,1,0,3,0,633,-565,19410,18909,227,64,12,12,0,0,0,0,-633,565,2026-09-20 09:32:18,"Locke, Mel, Bel'Veth, Tryndamere, Akali","Yorick, Kindred, Akali, Zilean",Olaf,Graves,Taliyah,Yunara,Zoe,Camille,LeeSin,Chogath,Kaisa,Skarner,VN2
VN2_1579329932,16.18.817.5716,1589,0,18421,18948,257,56,6,9,0,0,0,0,-2323,-3761,20744,22709,285,94,9,6,1,0,3,1,2323,3761,2026-09-20 09:32:21,"Sylas, Tryndamere, Naafiri, Lee Sin, Locke","Singed, Kindred, Locke, Zoe",Ambessa,Shaco,Lissandra,Zeri,Zyra,KSante,Chogath,AurelionSol,Caitlyn,Lulu,VN2
VN2_1578434284,16.18.817.5716,1784,0,19556,18988,217,52,11,11,0,0,0,0,-615,-795,20171,19783,233,78,11,11,1,0,3,0,615,795,2026-09-20 09:32:24,"Ashe, Evelynn, Thresh","Zoe, Yuumi, Bel'Veth, Mel, Graves",Akali,LeeSin,Sylas,Corki,Nami,Yorick,Karthus,Qiyana,Jhin,Soraka,VN2
VN2_1576268012,16.18.815.9717,1297,1,18825,20528,274,86,6,4,1,0,3,0,1605,1144,17220,19384,256,68,4,6,0,0,0,0,-1605,-1144,2026-09-20 09:32:28,"Alistar, Mel, Locke, Graves, Yuumi","Zac, Locke, Yuumi",Aatrox,LeeSin,Azir,Kalista,Pyke,Zaahen,Viego,Hwei,Ezreal,Pantheon,VN2
VN2_1575381013,16.17.810.4348,1447,0,17667,18673,229,60,8,8,1,0,0,0,-1226,-2126,18893,20799,257,73,8,8,0,0,3,0,1226,2126,2026-09-20 09:32:31,"Ashe, Graves, Akshan, Nilah, Nasus","Nautilus, Leona, Viktor, Irelia",Ryze,LeeSin,Tryndamere,Jhin,Lux,Malphite,Shaco,Ahri,Yunara,Lulu,VN2
VN2_1582693018,16.18.817.5716,1963,0,16750,19980,241,88,3,1,0,0,3,0,452,-348,16298,20328,272,78,1,3,1,0,0,0,-452,348,2026-09-20 09:32:35,"Sylas, Locke, K'Sante, Syndra, Rengar","Jax, Senna, Pyke",Renekton,Hecarim,Nunu,Aphelios,Alistar,Chogath,Shaco,Ryze,Corki,Braum,VN2
VN2_1566655912,16.17.810.4348,1653,0,17882,19993,260,68,5,11,0,0,2,0,-3138,-1611,21020,21604,281,70,11,5,1,0,1,0,3138,1611,2026-09-20 09:32:39,"Kog'Maw, Irelia, Locke, Elise, Lucian","Zeri, Akali, Pyke, Yuumi, Katarina",KSante,Graves,Lux,Xayah,Janna,Yone,LeeSin,Jayce,Ezreal,Seraphine,VN2
VN2_1581359294,16.18.817.5716,917,1,18959,20975,260,78,11,4,0,0,3,0,1806,1548,17153,19427,236,72,4,11,0,0,0,0,-1806,-1548,2026-09-20 09:32:43,"Pyke, K'Sante, Shaco, Caitlyn, LeBlanc","Bard, Diana, Nautilus, Twitch",Qiyana,Taliyah,Sylas,Ezreal,Leona,Jax,RekSai,Lissandra,MissFortune,Hwei,VN2
VN2_1576012853,16.18.815.9717,1718,0,20520,17496,222,60,13,12,0,0,2,0,-3,-1627,20523,19123,259,68,12,13,0,0,1,0,3,1627,2026-09-20 09:32:46,"Camille, Akali, Nasus","Yorick, Bard, Orianna, Syndra, Lee Sin",Irelia,Nocturne,Locke,Kaisa,Pyke,Jax,Kindred,Yasuo,Heimerdinger,Nautilus,VN2
VN2_1583603975,16.18.817.5716,1543,0,16559,19447,260,51,5,7,0,0,2,0,-2356,-2091,18915,21538,278,58,7,5,0,0,1,0,2356,2091,2026-09-20 09:32:50,"Katarina, Pyke, Nasus, Lee Sin, Yuumi","Graves, Yuumi, Galio, Malphite",Ornn,Locke,Yasuo,Ezreal,Karma,Jayce,Briar,Diana,Yunara,Rakan,VN2
VN2_1585294010,16.18.817.5716,1504,0,18108,19725,229,60,8,10,0,0,0,0,-2105,-1031,20213,20756,274,78,10,8,1,0,3,0,2105,1031,2026-09-20 09:32:53,"Nautilus, Yuumi, Twisted Fate, Graves, Seraphine","Kha'Zix, Lee Sin, Viktor, Cho'Gath",Sylas,Hecarim,Leblanc,Yunara,Rell,Darius,Evelynn,Ahri,Kalista,Thresh,VN2
VN2_1583683252,16.18.817.5716,1634,0,20793,19927,244,74,11,9,0,0,3,0,290,437,20503,19490,268,60,9,11,0,0,0,0,-290,-437,2026-09-20 09:32:57,"Corki, Lee Sin, Talon, Bel'Veth","Malphite, Briar, Yuumi, Thresh, Ambessa",Ornn,Kindred,Twitch,Xayah,Janna,Gnar,Sylas,Viktor,Kaisa,Rell,VN2
VN2_1566977079,16.17.810.4348,928,0,19188,20479,270,75,6,11,0,0,0,0,-175,1017,19363,19462,216,62,11,6,1,0,3,0,175,-1017,2026-09-20 09:33:01,"Zoe, Ambessa, Lulu, Morgana, Jax","Yuumi, Nasus, Locke, Kai'Sa",TwistedFate,MasterYi,Irelia,Lucian,Pyke,Gnar,Khazix,Akali,Twitch,Milio,VN2
VN2_1580579525,16.18.817.5716,1183,0,17311,18391,230,62,7,10,1,0,0,0,-1659,-1545,18970,19936,240,66,10,7,0,0,3,0,1659,1545,2026-09-20 09:33:04,"Locke, Zed, K'Sante, Varus, Bel'Veth","LeBlanc, Rengar, Nasus, Galio",Riven,LeeSin,Zoe,Kaisa,Lulu,Sylas,Talon,Katarina,MissFortune,Nautilus,VN2
VN2_1565840429,16.17.810.4348,1162,0,17399,19342,247,76,4,7,0,0,0,0,-598,-245,17997,19587,231,65,7,4,1,0,3,0,598,245,2026-09-20 09:33:08,"Qiyana, LeBlanc, Lucian, Yuumi, Caitlyn","Locke, Kalista, Hecarim, Kha'Zix, LeBlanc",Varus,LeeSin,Zoe,Gnar,Braum,Gragas,Nidalee,Yone,Yasuo,Rell,VN2
VN2_1583219019,16.18.817.5716,1799,1,19816,20089,246,56,11,7,0,0,0,0,1952,1530,17864,18559,235,62,7,11,0,0,3,0,-1952,-1530,2026-09-20 09:33:12,"Yuumi, Qiyana, LeBlanc, Heimerdinger","Qiyana, Pyke, Jayce, Kindred",KSante,LeeSin,Lissandra,Kaisa,Bard,Warwick,Zed,Akali,Ezreal,Janna,VN2
VN2_1555562391,16.16.804.9184,911,0,15599,17812,214,68,3,16,0,0,3,0,-7392,-3981,22991,21793,262,66,16,3,1,0,0,1,7392,3981,2026-09-20 09:33:15,"Bel'Veth, Tryndamere, K'Sante, Zoe, Xerath","Graves, Ezreal, Yuumi, Hwei",Rengar,Poppy,Aatrox,Lucian,Mel,Jax,Hecarim,Viktor,Tristana,Pantheon,VN2
VN2_1572550264,16.17.810.4348,1251,1,19320,20331,247,81,10,4,1,0,3,0,2459,2056,16861,18275,260,52,4,10,0,0,0,0,-2459,-2056,2026-09-20 09:33:18,"Olaf, Malzahar, Caitlyn, Blitzcrank","Mel, Rek'Sai, Katarina, Ezreal, Seraphine",Urgot,LeeSin,Viktor,Kaisa,Yuumi,Jayce,Elise,Locke,AurelionSol,Thresh,VN2
VN2_1573034356,16.17.810.4348,1901,0,18651,20156,256,55,8,10,0,0,1,0,-469,-294,19120,20450,240,87,10,8,0,0,2,0,469,294,2026-09-20 09:33:22,"LeBlanc, Qiyana, Yasuo, Pyke","Evelynn, Talon, Camille, Zoe",Yorick,Aatrox,Ahri,Zeri,Lulu,Katarina,Viego,Lux,Velkoz,Karma,VN2
VN2_1577005763,16.18.816.5012,1659,1,19048,17299,194,68,13,9,1,0,3,0,1215,762,17833,16537,200,58,9,13,0,0,0,0,-1215,-762,2026-09-20 09:33:25,"Evelynn, Jax, Mel","Yuumi, Zed, Lissandra, Zoe, Lee Sin",Pantheon,Graves,Galio,Lucian,Pyke,Malphite,Hecarim,Locke,Tristana,Soraka,VN2
VN2_1582054895,16.18.817.5716,1274,1,19321,20313,242,66,10,7,0,0,3,0,1669,598,17652,19715,225,72,7,10,0,0,0,0,-1669,-598,2026-09-20 09:33:30,"Katarina, Yasuo, Irelia, Naafiri, Shaco","Lucian, K'Sante, LeBlanc, Shaco",Fiora,LeeSin,Viktor,Ashe,Seraphine,Taliyah,Trundle,Akali,Yunara,Lulu,VN2
VN2_1584971333,16.18.817.5716,1624,0,17404,20322,266,78,3,6,0,0,3,0,-1784,-1966,19188,22288,293,84,6,3,1,0,0,0,1784,1966,2026-09-20 09:33:33,"Lee Sin, Zed, Master Yi, Pyke, Akali","Kindred, Shaco, Jax, Yuumi, Katarina",Yone,Hecarim,Xerath,Tristana,Lulu,Yasuo,Olaf,Viktor,Yunara,Rakan,VN2
VN2_1563022499,16.17.810.4348,1529,0,20926,21732,221,76,17,7,0,0,0,0,2474,3115,18452,18617,235,66,7,17,0,0,3,0,-2474,-3115,2026-09-20 09:33:37,"Mel, Rell, Evelynn, Ahri, Skarner","Fiora, Nautilus, Talon, Irelia",Gwen,Rengar,Quinn,Katarina,Pyke,Aatrox,DrMundo,Zoe,Lucian,Leona,VN2
VN2_1584051379,16.18.817.5716,1309,1,18966,20646,264,71,8,1,1,0,0,0,2998,971,15968,19675,260,66,1,8,0,0,1,0,-2998,-971,2026-09-20 09:33:41,"Mel, Irelia, LeBlanc, Yone, Kindred","Locke, Lee Sin, Yuumi, Evelynn, Camille",Jayce,JarvanIV,Akali,Tristana,Thresh,Malphite,Qiyana,Viktor,Caitlyn,Seraphine,VN2
VN2_1567690562,16.17.810.4348,912,1,18679,20077,246,64,10,6,1,0,0,0,1581,2446,17098,17631,231,60,6,10,0,0,3,0,-1581,-2446,2026-09-20 09:33:44,"Yuumi, Kindred, Jax, Ezreal, Zoe","Bel'Veth, Viktor, Locke, Lucian, Akshan",Yone,Zac,Pantheon,AurelionSol,Seraphine,Darius,JarvanIV,Sylas,Caitlyn,Shen,VN2
VN2_1581382628,16.18.817.5716,1912,0,19886,20033,223,77,11,16,0,0,0,0,-265,545,20151,19488,237,56,16,11,0,0,3,0,265,-545,2026-09-20 09:33:48,"Pyke, Nautilus, Locke, Akali","Locke, Jayce, Jhin, Qiyana, Caitlyn",Heimerdinger,Hecarim,Yone,Lucian,Yuumi,Sylas,XinZhao,Viktor,Kaisa,Rell,VN2
VN2_1585230071,16.18.817.5716,1954,0,18635,21151,264,78,8,7,1,0,0,0,-252,803,18887,20348,272,63,7,8,0,0,3,0,252,-803,2026-09-20 09:33:51,"Lee Sin, Yuumi, Locke, Akali","Ambessa, Locke, Thresh, Rengar",JarvanIV,Nocturne,Zoe,Varus,Alistar,Sion,Taliyah,Mel,Kalista,Karma,VN2
VN2_1569855060,16.17.810.4348,1989,0,18673,20263,243,82,9,8,0,0,3,0,-386,474,19059,19789,270,62,8,9,1,0,0,0,386,-474,2026-09-20 09:33:55,"Zoe, Mel, Yuumi, Lissandra","Kindred, Lucian, Yasuo, Yone, LeBlanc",Taliyah,Jayce,Lux,Aphelios,Pyke,Anivia,Naafiri,Talon,Caitlyn,Shen,VN2
VN2_1584615552,16.18.817.5716,2347,1,18041,18603,199,59,10,15,0,0,0,0,-2968,-1841,21009,20444,248,67,15,10,1,0,3,0,2968,1841,2026-09-20 09:34:00,"Sylas, Zoe, Jayce, Yuumi, Pyke","Quinn, Skarner, LeBlanc, Azir",Gragas,Hecarim,Katarina,Yasuo,Soraka,Volibear,Viego,Veigar,Syndra,Jax,VN2
VN2_1582800237,16.18.817.5716,1755,0,17303,20451,271,77,3,7,1,0,3,0,-1101,190,18404,20261,262,68,7,3,0,0,0,0,1101,-190,2026-09-20 09:34:03,"Sivir, LeBlanc, Locke, Pyke","Viktor, Shaco, Qiyana, Pyke, Katarina",DrMundo,LeeSin,Ahri,Heimerdinger,Senna,Gwen,Talon,Zoe,Jhin,Bard,VN2
VN2_1558521927,16.16.804.9184,1979,1,17265,19599,232,70,5,9,1,0,0,0,-1864,-222,19129,19821,248,79,9,5,0,0,3,0,1864,222,2026-09-20 09:34:07,"Lee Sin, Zoe, Graves, Yuumi","Kayn, Darius, Nilah, LeBlanc, Syndra",Jax,Rengar,Poppy,Lucian,Alistar,Nasus,Hecarim,Swain,Kaisa,Karma,VN2
VN2_1573481213,16.17.810.4348,1848,0,18552,19219,235,77,8,14,1,0,3,0,-1631,-129,20183,19348,226,44,14,8,0,0,0,0,1631,129,2026-09-20 09:34:10,"Ziggs, Irelia, Kha'Zix, LeBlanc","Taric, Zoe, Hecarim, Alistar",Aatrox,Ivern,Yone,Viktor,Bard,Skarner,Evelynn,AurelionSol,Tristana,Leona,VN2
VN2_1580379878,16.18.817.5716,1590,0,20739,21847,258,82,14,12,0,0,3,0,49,825,20690,21022,256,64,12,14,0,0,0,0,-49,-825,2026-09-20 09:34:14,"Sylas, Zoe, Yasuo, Locke, Nautilus","Fizz, Hecarim, Diana, Xerath",Heimerdinger,Nocturne,Yone,Xayah,Milio,Olaf,Taliyah,Irelia,Kaisa,Leona,VN2
VN2_1584585670,16.18.817.5716,1854,0,18879,20147,243,77,8,8,1,0,3,0,-668,-1058,19547,21205,292,60,8,8,0,0,0,0,668,1058,2026-09-20 09:34:18,"Nasus, Blitzcrank, LeBlanc, Ziggs, Pyke","LeBlanc, Milio, Qiyana, Shaco",Viktor,LeeSin,Katarina,Aphelios,Seraphine,Yasuo,Sylas,Veigar,Kaisa,Thresh,VN2
VN2_1566680928,16.17.810.4348,1532,1,20779,19125,220,58,15,10,1,0,1,0,734,1280,20045,17845,236,55,10,15,0,0,2,0,-734,-1280,2026-09-20 09:34:22,"Pyke, Seraphine, Locke","Katarina, Yuumi, Nidalee, Jax, Lux",Gragas,LeeSin,Leblanc,Ashe,Lulu,Irelia,Viego,Sylas,Kalista,Renata,VN2
VN2_1580605622,16.18.817.5716,1797,0,16961,18938,236,69,6,12,0,0,3,0,-3136,-2259,20097,21197,257,80,12,6,1,0,0,0,3136,2259,2026-09-20 09:34:25,"Pyke, Jayce, Qiyana, Locke, Naafiri","Nautilus, Pyke, Sylas, Viktor",Jax,Graves,Zoe,Tristana,Lulu,Gnar,Hecarim,Mel,Yunara,Alistar,VN2
VN2_1582706710,16.18.817.5716,1253,1,17608,20859,240,80,6,1,0,0,2,0,1048,916,16560,19943,290,66,1,6,0,0,1,0,-1048,-916,2026-09-20 09:34:29,"Kindred, Shaco, Sylas, Vayne, Evelynn","Irelia, Akali, Hecarim, Darius, Caitlyn",RekSai,Karthus,Ornn,MissFortune,Bard,Gragas,Jayce,Zoe,Yunara,Lulu,VN2
VN2_1585397544,16.18.817.5716,1101,0,16750,18060,200,39,7,12,0,0,0,0,-4073,-3577,20823,21637,279,63,12,7,1,0,0,0,4073,3577,2026-09-20 09:34:32,"Pyke, Lissandra, Rammus, Twitch, Locke","Mel, Hecarim, Jayce, Thresh, LeBlanc",Shen,Graves,Zoe,MissFortune,Neeko,Ambessa,LeeSin,Yone,Syndra,Bard,VN2
VN2_1574488394,16.17.810.4348,2166,0,16751,17233,212,44,7,11,0,0,0,0,-2925,-2228,19676,19461,251,58,11,7,0,0,1,0,2925,2228,2026-09-20 09:34:38,"Illaoi, Twisted Fate, LeBlanc","Nasus, Naafiri, Zoe, Yuumi",Ambessa,Graves,Viktor,Kaisa,Rell,Jayce,LeeSin,Locke,Lucian,Nami,VN2
VN2_1585243823,16.18.817.5716,923,0,17329,20455,282,64,4,7,0,0,0,0,-1374,-385,18703,20840,260,81,7,4,1,0,3,0,1374,385,2026-09-20 09:34:41,"Master Yi, Rengar, Ambessa, Locke, Caitlyn","Locke, Pyke, Nautilus, Nasus",Olaf,Taliyah,Viktor,MissFortune,Sona,Fiora,DrMundo,TwistedFate,Twitch,Yuumi,VN2
VN2_1580504360,16.18.817.5716,1684,1,18379,19045,261,55,7,10,0,0,0,0,-307,176,18686,18869,210,70,10,7,0,0,3,0,307,-176,2026-09-20 09:34:45,"LeBlanc, Nautilus, Renekton","Evelynn, Locke, Mel, Zoe, Sylas",Riven,Nidalee,Zed,Ezreal,Nami,Rumble,Hecarim,Galio,Yone,Alistar,VN2
VN2_1572946782,16.17.810.4348,2253,0,18176,19072,258,66,5,10,0,0,1,0,-1071,-971,19247,20043,239,60,10,5,1,0,0,0,1071,971,2026-09-20 09:34:48,"Pyke, Ambessa, Kindred, Nasus, Bard","Ambessa, Blitzcrank, Lissandra, Nautilus",Varus,Khazix,Zoe,Lucian,Milio,Jayce,Talon,Locke,Ezreal,Karma,VN2
VN2_1583662263,16.18.817.5716,1827,1,18137,20065,242,94,6,6,0,0,3,0,-158,970,18295,19095,265,68,6,6,1,0,0,0,158,-970,2026-09-20 09:34:51,"Seraphine, Malphite, Katarina, Sylas","Nasus, Hecarim, Nautilus, Zed, Poppy",Riven,Diana,Twitch,Jhin,Rell,Zoe,Graves,Ziggs,Kaisa,Alistar,VN2
VN2_1582714564,16.18.817.5716,1733,1,19096,18076,202,66,12,7,1,0,3,0,1259,-252,17837,18328,193,60,7,12,0,0,0,0,-1259,252,2026-09-20 09:34:55,"Morgana, Yuumi, Talon, Sylas, Pyke","Sylas, Hecarim, LeBlanc, Brand",Anivia,JarvanIV,Akali,Kaisa,Leona,Nunu,LeeSin,Xerath,Xayah,Alistar,VN2
VN2_1575086200,16.17.810.4348,1969,0,22478,22421,274,69,16,5,0,0,0,1,5868,4318,16610,18103,210,78,5,16,1,0,0,0,-5868,-4318,2026-09-20 09:34:59,"Mordekaiser, Poppy, Pyke, Bard, Galio","Lee Sin, Locke, Thresh, Galio, Akali",Jayce,Talon,Rumble,Brand,Lux,Evelynn,Nidalee,Yasuo,Ezreal,Skarner,VN2
VN2_1566948279,16.17.810.4348,1414,1,19208,20176,256,78,11,5,1,0,3,0,2585,1510,16623,18666,258,52,5,11,0,0,0,0,-2585,-1510,2026-09-20 09:35:02,"Zoe, Kai'Sa, Sylas, Pyke","Lulu, Akali, Rell, Bel'Veth, Rumble",Malphite,LeeSin,Cassiopeia,Twitch,Leona,Qiyana,Vi,Syndra,Lucian,Nami,VN2
VN2_1584338063,16.18.817.5716,1877,0,20502,19671,237,60,11,12,0,0,2,0,417,-624,20085,20295,273,64,12,11,1,0,1,0,-417,624,2026-09-20 09:35:06,"Rumble, Mel, Rell, Pyke, Locke","Jayce, Kindred, Morgana, LeBlanc",Zaahen,Qiyana,Sylas,Velkoz,Zoe,Singed,Graves,Riven,Vladimir,Lissandra,VN2
VN2_1576950958,16.18.816.5012,1112,1,20648,21527,238,92,13,5,1,0,3,0,3926,3782,16722,17745,222,73,5,13,0,0,0,0,-3926,-3782,2026-09-20 09:35:09,"Lee Sin, Sylas","Taliyah, Anivia, Draven, Bard",Yone,Hecarim,Syndra,Jhin,Nidalee,Nasus,Chogath,Annie,Caitlyn,Skarner,VN2
VN2_1574166771,16.17.810.4348,1746,0,17332,19684,250,60,5,12,1,0,2,0,-2974,-1474,20306,21158,258,66,12,5,0,0,1,0,2974,1474,2026-09-20 09:35:13,"Gnar, Zoe, Akshan, Kai'Sa, Xerath","Riven, Olaf, Shaco, Rell, LeBlanc",Jayce,Graves,Katarina,Yunara,Lulu,Pantheon,Briar,Locke,MissFortune,Pyke,VN2
VN2_1582007103,16.18.817.5716,1903,1,17526,19982,261,83,3,9,0,0,3,0,-2345,-1121,19871,21103,259,70,9,3,1,0,0,0,2345,1121,2026-09-20 09:35:16,"Alistar, Viktor, Vladimir, Kindred","Rengar, Locke, Jayce, Lucian",Katarina,Shaco,Syndra,Zeri,Yuumi,Nasus,Taliyah,Lissandra,Tristana,Rell,VN2
VN2_1574193902,16.17.810.4348,1610,1,18799,18455,225,62,9,10,0,0,3,0,-442,-1945,19241,20400,251,72,10,9,0,0,0,0,442,1945,2026-09-20 09:35:20,"Nasus, LeBlanc, Wukong, Akali","Rell, Akshan, LeBlanc, Graves",Irelia,Briar,Viktor,Zeri,Skarner,Jax,Viego,Xerath,Ezreal,Nami,VN2
VN2_1583300399,16.18.817.5716,1810,1,18360,20158,236,72,8,4,0,0,0,0,1522,703,16838,19455,249,66,4,8,1,0,3,0,-1522,-703,2026-09-20 09:35:24,"Akali, Zoe, Heimerdinger, Kai'Sa","Akshan, Hecarim, Pyke",Zaahen,Nidalee,Locke,Ezreal,Leona,Jayce,Sylas,Tryndamere,Yunara,Blitzcrank,VN2
VN2_1575486155,16.17.810.4348,1308,0,13955,16165,205,46,1,21,0,0,1,0,-8140,-6513,22095,22678,251,68,21,1,1,0,2,0,8140,6513,2026-09-20 09:35:28,"Dr. Mundo, Leona, Hwei, Malphite, Jax","Tryndamere, Lee Sin, Nautilus, Lulu",Nasus,MasterYi,Viktor,Zeri,Yuumi,Gragas,Nocturne,Locke,Jinx,Bard,VN2
VN2_1584298570,16.18.817.5716,1763,0,21064,20047,265,60,11,8,1,0,0,1,2678,2283,18386,17764,210,57,8,11,0,0,1,0,-2678,-2283,2026-09-20 09:35:31,"Shaco, Kai'Sa, Zoe","Pyke, Locke, Irelia, Bel'Veth",Fiora,Jayce,Orianna,Kalista,Seraphine,Malphite,Qiyana,Ryze,Jinx,Nautilus,VN2
VN2_1577540727,16.18.816.5012,1671,0,19965,20023,240,56,13,4,0,0,0,0,2502,1462,17463,18561,252,63,4,13,1,0,0,0,-2502,-1462,2026-09-20 09:35:35,"Lucian, Xerath, Lux, LeBlanc, Hecarim","Caitlyn, Yasuo, Xerath, Akshan",Irelia,Qiyana,Galio,Tristana,Morgana,Jax,Graves,Heimerdinger,Corki,Nautilus,VN2
VN2_1563001068,16.17.810.4348,2205,1,19639,19502,243,72,9,4,1,0,2,0,2355,-59,17284,19561,273,66,4,9,0,0,1,0,-2355,59,2026-09-20 09:35:39,"Evelynn, Ezreal, Locke, Naafiri, Gnar","Lee Sin, Zac, LeBlanc, Lucian",Ambessa,Zed,Katarina,Caitlyn,Nidalee,Renekton,Kayn,Viktor,Xerath,Leona,VN2
VN2_1575456066,16.17.810.4348,1123,1,20028,22132,280,85,10,6,1,0,3,0,2210,2356,17818,19776,252,72,6,10,0,0,0,0,-2210,-2356,2026-09-20 09:35:42,"Locke, Zoe, Nautilus, Nasus, Gangplank","Nasus, Ambessa, Pyke, Master Yi, Lulu",Renekton,Nidalee,Qiyana,Ashe,Seraphine,Camille,Hecarim,Leblanc,Ezreal,Alistar,VN2
VN2_1576979532,16.18.816.5012,1692,0,19398,20722,237,47,11,9,0,0,0,0,22,1207,19376,19515,244,70,9,11,0,0,3,0,-22,-1207,2026-09-20 09:35:46,"LeBlanc, Akali, Graves, Lucian, Caitlyn","Yuumi, Wukong, Yorick, Anivia",Zaahen,Nidalee,Syndra,Nilah,Nautilus,Kennen,LeeSin,Zed,Aphelios,Soraka,VN2
VN2_1570530314,16.17.810.4348,1688,1,17886,19726,255,61,5,4,0,0,3,0,506,160,17380,19566,282,64,4,5,1,0,0,0,-506,-160,2026-09-20 09:35:49,"Evelynn, Ezreal, Braum, Renekton, Locke","Katarina, Shaco, Graves, Pyke, Cassiopeia",Ambessa,Nidalee,Tristana,AurelionSol,Maokai,Irelia,Briar,Yone,Kaisa,Rell,VN2
VN2_1580236068,16.18.817.5716,1415,1,17594,19507,208,67,7,9,0,0,2,0,-1237,622,18831,18885,215,58,9,7,1,0,1,0,1237,-622,2026-09-20 09:35:53,"Blitzcrank, Trundle, Nilah, Bel'Veth, Thresh","Twitch, Bel'Veth, Nautilus, Shaco, Sylas",Lulu,MasterYi,Zilean,Jhin,Bard,Malphite,Qiyana,Locke,Caitlyn,Yuumi,VN2
VN2_1574015032,16.17.810.4348,1667,1,19009,20018,258,66,9,12,1,0,3,0,-688,-98,19697,20116,221,72,12,9,0,0,0,0,688,98,2026-09-20 09:35:56,"Graves, Locke, Karma","Mel, Sylas, Lee Sin, Nautilus, Locke",Yone,Viego,Ahri,Lux,Galio,Malphite,JarvanIV,Ryze,Jhin,Bard,VN2
VN2_1585301576,16.18.817.5716,1878,0,17933,20122,270,69,6,5,0,0,3,0,138,486,17795,19636,264,60,5,6,1,0,0,0,-138,-486,2026-09-20 09:36:00,"Braum, Katarina, Yuumi, Locke, Mel","Zoe, Pyke, Ambessa, LeBlanc",Rumble,Zed,Lux,Ezreal,Karma,Chogath,JarvanIV,Jayce,Twitch,Lulu,VN2
VN2_1578623755,16.18.817.5716,1726,1,20782,20818,221,90,15,7,0,0,3,0,2493,1977,18289,18841,260,56,7,15,1,0,0,0,-2493,-1977,2026-09-20 09:36:04,"Kindred, Jayce, Pyke, Xerath, LeBlanc","Elise, Nilah, Zed, Viktor, Mel",Gragas,Hecarim,Zoe,Jinx,Lulu,KSante,Taliyah,Syndra,Jhin,Soraka,VN2
VN2_1585658490,16.18.817.5716,1541,1,17932,19313,219,60,8,4,1,0,0,0,795,-724,17137,20037,269,67,4,8,0,0,2,0,-795,724,2026-09-20 09:36:08,"Mel, Locke, Sylas, Cho'Gath, Jayce","Trundle, Locke, Pyke, LeBlanc",Nasus,LeeSin,Yone,Seraphine,Soraka,Aatrox,Khazix,Azir,Sivir,Leona,VN2
VN2_1582099428,16.18.817.5716,1796,1,18973,19567,247,67,10,9,0,0,0,0,-485,-881,19458,20448,245,66,9,10,1,0,3,0,485,881,2026-09-20 09:36:11,"K'Sante, Nilah, Caitlyn, Lissandra","Naafiri, Evelynn, Pyke, Anivia, Nilah",Qiyana,Sylas,Yasuo,Kaisa,Leblanc,Zed,Graves,Viktor,Ezreal,Karma,VN2
VN2_1582738975,16.18.817.5716,1470,0,21851,20504,244,63,14,6,0,0,0,0,3999,1528,17852,18976,237,62,6,14,1,0,3,0,-3999,-1528,2026-09-20 09:36:14,"Malphite, Shaco, Pyke, Graves, Zoe","Yorick, Yuumi, LeBlanc, Pyke, Kog'Maw",Jayce,Briar,Katarina,Varus,Camille,Quinn,Qiyana,Diana,Jhin,Shen,VN2
VN2_1558880583,16.16.804.9184,1263,0,18093,19537,238,67,7,9,0,0,1,0,-1730,-527,19823,20064,263,72,9,7,0,0,2,0,1730,527,2026-09-20 09:36:18,"K'Sante, Camille, Caitlyn, Graves, Zoe","Renekton, Bard, Bel'Veth, Sivir, Qiyana",Rumble,Nocturne,Nasus,Lucian,Thresh,Ambessa,Vi,AurelionSol,Ezreal,Karma,VN2
VN2_1575056267,16.17.810.4348,1621,1,17580,18640,220,58,7,6,1,0,2,0,106,-1214,17474,19854,261,76,6,7,0,0,1,0,-106,1214,2026-09-20 09:36:24,"Aatrox, Zoe, Taliyah, Gwen, Akali","Jax, Taliyah, Locke, Nidalee",Chogath,Nocturne,Qiyana,Tristana,Alistar,Olaf,Hecarim,Ahri,Jinx,Rell,VN2
VN2_1580041507,16.18.817.5716,1771,0,18782,20938,243,60,8,6,1,0,0,0,572,542,18210,20396,257,66,6,8,0,0,3,0,-572,-542,2026-09-20 09:36:27,"Pyke, Zoe, Locke, Irelia","Yuumi, Ezreal, Illaoi, Hecarim, LeBlanc",DrMundo,LeeSin,Lissandra,Syndra,Senna,Volibear,Shaco,Sylas,Jhin,Swain,VN2
VN2_1583407734,16.18.817.5716,1486,0,19004,18445,222,56,12,11,1,0,1,0,-1701,-2234,20705,20679,296,66,11,12,0,0,2,0,1701,2234,2026-09-20 09:36:31,"Caitlyn, Pyke, Olaf, Viego, Katarina","Yuumi, Sivir, Evelynn, Akali",Jayce,LeeSin,Galio,Xayah,Leona,Irelia,Hecarim,Viktor,Heimerdinger,Zoe,VN2
VN2_1567893318,16.17.810.4348,1563,1,21414,19379,268,46,14,12,1,0,2,0,2654,1405,18760,17974,214,52,12,14,0,0,0,0,-2654,-1405,2026-09-20 09:36:34,"Jax, Lulu, Nasus","Locke, Nautilus, Viktor, Ambessa, Blitzcrank",Yone,JarvanIV,Briar,Ezreal,Nami,Garen,Skarner,Leblanc,Jinx,Karma,VN2
VN2_1584753244,16.18.817.5716,1496,1,16674,19819,235,70,6,7,0,0,3,0,-1217,51,17891,19768,219,75,7,6,1,0,0,0,1217,-51,2026-09-20 09:36:38,"Janna, Evelynn, Ambessa, Lissandra, Lulu","Twitch, Shaco, Akshan, Zoe",Ornn,MasterYi,Leblanc,Ezreal,Bard,Trundle,Chogath,Katarina,Kaisa,Nautilus,VN2
VN2_1571724472,16.17.810.4348,1395,0,16108,18034,220,63,5,11,0,0,0,0,-3141,-2844,19249,20878,248,74,11,5,0,0,3,0,3141,2844,2026-09-20 09:36:42,"Kindred, Pyke, Evelynn, Thresh, Tryndamere","Irelia, Nautilus, Zoe, Locke",Volibear,Diana,Lissandra,Yasuo,Blitzcrank,Jax,Zaahen,Akshan,Jayce,Lux,VN2
VN2_1566581134,16.17.810.4348,1808,0,17669,19280,225,72,7,11,0,0,2,0,-1990,-2121,19659,21401,258,78,11,7,1,0,1,0,1990,2121,2026-09-20 09:36:46,"Kai'Sa, Viktor, Jax","Yasuo, Xerath, Shaco, Talon",Irelia,XinZhao,Fizz,Twitch,Yuumi,Heimerdinger,LeeSin,Qiyana,KogMaw,Leona,VN2
VN2_1584722610,16.18.817.5716,1750,1,21189,21589,243,82,17,8,0,0,1,0,2311,1976,18878,19613,255,64,8,17,1,0,2,0,-2311,-1976,2026-09-20 09:36:49,"Shaco, Bard, Locke, Zoe, Yorick","Master Yi, Akshan, Braum, Naafiri",Quinn,Chogath,Sylas,Ezreal,Velkoz,Gwen,LeeSin,Jayce,Caitlyn,Nautilus,VN2
VN2_1577095156,16.18.816.5012,1657,1,21504,19921,252,71,11,8,0,0,3,0,2810,1253,18694,18668,250,51,8,11,0,0,0,0,-2810,-1253,2026-09-20 09:36:53,"Pyke, Lee Sin, Jayce, Lulu","Viktor, Yuumi, Lucian, Thresh, Kindred",Udyr,Talon,Taliyah,Yunara,Nidalee,Anivia,Viego,Galio,Caitlyn,Rell,VN2
VN2_1583881273,16.18.817.5716,1563,1,18684,19674,232,64,9,8,0,0,2,0,260,-515,18424,20189,245,74,8,9,1,0,1,0,-260,515,2026-09-20 09:36:56,"Locke, Talon, Akali, Malphite, Naafiri","Qiyana, Leona, Irelia, Yuumi",Gnar,Rengar,Leblanc,Ashe,Seraphine,Jayce,Briar,Zoe,Yunara,Milio,VN2
VN2_1562408730,16.17.810.4348,1428,0,21367,20179,287,56,10,13,0,0,0,0,-633,-1191,22000,21370,251,72,13,10,1,0,3,0,633,1191,2026-09-20 09:37:00,"Milio, Gangplank, Bel'Veth, Nautilus, Locke","Kha'Zix, Caitlyn, Katarina, Ezreal, Renekton",Yasuo,Qiyana,TwistedFate,Tristana,Rell,Riven,LeeSin,Lux,Yunara,Pantheon,VN2
VN2_1571337998,16.17.810.4348,1588,0,18820,18786,234,48,9,15,0,0,0,0,-2435,-994,21255,19780,245,61,15,9,1,0,3,0,2435,994,2026-09-20 09:37:05,"Locke, Irelia, Lee Sin, Evelynn, Yuumi","Nidalee, Galio, Locke, Briar, Yuumi",Chogath,Qiyana,Azir,Jhin,Nami,Sylas,XinZhao,Taliyah,Kaisa,Pantheon,VN2
VN2_1576144624,16.18.815.9717,1490,1,19472,20521,274,64,10,4,1,0,2,0,2623,1073,16849,19448,259,62,4,10,0,0,1,0,-2623,-1073,2026-09-20 09:37:08,"Yuumi, Cho'Gath, Nautilus, Lulu, Nidalee","Yuumi, Vayne, Locke, Rell",KSante,LeeSin,Viktor,Jhin,Braum,Ornn,Naafiri,Vladimir,Yunara,Seraphine,VN2
VN2_1583260304,16.18.817.5716,2149,0,16387,18641,241,64,3,12,0,0,1,0,-3742,-2476,20129,21117,245,73,12,3,1,0,2,0,3742,2476,2026-09-20 09:37:12,"Locke, Pyke, Katarina, Heimerdinger","Vi, Lee Sin, Pyke, Naafiri",DrMundo,Qiyana,Viktor,Caitlyn,Milio,Aatrox,Hecarim,Leblanc,Yunara,Karma,VN2
VN2_1585274124,16.18.817.5716,1517,1,20102,20319,227,76,11,10,1,0,0,0,489,-52,19613,20371,258,74,10,11,0,0,3,0,-489,52,2026-09-20 09:37:15,"Nasus, Master Yi, Morgana, Jax","Darius, Evelynn, Rengar, Jayce",Irelia,JarvanIV,Locke,Aphelios,Thresh,Singed,Taliyah,Ambessa,Aatrox,Jhin,VN2
VN2_1583209194,16.18.817.5716,1554,1,17372,18870,255,60,5,12,1,0,0,0,-2856,-2326,20228,21196,240,80,12,5,0,0,3,0,2856,2326,2026-09-20 09:37:19,"Irelia, Nautilus, Master Yi, Locke, Shaco","Zeri, Locke, Soraka, Jax, Pyke",Akshan,Graves,Syndra,Kaisa,Sona,Yasuo,LeeSin,Leblanc,Yunara,Bard,VN2
KR_8385061452,16.18.817.5716,1662,0,18598,21416,300,68,5,4,0,0,3,0,580,-170,18018,21586,297,65,4,5,1,0,0,0,-580,170,2026-09-20 09:38:01,"Caitlyn, Rengar, LeBlanc, Pyke, Kalista","Irelia, Lee Sin, Vi, Rengar",Rumble,Qiyana,Yasuo,Zeri,Lulu,Aatrox,Sylas,Yone,Jinx,Rakan,KR
KR_8350987623,16.16.804.9184,1992,1,21414,21156,252,88,12,6,1,0,0,0,3574,2855,17840,18301,233,60,6,12,0,0,0,0,-3574,-2855,2026-09-20 09:38:05,"Zyra, Poppy, Jax, Zoe","Poppy, Syndra, Nasus, Camille, Volibear",Ambessa,Qiyana,Locke,Kalista,Nautilus,Urgot,Nocturne,Orianna,Yunara,Lulu,KR
KR_8376810764,16.18.816.5012,1096,0,16547,19196,251,66,4,6,0,0,1,0,-1711,-1396,18258,20592,263,76,6,4,0,0,2,0,1711,1396,2026-09-20 09:38:08,"Twisted Fate, Rengar, Hecarim, Qiyana","Yasuo, Locke, Zoe, Jayce, Qiyana",Gnar,Skarner,Viktor,Jhin,Karma,Tristana,LeeSin,Hwei,Ezreal,Leona,KR
KR_8372836199,16.17.810.4348,1782,1,19478,20256,261,68,9,5,1,0,0,0,1458,772,18020,19484,268,66,5,9,0,0,3,0,-1458,-772,2026-09-20 09:38:12,"Qiyana, Master Yi, Rengar, Irelia, Bard","Zyra, Cassiopeia, Kayle, Rengar",KSante,Nidalee,Orianna,Yunara,Leona,Jayce,Sejuani,Yasuo,MissFortune,Poppy,KR
KR_8369048314,16.17.810.4348,1369,1,17544,21050,272,70,4,2,0,0,3,0,877,959,16667,20091,275,68,2,4,0,0,0,0,-877,-959,2026-09-20 09:38:15,"K'Sante, Zoe, Olaf, Qiyana","Camille, Cassiopeia, Lee Sin, Naafiri, LeBlanc",Jayce,Nocturne,Syndra,Zeri,Lulu,Shen,Vi,Orianna,Yunara,Milio,KR
KR_8382280968,16.18.817.5716,1597,1,18575,21256,248,79,8,7,0,0,3,0,-204,984,18779,20272,270,71,7,8,0,0,0,0,204,-984,2026-09-20 09:38:18,"Lee Sin, Bard, Vi, Poppy, Rammus","Rumble, Rengar, Kog'Maw, Qiyana",Camille,Naafiri,Diana,Corki,Elise,Pantheon,Talon,Orianna,Jhin,Alistar,KR
KR_8378424868,16.18.817.5716,929,1,19659,19957,230,71,12,5,0,0,3,0,1927,511,17732,19446,254,62,5,12,0,0,0,0,-1927,-511,2026-09-20 09:38:21,"Caitlyn, Rengar, Cassiopeia","Hecarim, Qiyana, Evelynn, Gangplank",Camille,LeeSin,TwistedFate,Yunara,Lulu,Jax,Jayce,Viktor,Ashe,Seraphine,KR
KR_8385009067,16.18.817.5716,911,0,16484,15807,177,51,6,16,0,0,0,0,-5193,-3885,21677,19692,252,62,16,6,0,0,3,0,5193,3885,2026-09-20 09:38:24,"Pyke, LeBlanc, Nidalee, Rumble","Kalista, Yasuo, Qiyana, Syndra, Cassiopeia",Pantheon,LeeSin,Diana,Kaisa,Rell,Jayce,Sylas,Zoe,Yunara,Nautilus,KR
KR_8358956900,16.17.810.4348,915,0,15955,18644,228,76,3,12,0,0,3,0,-4786,-3176,20741,21820,280,80,12,3,1,0,0,0,4786,3176,2026-09-20 09:38:27,"Sylas, Nasus","Akali, Poppy, Renekton",Malphite,Diana,Yasuo,Ezreal,Rakan,Camille,Rengar,Swain,Cassiopeia,Galio,KR
KR_8376138073,16.18.815.9717,1110,0,17507,18874,243,68,5,9,0,0,0,0,-1918,-2069,19425,20943,260,78,9,5,0,0,3,0,1918,2069,2026-09-20 09:38:30,"Ryze, Fiora, Yone, Lucian, Qiyana","Cho'Gath, Jayce, Cassiopeia, Poppy, Pyke",Skarner,Vi,Ekko,Jhin,Karma,Jax,LeeSin,Vex,Ezreal,Bard,KR
KR_8384089458,16.18.817.5716,1196,0,17481,18221,269,51,4,15,0,0,3,0,-4028,-3874,21509,22095,273,84,15,4,1,0,0,0,4028,3874,2026-09-20 09:38:33,"Caitlyn, Draven, Bel'Veth, Zyra, Yasuo","Qiyana, Ambessa, Pyke, Lee Sin, Rengar",Mordekaiser,Sylas,Yone,Zeri,Lulu,Shen,JarvanIV,Orianna,Jinx,Nautilus,KR
KR_8349133360,16.16.804.9184,1633,0,17380,19519,232,62,6,9,0,0,1,0,-2431,-1776,19811,21295,260,80,9,6,1,0,0,0,2431,1776,2026-09-20 09:38:37,"Cassiopeia, Vayne, Lee Sin, Poppy, Locke","Zed, Cassiopeia, Lee Sin, Poppy",Camille,Rengar,Taliyah,Kalista,Renata,Aurora,Talon,Irelia,Xayah,Rakan,KR
KR_8385702295,16.18.817.5716,1954,0,18919,19889,281,72,7,8,1,0,2,0,-116,325,19035,19564,240,70,8,7,0,0,1,0,116,-325,2026-09-20 09:38:40,"Anivia, Vi, Pyke, Caitlyn","Qiyana, Syndra, Ezreal",Yone,Skarner,Ryze,MissFortune,Nautilus,Jayce,LeeSin,Zoe,Draven,Alistar,KR
KR_8365499506,16.17.810.4348,1971,1,19037,20196,257,83,8,10,0,0,3,0,292,1480,18745,18716,213,59,10,8,1,0,0,0,-292,-1480,2026-09-20 09:38:44,"Nidalee, Zed, Lee Sin, Jax, Ryze","Bard, Lee Sin, Katarina, Viktor, Nasus",Olaf,Hecarim,Vladimir,Yunara,Shen,Pantheon,Elise,Yone,Tristana,Nautilus,KR
KR_8378305395,16.18.817.5716,926,0,16925,19022,258,78,2,12,0,0,3,0,-3118,-1419,20043,20441,217,68,12,2,1,0,0,0,3118,1419,2026-09-20 09:38:47,"Lee Sin, Fiora, Rengar, Cassiopeia","Rumble, Yasuo, Bard, Kalista, LeBlanc",Jayce,Qiyana,Galio,Ezreal,Karma,Pantheon,Khazix,Ekko,Senna,Katarina,KR
KR_8363756469,16.17.810.4348,1316,1,17123,18458,244,76,3,7,0,0,0,0,-1211,-1842,18334,20300,246,82,7,3,0,0,3,0,1211,1842,2026-09-20 09:38:50,"Rengar, Jayce","Shaco, Rengar, LeBlanc, Anivia",Fiora,Qiyana,Syndra,Xayah,Rakan,Vayne,Vi,Locke,Lucian,Poppy,KR
KR_8387553776,16.18.817.5716,1137,1,18711,20102,242,72,9,6,1,0,0,0,1027,1045,17684,19057,225,69,6,9,0,0,3,0,-1027,-1045,2026-09-20 09:38:53,"Kindred, Jayce, Lulu, Qiyana","Lee Sin, Zoe, Kalista, Qiyana, Zilean",Rumble,XinZhao,Syndra,Tristana,Karma,Tryndamere,Shyvana,Xerath,Yunara,Milio,KR
KR_8384926717,16.18.817.5716,2131,1,19088,22060,271,77,7,4,0,0,1,0,1048,1845,18040,20215,280,67,4,7,0,0,2,0,-1048,-1845,2026-09-20 09:38:56,"Cassiopeia, Locke, Hecarim, Pantheon, Jax","Yunara, Locke, Pyke, Nidalee, Jayce",Ambessa,Qiyana,Ryze,Jhin,Karma,Gnar,Skarner,Lux,Zeri,Lulu,KR
KR_8376787047,16.18.816.5012,1177,0,17567,19960,265,70,5,5,0,0,3,0,17,1004,17550,18956,252,67,5,5,1,0,0,0,-17,-1004,2026-09-20 09:39:01,"Qiyana, Locke, Kalista, Nocturne, Poppy","Rengar, Yone, Zoe, Locke, Yasuo",Olaf,LeeSin,Syndra,Yunara,Camille,Jayce,Naafiri,TwistedFate,KogMaw,Lulu,KR
KR_8371799046,16.17.810.4348,1898,1,18676,19213,255,53,7,9,0,0,1,0,-1272,-852,19948,20065,278,64,9,7,0,0,2,0,1272,852,2026-09-20 09:39:06,"Singed, Cho'Gath, Nunu & Willump, Kennen","Draven, Nasus, Rengar, Pyke",Poppy,Pantheon,Vex,Ezreal,Karma,Rumble,Qiyana,Zoe,Kaisa,Nautilus,KR
KR_8367713940,16.17.810.4348,1716,1,19798,20768,249,86,9,13,1,0,3,0,-1351,-452,21149,21220,253,64,13,9,0,0,0,0,1351,452,2026-09-20 09:39:09,"Pyke, Nasus, Yorick, LeBlanc","Cassiopeia, Thresh, Lee Sin, Qiyana, Alistar",Vladimir,Talon,Hwei,Varus,Senna,Ambessa,Chogath,Irelia,Tristana,Yuumi,KR
KR_8360791885,16.17.810.4348,1743,1,17702,19552,231,85,6,13,1,0,3,0,-2251,-231,19953,19783,222,64,13,6,0,0,0,0,2251,231,2026-09-20 09:39:12,"LeBlanc, Ezreal, Nocturne","Qiyana, Rengar, Cassiopeia",Olaf,Kindred,Fizz,Syndra,Skarner,Camille,Chogath,Nasus,Jhin,Pyke,KR
KR_8366067352,16.17.810.4348,1831,1,15970,20132,251,72,2,7,0,0,0,0,-2929,-718,18899,20850,289,74,7,2,0,0,3,0,2929,718,2026-09-20 09:39:16,"Poppy, Karma, Qiyana, Zoe","Warwick, Pyke",Olaf,Zac,Akali,Ezreal,Bard,KSante,Chogath,Syndra,Ashe,Seraphine,KR
KR_8384518305,16.18.817.5716,1760,1,18852,19835,232,64,10,2,0,0,2,0,2742,1880,16110,17955,246,59,2,10,1,0,0,0,-2742,-1880,2026-09-20 09:39:19,"Rek'Sai, Nidalee, Zoe, LeBlanc","Poppy, Rengar, Syndra",Jayce,LeeSin,Locke,Jhin,Alistar,Olaf,Chogath,Yone,Lucian,Milio,KR
KR_8376295679,16.18.815.9717,1439,1,17948,19278,243,49,8,4,0,0,1,0,1594,260,16354,19018,239,52,4,8,0,0,2,0,-1594,-260,2026-09-20 09:39:22,"Nidalee, Jayce, Rengar, Kalista, Zed","Ezreal, Syndra, Rengar, Lulu",Akali,Belveth,Pantheon,Viktor,Poppy,Olaf,Vi,Yone,Cassiopeia,Rakan,KR
KR_8385141120,16.18.817.5716,1954,0,17231,19061,254,66,5,4,0,0,3,0,170,-1124,17061,20185,259,76,4,5,1,0,0,0,-170,1124,2026-09-20 09:39:26,"Camille, Jax, Pantheon, Qiyana, Nidalee","Yone, Olaf, LeBlanc, Qiyana, Lee Sin",Yasuo,XinZhao,Syndra,Yunara,Lulu,Nasus,Vi,Cassiopeia,Caitlyn,Bard,KR
KR_8362528546,16.17.810.4348,1274,0,18748,20591,275,60,7,16,0,0,0,0,-2678,-658,21426,21249,260,73,16,7,0,0,3,0,2678,658,2026-09-20 09:39:29,"Vel'Koz, Rengar","Syndra, Caitlyn, Pantheon, Rengar",Rumble,Nocturne,Ziggs,Nilah,Sejuani,Irelia,JarvanIV,Akali,Cassiopeia,Nautilus,KR
KR_8382718851,16.18.817.5716,1003,0,18732,18862,232,76,10,10,0,0,1,0,-1592,-808,20324,19670,269,67,10,10,1,0,2,0,1592,808,2026-09-20 09:39:32,"Draven, Rengar, Syndra, Zoe, Nidalee","Pyke, Qiyana, Lee Sin, Nocturne, Rengar",Lulu,XinZhao,Lissandra,Tristana,Rell,Jayce,Hecarim,Sylas,Yunara,Nautilus,KR
KR_8369019033,16.17.810.4348,1358,1,19625,21244,268,58,10,3,1,0,3,0,2442,121,17183,21123,264,84,3,10,0,0,0,0,-2442,-121,2026-09-20 09:39:35,"Nasus, Cassiopeia, Qiyana, Zed, Lee Sin","Camille, Qiyana, Kai'Sa, Galio, K'Sante",Ambessa,Khazix,Diana,Ezreal,Elise,Jayce,Naafiri,Sylas,Caitlyn,TahmKench,KR
KR_8383026959,16.18.817.5716,1115,1,20572,21681,275,75,14,0,0,0,0,0,5697,3872,14875,17809,269,44,0,14,0,0,0,0,-5697,-3872,2026-09-20 09:39:38,"Kennen, Renekton, Jayce, Tristana","Vi, Rengar, Lee Sin, Irelia",Fiora,Chogath,Ryze,Ezreal,Rell,Gnar,Kaisa,Orianna,Yunara,Nautilus,KR
KR_8382484326,16.18.817.5716,1795,0,19575,18370,245,66,9,12,0,0,3,0,-980,-960,20555,19330,277,61,12,9,0,0,0,0,980,960,2026-09-20 09:39:41,"Karma, Aurelion Sol, Lee Sin, Lulu","Jayce, Irelia, Vladimir, Poppy",Singed,Qiyana,Ambessa,Viktor,Nautilus,KSante,Rengar,Hwei,Kalista,Camille,KR
KR_8385248608,16.18.817.5716,1569,1,17532,18181,240,47,9,6,0,0,0,0,984,146,16548,18035,224,70,6,9,1,0,1,0,-984,-146,2026-09-20 09:39:44,"Yunara, Qiyana, Nidalee, Twisted Fate","Rengar, Yunara, Zyra, LeBlanc, Qiyana",Mordekaiser,LeeSin,Zoe,Jinx,Alistar,Fiora,Vi,Cassiopeia,Jhin,Rakan,KR
KR_8384462493,16.18.817.5716,981,1,18779,18908,275,52,7,8,1,0,2,0,105,497,18674,18411,211,78,8,7,0,0,0,0,-105,-497,2026-09-20 09:39:47,"Bard, Taliyah, Nocturne, Poppy","Tryndamere, Talon, Yunara, LeBlanc",Jayce,RekSai,Lissandra,Mel,Alistar,Gragas,Qiyana,Fizz,Jhin,Rell,KR
KR_8377353765,16.18.816.5012,933,0,16368,17973,237,44,4,16,0,0,0,0,-4233,-2539,20601,20512,250,58,16,4,0,0,0,0,4233,2539,2026-09-20 09:39:51,"Qiyana, LeBlanc, Pyke","Cassiopeia, Zoe, Rengar, Fiora, Nidalee",Jax,Belveth,Viktor,Lucian,Camille,Rumble,MonkeyKing,Yasuo,Ezreal,Poppy,KR
KR_8372625116,16.17.810.4348,1518,0,18603,20320,237,78,8,9,1,0,3,0,-1344,-724,19947,21044,271,72,9,8,0,0,0,0,1344,724,2026-09-20 09:39:54,"Poppy, LeBlanc, Jax, Qiyana","Locke, Poppy, Caitlyn, Olaf, Lee Sin",Yone,XinZhao,Azir,Yunara,Milio,Yasuo,Rengar,Syndra,Kalista,Renata,KR
KR_8375242951,16.17.810.4348,1799,1,18236,19901,247,48,9,8,1,0,0,0,-1000,801,19236,19100,265,61,8,9,0,0,3,0,1000,-801,2026-09-20 09:39:57,"Jax, Xin Zhao, Yasuo, Qiyana","Lux, Lee Sin, Ezreal, Qiyana",Camille,RekSai,Locke,Jhin,Bard,Renekton,Naafiri,Syndra,Kaisa,Neeko,KR
KR_8376842698,16.18.816.5012,1475,1,18942,19481,272,65,6,8,0,0,0,0,373,1380,18569,18101,242,49,8,6,0,0,3,0,-373,-1380,2026-09-20 09:40:00,"Rengar, Lee Sin, LeBlanc, Camille, Zyra","Nidalee, Rengar, Twisted Fate, Ezreal, Lee Sin",Velkoz,Qiyana,Syndra,KogMaw,Lulu,Ambessa,Naafiri,Ryze,Yunara,Bard,KR
KR_8384909318,16.18.817.5716,1320,0,15918,18210,214,62,4,12,0,0,1,0,-5062,-3144,20980,21354,309,51,12,4,1,0,2,0,5062,3144,2026-09-20 09:40:04,"Lulu, Pyke, Yasuo, Ambessa","Zoe, Nidalee, Ezreal, Yunara",Nasus,Qiyana,Akali,Jinx,Thresh,Olaf,LeeSin,Viktor,Corki,Maokai,KR
KR_8376793166,16.18.816.5012,1355,1,18271,20656,276,85,5,4,0,0,3,0,1333,2023,16938,18633,241,56,4,5,0,0,0,0,-1333,-2023,2026-09-20 09:40:07,"Qiyana, Hecarim, Rengar, Locke, Yasuo","Ezreal, Jax, Camille, Zyra, Zoe",Gragas,LeeSin,Viktor,Varus,Bard,Rumble,XinZhao,Orianna,Corki,Anivia,KR
KR_8363586207,16.17.810.4348,1916,0,19275,20532,261,68,10,5,0,0,0,0,1763,2026,17512,18506,252,62,5,10,0,0,3,0,-1763,-2026,2026-09-20 09:40:10,"Ezreal, Jax, Galio, Vi, Lee Sin","Bard, Pyke, Zoe, Rengar",Camille,Nidalee,Yone,Kaisa,Poppy,Olaf,Qiyana,Locke,Yunara,Rell,KR
KR_8386659325,16.18.817.5716,1552,0,17878,19162,246,71,5,8,0,0,0,0,-286,-1034,18164,20196,242,79,8,5,1,0,3,0,286,1034,2026-09-20 09:40:13,"Lulu, Karma, Akali, Singed","Vladimir, Rengar, Lee Sin, Talon",Pantheon,Qiyana,Nasus,Viktor,Maokai,Olaf,Hecarim,Zoe,Yunara,Braum,KR
KR_8381809776,16.18.817.5716,1572,0,17550,18847,261,64,5,13,0,0,1,0,-2770,-984,20320,19831,213,80,13,5,0,0,2,0,2770,984,2026-09-20 09:40:16,"Pyke, Jayce, Lee Sin, Qiyana","Hecarim, Twisted Fate, Fiora, Bard, Zeri",Ambessa,Sejuani,Sylas,Corki,Rengar,Garen,Naafiri,Yone,Jhin,Rakan,KR
KR_8371366002,16.17.810.4348,1636,1,18964,20301,257,61,9,5,1,0,1,0,537,-407,18427,20708,275,68,5,9,0,0,2,0,-537,407,2026-09-20 09:40:20,"Cassiopeia, Poppy, Vex, Jax","Pyke, Camille, Vladimir, Rengar",Sett,Sejuani,Talon,Ziggs,Rakan,KSante,Sylas,Lissandra,Yunara,Bard,KR
KR_8383298027,16.18.817.5716,1512,1,19448,19720,281,44,7,6,0,0,0,1,1436,942,18012,18778,239,78,6,7,0,0,3,0,-1436,-942,2026-09-20 09:40:23,"Lee Sin, Zoe, Fiora, Locke, Rengar","Qiyana, Zoe, Elise, Jayce",Gnar,Sylas,Ryze,Jinx,Nautilus,Olaf,Chogath,Orianna,Yunara,Pyke,KR
KR_8367209879,16.17.810.4348,1591,0,16529,18976,235,69,4,10,0,0,3,0,-2935,-2357,19464,21333,256,72,10,4,0,0,0,0,2935,2357,2026-09-20 09:40:26,"LeBlanc, Lee Sin, Jayce","Rengar, Cho'Gath, Qiyana",Fiora,Maokai,Yasuo,Jinx,Karma,Ambessa,Pantheon,Cassiopeia,Tristana,Thresh,KR
KR_8367183236,16.17.810.4348,914,0,17941,19426,262,70,4,7,0,0,3,0,-497,-1273,18438,20699,264,68,7,4,1,0,0,0,497,1273,2026-09-20 09:40:29,"Zoe, Lee Sin, Nidalee, Poppy","Jax, Aurelion Sol, LeBlanc",Darius,Vi,Xerath,Draven,Renata,Gragas,Chogath,Yasuo,Kalista,Neeko,KR
KR_8379337297,16.18.817.5716,1117,1,19600,18750,231,77,10,9,0,0,3,0,732,-209,18868,18959,232,80,9,10,1,0,0,0,-732,209,2026-09-20 09:40:32,"Nidalee, Cassiopeia, Jayce, Camille, Pyke","Rumble, Qiyana, Karma, Yasuo, Lee Sin",Jax,Hecarim,Sylas,Yunara,Lulu,Pantheon,Karthus,Akshan,Caitlyn,Blitzcrank,KR
KR_8352932903,16.16.804.9184,1257,0,17233,18578,234,65,5,10,0,0,1,0,-2413,-1389,19646,19967,247,74,10,5,1,0,1,0,2413,1389,2026-09-20 09:40:35,"Jayce, LeBlanc, Kai'Sa, Poppy, Zoe","Draven, Yasuo, Zoe, Ezreal, Poppy",Fiora,Sylas,Talon,Lucian,Milio,Ambessa,LeeSin,Locke,Yunara,Thresh,KR
KR_8371922806,16.17.810.4348,1360,1,20293,19199,269,56,11,9,0,0,0,0,3201,1991,17092,17208,168,63,9,11,0,0,0,0,-3201,-1991,2026-09-20 09:40:38,"Zoe, Riven","Caitlyn, Camille, Nautilus, Talon, Syndra",Cassiopeia,Trundle,Ryze,Yunara,Lulu,Olaf,Chogath,Yasuo,Kaisa,Blitzcrank,KR
KR_8380461450,16.18.817.5716,1283,0,19366,18488,231,48,12,13,0,0,3,0,-1685,-1306,21051,19794,254,75,13,12,0,0,0,0,1685,1306,2026-09-20 09:40:42,"Cassiopeia, Pyke, Vi, Olaf, Jax","Fiora, Tristana, Poppy",Anivia,LeeSin,Yasuo,KogMaw,Lulu,Jayce,Rengar,Locke,Yunara,Blitzcrank,KR
KR_8385741428,16.18.817.5716,1201,1,17479,20029,279,86,3,4,0,0,3,0,-698,-776,18177,20805,276,80,4,3,1,0,0,0,698,776,2026-09-20 09:40:47,"Nunu & Willump, Akali, Jayce, Rengar","Jayce, Zoe, Lee Sin, Rengar",Fiora,JarvanIV,Orianna,Jhin,Nautilus,Kennen,Qiyana,Ryze,Tristana,Rell,KR
KR_8386399708,16.18.817.5716,1338,0,20099,17895,226,48,10,10,0,0,0,0,527,-2255,19572,20150,248,58,10,10,0,0,3,0,-527,2255,2026-09-20 09:40:50,"Nunu & Willump, Caitlyn, Lucian, LeBlanc, Fiora","Poppy, Nidalee, Viego, Qiyana",Jax,Talon,Fizz,Varus,Rakan,Ambessa,LeeSin,Sylas,Xayah,Camille,KR
KR_8371937591,16.17.810.4348,1579,1,17590,19668,229,68,8,6,1,0,0,0,-114,-218,17704,19886,261,62,6,8,0,0,1,0,114,218,2026-09-20 09:40:53,"Lee Sin, Locke, Jax, Pyke, Qiyana","Qiyana, Vayne, Neeko, Pyke, Anivia",Camille,Hecarim,Taliyah,Jhin,Galio,KSante,Nidalee,Nunu,Ezreal,Seraphine,KR
KR_8386326094,16.18.817.5716,2089,0,17946,18962,235,58,7,9,0,0,0,0,-817,980,18763,17982,230,60,9,7,0,0,0,0,817,-980,2026-09-20 09:40:57,"Nidalee, Pantheon, Alistar, Yasuo, Lulu","Nidalee, Pyke, LeBlanc, Vayne, Lulu",Camille,Sylas,Jayce,Katarina,Nautilus,Urgot,Qiyana,Zoe,Jhin,Leona,KR
KR_8363299532,16.17.810.4348,1727,1,16874,19902,246,74,3,3,0,0,3,0,-511,-1065,17385,20967,263,87,3,3,1,0,0,0,511,1065,2026-09-20 09:41:00,"Twisted Fate, Rengar, Lee Sin, Poppy, Sylas","Pyke, Riven, Ezreal, Zoe",Rumble,Chogath,Nasus,Kaisa,Camille,KSante,Qiyana,Locke,Corki,Bard,KR
KR_8368645246,16.17.810.4348,1636,1,19841,19766,231,87,11,8,0,0,0,0,827,972,19014,18794,263,62,8,11,0,0,3,0,-827,-972,2026-09-20 09:41:03,"Jayce, Orianna, Lee Sin","Lee Sin, Poppy, Qiyana",Fiora,Hecarim,Anivia,Kaisa,Blitzcrank,Singed,Nidalee,Yone,Kalista,Renata,KR
KR_8367262626,16.17.810.4348,1746,0,17955,20326,248,59,8,8,0,0,0,0,-1056,424,19011,19902,246,78,8,8,0,0,0,0,1056,-424,2026-09-20 09:41:07,"Kennen, Syndra, Locke, Hecarim","Naafiri, Cassiopeia",Poppy,Aatrox,Taliyah,Ezreal,Bard,Jayce,Sejuani,Yasuo,Ashe,Seraphine,KR
KR_8388261563,16.18.817.5716,1347,0,15738,18130,221,63,3,10,0,0,2,0,-4592,-3439,20330,21569,289,64,10,3,0,0,1,0,4592,3439,2026-09-20 09:41:10,"Master Yi, Pantheon, Lucian, Qiyana","Master Yi, Pyke, Viktor, Gangplank, Hecarim",Jax,Talon,Sylas,Aphelios,Alistar,Ambessa,LeeSin,Lissandra,Caitlyn,Thresh,KR
KR_8373615479,16.17.810.4348,910,1,20854,21814,270,86,11,1,1,0,3,0,4469,2751,16385,19063,266,66,1,11,0,0,0,0,-4469,-2751,2026-09-20 09:41:13,"Pyke, Lux","Lee Sin, Zoe, Qiyana, Caitlyn",Olaf,Vi,Galio,Jhin,Camille,Sejuani,Locke,Tristana,Xayah,Rakan,KR
KR_8387711575,16.18.817.5716,1622,0,19392,19405,268,59,8,10,0,0,1,0,-542,-2059,19934,21464,237,78,10,8,1,0,2,0,542,2059,2026-09-20 09:41:16,"Caitlyn, Vayne, Lulu, LeBlanc","Viktor, Qiyana, Lee Sin, Sett, Poppy",Yasuo,Nidalee,Jayce,Kaisa,Shen,Olaf,Hecarim,Galio,Zeri,Camille,KR
KR_8363812949,16.17.810.4348,1363,0,17926,19155,261,67,6,12,0,0,2,0,-3084,-1835,21010,20990,260,77,12,6,0,0,0,0,3084,1835,2026-09-20 09:41:19,"Jayce, Fizz, Poppy, Renata Glasc","Locke, Qiyana, Cassiopeia, Rengar",Fiora,LeeSin,Syndra,Jinx,Camille,Vayne,Naafiri,Ryze,Zeri,Lulu,KR
KR_8376490572,16.18.816.5012,1798,1,20275,21394,248,76,13,5,0,0,2,0,3063,2100,17212,19294,242,64,5,13,0,0,0,0,-3063,-2100,2026-09-20 09:41:22,"Poppy, Olaf, LeBlanc, Lee Sin","Lulu, Zoe, Lee Sin",Jayce,Ekko,Chogath,Ezreal,Karma,Anivia,Qiyana,Ahri,Kalista,Neeko,KR
KR_8386617899,16.18.817.5716,993,1,18070,19387,253,59,8,8,0,0,0,0,403,1497,17667,17890,210,64,8,8,1,0,0,0,-403,-1497,2026-09-20 09:41:27,"Galio, Pyke, Singed","Zoe, Rengar, Qiyana, Lee Sin, Camille",Jayce,Naafiri,Sylas,Ezreal,Nautilus,Kaisa,MasterYi,Vex,Yunara,Karma,KR
KR_8383751411,16.18.817.5716,1148,1,21256,22309,294,68,13,2,1,0,0,0,4697,4050,16559,18259,248,66,2,13,0,0,3,0,-4697,-4050,2026-09-20 09:41:31,"Zoe, Poppy, LeBlanc, Pyke","Camille, Rengar, Yunara, Rumble, Zoe",Jayce,Sylas,Yone,Jhin,Maokai,Locke,Qiyana,Xerath,Ezreal,Karma,KR
KR_8384765345,16.18.817.5716,1206,1,20987,21931,284,68,11,4,1,0,0,0,3722,2677,17265,19254,269,50,4,11,0,0,3,0,-3722,-2677,2026-09-20 09:41:35,"Olaf, Naafiri","Warwick, Rengar, Nidalee, Zoe",Gangplank,JarvanIV,Taliyah,Jhin,Karma,Kaisa,LeeSin,Singed,Jinx,Thresh,KR
KR_8365396085,16.17.810.4348,1827,1,17095,19417,248,74,3,7,0,0,0,0,-1594,-1509,18689,20926,271,74,7,3,1,0,3,0,1594,1509,2026-09-20 09:41:38,"Lee Sin, Gnar, Nidalee, Locke","Cassiopeia, Irelia, Nidalee",KSante,Hecarim,Syndra,Yunara,Lulu,Vayne,Skarner,Akali,Jhin,Bard,KR
KR_8363756414,16.17.810.4348,1429,0,17654,20961,276,82,4,7,1,0,1,0,-1182,10,18836,20951,277,72,7,4,0,0,2,0,1182,-10,2026-09-20 09:41:42,"Lee Sin, Cassiopeia, Camille, Fizz","Kha'Zix, Cassiopeia, Nocturne, Bard",Rumble,Vi,Ahri,Ezreal,Neeko,Jayce,Taliyah,Yone,Kaisa,Lissandra,KR
KR_8387345164,16.18.817.5716,1417,1,19563,21073,284,75,7,2,0,0,3,0,2232,934,17331,20139,289,60,2,7,1,0,0,0,-2232,-934,2026-09-20 09:41:46,"Locke, Poppy, Zoe, Ambessa, Rengar","Jayce, Xerath, Qiyana, Jax, Zoe",Malphite,LeeSin,Malzahar,Kaisa,Camille,Yone,FiddleSticks,Taliyah,Kalista,Renata,KR
KR_8388166053,16.18.817.5716,2521,0,17041,19040,239,70,4,9,1,0,1,0,-2075,-2276,19116,21316,272,70,9,4,0,0,1,0,2075,2276,2026-09-20 09:41:49,"Nautilus, Lee Sin, Akali, Evelynn, Ezreal","Lee Sin, Nidalee, Jax, Gangplank",Viktor,Talon,Brand,Caitlyn,Bard,Irelia,Qiyana,Locke,Jhin,Janna,KR
KR_8382621059,16.18.817.5716,1130,0,18044,19875,268,62,6,4,0,0,1,0,815,1449,17229,18426,254,60,4,6,0,0,2,0,-815,-1449,2026-09-20 09:41:52,"Gangplank, Lee Sin, Vladimir","Fiora, Rengar, Pyke, Caitlyn",Corki,Kayn,Orianna,Jinx,Lulu,KSante,Qiyana,Ryze,Yunara,Poppy,KR
KR_8363823088,16.17.810.4348,925,0,19797,19700,245,78,9,10,0,0,3,0,357,569,19440,19131,214,67,10,9,1,0,0,0,-357,-569,2026-09-20 09:41:55,"Yasuo, Hecarim, Zyra, Rengar, Olaf","Lee Sin, Locke, Camille, Rengar",Nidalee,Jayce,Cassiopeia,Lucian,Pyke,Malphite,Vi,Taliyah,Tristana,Milio,KR
KR_8371961176,16.17.810.4348,1779,1,18279,20970,303,82,4,5,0,0,3,0,463,286,17816,20684,278,79,5,4,1,0,0,0,-463,-286,2026-09-20 09:41:58,"Qiyana, Locke, Lee Sin, Lulu, Fiddlesticks","Xerath, Sylas, Kai'Sa, Zoe, Alistar",Ambessa,Hecarim,Syndra,Zeri,Thresh,Irelia,Shyvana,Ahri,Jhin,Rakan,KR
KR_8387215263,16.18.817.5716,1834,0,15943,18673,235,80,2,2,1,0,0,0,-956,-1096,16899,19769,289,56,2,2,0,0,3,0,956,1096,2026-09-20 09:42:02,"Taliyah, Zoe, Poppy, Qiyana, Kalista","Hecarim, Jayce, Zoe, Rengar, Fiora",Shen,RekSai,Xerath,Tristana,Rell,Kled,Naafiri,Syndra,Yunara,Alistar,KR
KR_8381806269,16.18.817.5716,1245,0,17760,20859,281,79,4,6,0,0,0,0,-387,643,18147,20216,240,82,6,4,1,0,3,0,387,-643,2026-09-20 09:42:05,"Qiyana, Nidalee, Yorick, Lee Sin, Tristana","Sylas, Lee Sin, Thresh, Zoe, Twisted Fate",Vladimir,Hecarim,Viktor,Caitlyn,Nautilus,Camille,Viego,Galio,Swain,Rell,KR
KR_8375645524,16.18.815.9717,1779,0,18460,20002,254,68,6,8,0,0,0,0,-887,-79,19347,20081,251,69,8,6,0,0,3,0,887,79,2026-09-20 09:42:08,"Cassiopeia, LeBlanc, Hecarim, Rengar","Locke, Qiyana, Lulu, Poppy",Jax,Jayce,Sylas,Kalista,Renata,Skarner,Nidalee,Yasuo,TwistedFate,Rell,KR
KR_8376223888,16.18.815.9717,1477,0,19816,20112,241,75,9,8,0,0,2,0,1612,685,18204,19427,263,66,8,9,1,0,1,0,-1612,-685,2026-09-20 09:42:11,"Locke, Zyra, Jax, Ezreal","Cassiopeia, Fiora, Rengar, Zed, Qiyana",Yone,Viego,Anivia,Xerath,Camille,Ornn,LeeSin,Aurora,Yunara,Lulu,KR
KR_8383359051,16.18.817.5716,1915,0,19895,19291,260,68,10,9,0,0,2,0,820,-672,19075,19963,259,70,9,10,0,0,1,0,-820,672,2026-09-20 09:42:14,"Qiyana, Yasuo, Fiora, Talon, Rengar","Yunara, Hecarim, Renekton, Jax, Jayce",Olaf,LeeSin,Sylas,Jhin,Nautilus,Yone,Skarner,Cassiopeia,Zeri,Alistar,KR
KR_8379252586,16.18.817.5716,919,1,19389,20785,287,72,6,3,0,0,2,0,2791,991,16598,19794,273,57,3,6,0,0,1,0,-2791,-991,2026-09-20 09:42:17,"Caitlyn, Lee Sin, LeBlanc, Hecarim, Jayce","Nidalee, Qiyana, Lee Sin, Locke, Zyra",Vladimir,Nunu,Yasuo,Zeri,Lulu,Ambessa,Sejuani,Lux,Aphelios,Thresh,KR
KR_8382391801,16.18.817.5716,1376,1,16215,20293,263,80,2,4,1,0,0,0,-1291,-803,17506,21096,283,72,4,2,0,0,0,0,1291,803,2026-09-20 09:42:20,"Qiyana, Orianna, Pyke, Fiora, Poppy","Lee Sin, Qiyana, Poppy",Gwen,Rengar,Ryze,Yunara,Lulu,Jayce,Vi,Sylas,Caitlyn,Karma,KR
KR_8376558276,16.18.816.5012,1890,1,17789,19587,239,59,7,4,0,0,0,0,533,-397,17256,19984,256,72,4,7,1,0,0,0,-533,397,2026-09-20 09:42:23,"Camille, K'Sante, Poppy, LeBlanc, Talon","Jayce, Nidalee, Lee Sin, Rengar",Yasuo,Sylas,Gangplank,Yunara,Lulu,Gwen,Qiyana,Renekton,Jhin,Nautilus,KR
KR_8372990103,16.17.810.4348,1958,0,22036,19208,225,64,18,5,0,0,0,0,4966,2798,17070,16410,202,70,5,18,0,0,1,0,-4966,-2798,2026-09-20 09:42:28,"Hecarim, Qiyana, Cassiopeia, Poppy","Syndra, Gangplank, Lulu, Zyra",Galio,LeeSin,Zoe,Ezreal,Camille,Gnar,Nidalee,Yasuo,Tristana,Braum,KR
KR_8383834440,16.18.817.5716,1517,0,17022,18731,250,62,5,9,0,0,1,0,-2761,-1892,19783,20623,288,60,9,5,1,0,0,0,2761,1892,2026-09-20 09:42:31,"Jayce, Sylas, LeBlanc, Zyra","Poppy, Talon, Rengar, Locke",Tryndamere,Pantheon,Orianna,Corki,Blitzcrank,Akali,LeeSin,Syndra,Kalista,Renata,KR
KR_8356125927,16.17.810.4348,1556,0,18728,20164,249,71,5,2,0,0,3,0,2177,199,16551,19965,274,62,2,5,0,0,0,0,-2177,-199,2026-09-20 09:42:34,"Rengar, Zoe, Yasuo, Vi","Cassiopeia, Lee Sin, Zoe, LeBlanc",Anivia,XinZhao,TwistedFate,Kaisa,Poppy,Camille,Sylas,Yone,Xayah,Rakan,KR
KR_8375580100,16.18.815.9717,919,0,16851,18792,251,64,4,13,0,0,0,0,-4791,-3199,21642,21991,260,74,13,4,1,0,3,1,4791,3199,2026-09-20 09:42:40,"Pyke, Camille, Hecarim, Zoe","Zoe, Nidalee, Pyke",Jayce,Qiyana,Akali,Kaisa,Poppy,Rumble,LeeSin,Cassiopeia,Kalista,Lulu,KR
KR_8384860899,16.18.817.5716,921,1,20122,19531,247,60,15,7,0,0,0,0,2210,2342,17912,17189,230,43,7,15,0,0,1,0,-2210,-2342,2026-09-20 09:42:44,"Lux, Pyke, Qiyana","Taliyah, Yasuo, Rengar",Jayce,Nidalee,Tristana,Ezreal,Poppy,Irelia,Ivern,Zoe,Jhin,Rell,KR
KR_8386842840,16.18.817.5716,1126,0,18701,17741,234,45,9,12,0,0,1,0,-1878,-2429,20579,20170,263,66,12,9,1,0,0,0,1878,2429,2026-09-20 09:42:48,"Rengar, Qiyana, Pyke, Lee Sin","Rengar, Qiyana, Irelia, Lee Sin, Locke",Ornn,Nidalee,Yone,Jhin,Karma,Nasus,Hecarim,Hwei,Caitlyn,Lux,KR
KR_8366131214,16.17.810.4348,1895,0,16568,18839,200,68,4,11,0,0,3,0,-5170,-3200,21738,22039,293,81,11,4,1,0,0,0,5170,3200,2026-09-20 09:42:51,"Pyke, Rengar, Syndra, Nautilus, Jayce","Bard, Cassiopeia, Rengar",Fiora,Taliyah,Nasus,Jhin,Blitzcrank,Vayne,Chogath,TwistedFate,Lucian,Milio,KR
KR_8383566845,16.18.817.5716,947,1,19615,21499,264,80,7,2,0,0,3,0,2898,1454,16717,20045,254,72,2,7,1,0,0,0,-2898,-1454,2026-09-20 09:42:54,"Cassiopeia, Rengar, Yone, Ryze, Qiyana","Yasuo, Karma, Poppy, Irelia",Akali,Jayce,Nasus,Yunara,Lulu,Ambessa,LeeSin,Syndra,Kaisa,Rakan,KR
KR_8384066001,16.18.817.5716,1447,0,19540,20624,277,72,7,6,0,0,0,0,1448,951,18092,19673,271,51,6,7,1,0,0,0,-1448,-951,2026-09-20 09:42:58,"Poppy, Master Yi, Qiyana, Camille, Olaf","Azir, Talon, Rengar, Zoe, Rumble",Galio,Hecarim,Syndra,Ezreal,Karma,Anivia,LeeSin,Ryze,Kalista,Renata,KR
KR_8366874297,16.17.810.4348,921,1,21250,21488,243,68,17,3,0,0,0,0,5554,3703,15696,17785,221,64,3,17,0,0,0,0,-5554,-3703,2026-09-20 09:43:01,"Yasuo, Pyke, Qiyana, Zyra, Cassiopeia","Hecarim, Poppy, Bard",Aurora,LeeSin,Zoe,Lucian,Milio,Camille,Pantheon,Ryze,Jhin,Alistar,KR
KR_8384992184,16.18.817.5716,1613,1,19147,19499,245,66,10,6,0,0,3,0,2333,823,16814,18676,224,68,6,10,1,0,0,0,-2333,-823,2026-09-20 09:43:04,"Naafiri, Fizz, Jax, Pyke, Lee Sin","Vi, Taliyah, Nasus, Zoe, Locke",Yone,Sylas,Tristana,Velkoz,Bard,Qiyana,Chogath,Leblanc,Zeri,Yuumi,KR
KR_8383452553,16.18.817.5716,1882,0,18177,20715,274,63,5,7,0,0,1,0,342,476,17835,20239,229,74,7,5,1,0,2,0,-342,-476,2026-09-20 09:43:07,"Qiyana, Singed, Irelia, Jax","Zoe, Rengar, Pyke, Qiyana, Jayce",Kennen,JarvanIV,TwistedFate,Yunara,Lulu,Fiora,Nidalee,Sylas,Caitlyn,Karma,KR
KR_8370206038,16.17.810.4348,1842,0,20404,19152,247,50,13,13,0,0,1,0,-613,246,21017,18906,221,56,13,13,0,0,2,0,613,-246,2026-09-20 09:43:11,"Nunu & Willump, Lissandra","Orianna, Cassiopeia, Vi",Rumble,Viego,Anivia,Yunara,Lulu,Kalista,LeeSin,Locke,TwistedFate,Camille,KR
KR_8372689549,16.17.810.4348,1434,1,20696,19488,258,70,12,6,1,0,3,0,3240,1589,17456,17899,228,52,6,12,0,0,0,0,-3240,-1589,2026-09-20 09:43:14,"Bard, Yasuo, Zoe","Riven, Kalista, Lucian, Syndra",Jayce,Sylas,Corki,Viktor,Alistar,Olaf,Vi,Talon,Kaisa,Rell,KR
KR_8385617764,16.18.817.5716,1757,0,20399,20343,242,86,10,6,0,0,2,0,2947,1624,17452,18719,210,70,6,10,0,0,1,0,-2947,-1624,2026-09-20 09:43:17,"Rengar, Maokai, Ezreal, Ryze","Pyke, Hecarim, Poppy, LeBlanc, Kennen",Olaf,Qiyana,Sylas,Jhin,Bard,Warwick,Vi,Fizz,Viktor,Senna,KR
KR_8366787691,16.17.810.4348,1934,0,17038,19031,263,59,3,8,0,0,0,0,-552,-352,17590,19383,203,78,8,3,1,0,3,0,552,352,2026-09-20 09:43:20,"Poppy, Cassiopeia, Jax, Yasuo","Qiyana, Jax, LeBlanc, Kalista, Pyke",Vladimir,Jayce,Yone,Yunara,Camille,Vayne,LeeSin,Akali,Jhin,Shen,KR
KR_8384968858,16.18.817.5716,1296,0,17012,18835,264,50,3,7,1,0,0,0,-2541,-2264,19553,21099,274,78,7,3,0,0,3,0,2541,2264,2026-09-20 09:43:23,"Galio, Lee Sin, Jax, Qiyana, Bard","Qiyana, Zeri, Locke, Hecarim, Pyke",Jayce,Graves,TwistedFate,Jhin,Alistar,Yasuo,Taliyah,Yone,Xerath,Rell,KR
KR_8362334177,16.17.810.4348,1962,1,18582,18862,224,69,9,6,0,0,3,0,-340,-1276,18922,20138,263,84,6,9,0,0,0,0,340,1276,2026-09-20 09:43:26,"Nidalee, Jayce, Syndra","Zyra, Jayce, Lee Sin, LeBlanc",Darius,Zed,Cassiopeia,Ezreal,Rell,Fiora,Qiyana,Azir,Taliyah,Pantheon,KR
KR_8362564838,16.17.810.4348,2044,0,19168,20963,250,80,8,3,0,0,2,0,2876,1183,16292,19780,256,76,3,8,1,0,0,0,-2876,-1183,2026-09-20 09:43:29,"Qiyana, Syndra, Rengar, Lissandra","Locke, Zed",Rumble,Naafiri,Pantheon,Cassiopeia,Camille,Aurora,LeeSin,Akali,Ezreal,Bard,KR
KR_8380170781,16.18.817.5716,1324,1,18515,20654,290,74,6,6,0,0,3,0,853,940,17662,19714,236,76,6,6,1,0,0,0,-853,-940,2026-09-20 09:43:32,"Qiyana, Lee Sin, Rengar, Pyke, Jayce","Locke, Renekton, Jax, Pyke, Yunara",Ambessa,Pantheon,Syndra,Mel,Camille,Annie,Diana,Zoe,Akshan,Poppy,KR
KR_8387836919,16.18.817.5716,1852,1,21131,19880,266,64,13,4,1,0,2,0,4034,2119,17097,17761,214,68,4,13,0,0,0,0,-4034,-2119,2026-09-20 09:43:36,"Yasuo, Viktor, Lee Sin, Katarina, Jayce","Pyke, Qiyana, Jayce, Lee Sin, Blitzcrank",Renekton,Khazix,Akali,Zeri,Lulu,Fiora,Hecarim,TwistedFate,Kaisa,Neeko,KR
KR_8376001240,16.18.815.9717,1329,0,19002,20596,263,82,7,4,1,0,3,0,1688,1031,17314,19565,241,78,4,7,0,0,0,0,-1688,-1031,2026-09-20 09:43:39,"Ambessa, K'Sante, Orianna, Qiyana, Trundle","Cassiopeia, Hecarim, Ezreal, Kalista, Ambessa",Olaf,LeeSin,Ryze,TwistedFate,Rell,Jax,Gwen,Yasuo,Kaisa,Alistar,KR
KR_8365010807,16.17.810.4348,1433,0,16659,19836,246,82,3,4,0,0,3,0,-620,-875,17279,20711,259,67,4,3,0,0,0,0,620,875,2026-09-20 09:43:42,"Rumble, Jayce","Warwick, Lee Sin, Lucian",Fiora,Qiyana,Akali,Ezreal,Karma,Kennen,Jax,Syndra,Caitlyn,Bard,KR
KR_8376817392,16.18.816.5012,1251,0,17001,19307,249,66,4,6,0,0,0,0,-1180,-1051,18181,20358,258,82,6,4,1,0,3,0,1180,1051,2026-09-20 09:43:45,"Nocturne, Zyra, Draven, Pyke, Viktor","Rengar, Ezreal, LeBlanc, Poppy",Gnar,LeeSin,Anivia,Yunara,Lulu,Ambessa,Nidalee,Renekton,Syndra,Rell,KR
KR_8377815968,16.18.817.5716,2288,1,21975,20680,250,68,15,11,1,0,0,0,1671,304,20304,20376,262,78,11,15,0,0,3,0,-1671,-304,2026-09-20 09:43:49,"Poppy, Ezreal, Cassiopeia, Rumble, Draven","Blitzcrank, Cassiopeia, Vayne, Lee Sin, Pantheon",Nasus,Rengar,Locke,Kaisa,Neeko,DrMundo,Brand,Irelia,Kalista,Thresh,KR
KR_8374892846,16.17.810.4348,1735,1,19010,20506,243,62,10,7,0,0,1,0,548,446,18462,20060,239,83,7,10,0,0,2,0,-548,-446,2026-09-20 09:43:53,"Kennen, Lee Sin, Qiyana, Jayce","Ezreal, Lee Sin, Olaf, Kalista, LeBlanc",Fiora,Rengar,Zoe,TwistedFate,Shen,Gangplank,Talon,Azir,Ziggs,Pyke,KR
KR_8386398344,16.18.817.5716,1784,0,19692,20257,260,78,8,8,0,0,3,0,387,-732,19305,20989,275,68,8,8,1,0,0,0,-387,732,2026-09-20 09:43:56,"Lee Sin, K'Sante, Poppy, Rengar, Camille","Fizz, Zyra, Pyke, Lee Sin, Olaf",Pantheon,Qiyana,Lissandra,Jhin,Blitzcrank,Anivia,Jayce,Sylas,Caitlyn,Rell,KR
KR_8371906434,16.17.810.4348,1732,1,18209,20235,271,66,7,5,0,0,1,0,686,1042,17523,19193,255,70,5,7,0,0,2,0,-686,-1042,2026-09-20 09:43:59,"Poppy, Rengar, Pyke, Yasuo, Jax","Zoe, Kalista, Cassiopeia, Poppy",Irelia,LeeSin,Akali,Xerath,Leona,Camille,MonkeyKing,Locke,Viktor,Nautilus,KR
KR_8377125122,16.18.816.5012,1569,0,19036,18751,199,66,10,12,0,0,1,0,-1128,-1637,20164,20388,247,68,12,10,0,0,2,0,1128,1637,2026-09-20 09:44:02,"Rengar, Nidalee, LeBlanc, Camille, Olaf","Ivern, Pyke, Qiyana",Gangplank,Skarner,Fizz,Yunara,Nautilus,Jayce,LeeSin,Syndra,Vex,Bard,KR
KR_8375609313,16.18.815.9717,1445,0,19456,20639,249,76,9,10,1,0,0,0,-307,420,19763,20219,223,73,10,9,0,0,3,0,307,-420,2026-09-20 09:44:05,"Jhin, Taliyah, Akali, Yasuo, Locke","Yunara, Yasuo, Hecarim, Zed, Draven",Gragas,Talon,Leblanc,Corki,Nautilus,Singed,Jayce,Annie,Lucian,Katarina,KR
KR_8364996052,16.17.810.4348,1917,0,18304,19859,276,71,6,12,0,0,0,0,-1724,1007,20028,18852,239,74,12,6,1,0,3,0,1724,-1007,2026-09-20 09:44:08,"Nidalee, Naafiri, Locke, Lucian, Poppy","Lucian, Gangplank",Jax,Graves,Ahri,Syndra,Pantheon,Camille,Qiyana,Cassiopeia,Ezreal,Pyke,KR
KR_8374974546,16.17.810.4348,1206,0,18542,20123,275,64,6,10,0,0,0,0,-873,-431,19415,20554,267,60,10,6,0,0,0,0,873,431,2026-09-20 09:44:11,"Poppy, Locke, Cassiopeia, Gnar, Rengar","Pyke, Locke, Qiyana, Rengar, Talon",Gragas,LeeSin,Ryze,Corki,Soraka,Zoe,XinZhao,Syndra,Kalista,Renata,KR
KR_8371315295,16.17.810.4348,1236,0,20742,21278,273,72,12,6,0,0,3,0,3378,1683,17364,19595,207,70,6,12,1,0,0,0,-3378,-1683,2026-09-20 09:44:14,"Bard, Katarina, Master Yi, Talon","Tristana, Zoe, Pyke",Jayce,Trundle,Ryze,Jinx,Thresh,Kled,Chogath,Gragas,Zeri,Yuumi,KR
KR_8370193135,16.17.810.4348,1344,1,18989,21290,273,75,8,5,0,0,3,0,491,366,18498,20924,278,78,5,8,1,0,0,0,-491,-366,2026-09-20 09:44:17,"Zyra, Nautilus, Caitlyn, Poppy, Zoe","Poppy, Lee Sin, Cassiopeia",Jayce,JarvanIV,Locke,Ezreal,Lissandra,Orianna,Nidalee,Tristana,Lucian,Milio,KR
KR_8383664124,16.18.817.5716,1612,1,17442,19919,267,64,5,5,0,0,0,0,-563,-782,18005,20701,286,65,5,5,0,0,3,0,563,782,2026-09-20 09:44:20,"Locke, Hecarim, Zoe, Vladimir","Draven, Lee Sin, Pyke, Zoe",Jayce,Rengar,Taliyah,Kaisa,Alistar,Olaf,Nidalee,Yone,Tristana,Taric,KR
KR_8380507181,16.18.817.5716,2139,0,16633,19115,233,75,4,3,0,0,0,0,-85,-1131,16718,20246,251,77,3,4,0,0,3,0,85,1131,2026-09-20 09:44:26,"Zoe, Jayce, Zyra, Ezreal, Qiyana","Katarina, Lee Sin, Syndra, Rengar, Yunara",Fiora,JarvanIV,Ryze,Cassiopeia,Nautilus,Olaf,Diana,Orianna,Corki,Poppy,KR
KR_8388157540,16.18.817.5716,1710,0,19407,20846,278,74,8,4,0,0,1,0,1999,1201,17408,19645,286,56,4,8,0,0,0,0,-1999,-1201,2026-09-20 09:44:29,"Qiyana, Yasuo, Lee Sin, Singed, Lulu","Lee Sin, Kayle, Jax, Pyke, Katarina",Irelia,Hecarim,Galio,Tristana,Yuumi,Yone,Talon,Ahri,Yunara,Leona,KR
KR_8386934087,16.18.817.5716,1275,1,20628,20196,229,67,16,10,0,0,2,0,2226,278,18402,19918,213,66,10,16,0,0,1,0,-2226,-278,2026-09-20 09:44:32,"Ezreal, Hecarim, Rengar, Zoe, Jayce","Lee Sin, Nidalee, Rengar, Jayce, Qiyana",Aurora,Talon,Cassiopeia,Yunara,Maokai,Fiora,Sejuani,Ekko,MissFortune,Skarner,KR
KR_8351086698,16.16.804.9184,1638,1,19728,19550,258,70,10,8,1,0,3,0,707,-1286,19021,20836,277,68,8,10,0,0,0,0,-707,1286,2026-09-20 09:44:35,"Xayah, Olaf, Locke, Pyke, Zyra","Zoe, Nasus, Jax, Jayce, Tristana",Maokai,Graves,Lissandra,Caitlyn,Sylas,Volibear,Evelynn,Zeri,Yunara,Lulu,KR
KR_8381510367,16.18.817.5716,1800,0,17719,20233,276,57,5,6,0,0,3,0,-275,677,17994,19556,260,56,6,5,0,0,0,0,275,-677,2026-09-20 09:44:39,"Jayce, Lee Sin, Caitlyn, Lulu","Kayle, Draven, Jax, Poppy, Qiyana",KSante,Tryndamere,Zilean,Yunara,Leona,Gangplank,Nunu,Yasuo,Tristana,Alistar,KR
KR_8379763485,16.18.817.5716,1452,1,19631,19048,259,51,11,4,0,0,3,0,1732,276,17899,18772,241,79,4,11,0,0,0,0,-1732,-276,2026-09-20 09:44:42,"Rengar, Qiyana, Master Yi, Rumble, LeBlanc","Poppy, Cassiopeia, Qiyana, Lee Sin, Karma",Pantheon,Ivern,Ekko,Yunara,Lulu,Jax,Hecarim,TwistedFate,Kalista,Soraka,KR
KR_8379700985,16.18.817.5716,1671,0,17114,18935,218,60,6,13,0,0,0,0,-2915,-2214,20029,21149,261,79,13,6,0,0,0,0,2915,2214,2026-09-20 09:44:45,"Nidalee, Renekton, Rumble, Orianna","Lulu, Qiyana, Yasuo",Pantheon,Naafiri,Galio,Yunara,Janna,Ryze,Hecarim,Locke,MissFortune,Blitzcrank,KR
KR_8383322091,16.18.817.5716,1531,0,18210,19361,247,60,6,8,0,0,0,0,-404,-1746,18614,21107,257,82,8,6,1,0,3,0,404,1746,2026-09-20 09:44:48,"Qiyana, Jayce, Lee Sin, Yasuo, Nidalee","Lee Sin, Hecarim, Rengar, Fiora",Yone,Talon,Sylas,Xayah,Poppy,Jax,Vi,Ahri,Tristana,Rakan,KR
KR_8383855120,16.18.817.5716,1415,1,18756,19583,275,78,7,5,0,0,3,0,535,-929,18221,20512,271,76,5,7,0,0,0,0,-535,929,2026-09-20 09:44:51,"LeBlanc, Zoe, Rengar, Qiyana","Fiora, Ezreal, Lee Sin, Jayce",Pantheon,Naafiri,Syndra,Velkoz,Pyke,Anivia,Ambessa,Galio,Yunara,Bard,KR
KR_8378354792,16.18.817.5716,2244,0,17612,20038,270,60,6,6,1,0,0,0,-316,-880,17928,20918,266,69,6,6,0,0,3,0,316,880,2026-09-20 09:44:54,"Qiyana, Kalista, Talon, Pyke, Lee Sin","Zoe, Yasuo, Fiora, Hecarim, Lulu",Jayce,Viego,Orianna,Xerath,Sylas,Urgot,Naafiri,Cassiopeia,Ashe,Seraphine,KR
KR_8380642606,16.18.817.5716,2336,1,17616,19520,264,79,4,6,0,0,2,0,-183,-2169,17799,21689,250,86,6,4,1,0,1,0,183,2169,2026-09-20 09:44:57,"Elise, Kai'Sa, Jax, Qiyana, Lee Sin","Kha'Zix, Olaf, Locke, Ezreal, Zoe",Akshan,Jayce,Syndra,Jhin,Pyke,Pantheon,Taliyah,Zed,Cassiopeia,Rell,KR
KR_8366088150,16.17.810.4348,929,0,16766,17664,218,76,5,15,0,0,0,0,-3107,-4074,19873,21738,245,80,15,5,1,0,3,0,3107,4074,2026-09-20 09:45:00,"Cho'Gath, Talon, Camille, Cassiopeia","Lucian, Poppy, Cassiopeia",Jayce,Naafiri,Orianna,Yunara,Lulu,Olaf,Skarner,Syndra,Jhin,Nautilus,KR
KR_8371465961,16.17.810.4348,1650,1,20421,22461,264,83,13,1,1,0,2,0,4217,2960,16204,19501,274,74,1,13,0,0,1,0,-4217,-2960,2026-09-20 09:45:04,"Lee Sin, Bard, Zoe, Qiyana, Singed","Lissandra, Xerath",Camille,Fizz,Malzahar,Katarina,Rakan,Irelia,Chogath,Galio,Jhin,Alistar,KR
KR_8387367054,16.18.817.5716,1464,1,19203,19946,245,82,8,3,1,0,3,0,2719,448,16484,19498,259,60,3,8,0,0,0,0,-2719,-448,2026-09-20 09:45:07,"Lee Sin, Galio, Zoe, Qiyana, LeBlanc","Hecarim, Vayne, Lulu, Karma, Qiyana",Varus,Nidalee,Fizz,Tristana,Singed,Sett,Vi,Akali,Vladimir,Senna,KR
KR_8384328005,16.18.817.5716,2099,1,18629,20587,248,79,6,5,0,0,0,0,1770,861,16859,19726,242,70,5,6,1,0,3,0,-1770,-861,2026-09-20 09:45:10,"Lucian, Hecarim, Lissandra, Rengar","Nidalee, Camille, Kayle, Jax",Ambessa,Qiyana,Singed,Jhin,Alistar,KSante,LeeSin,Ryze,Kaisa,Poppy,KR
KR_8383798553,16.18.817.5716,2251,0,16532,18595,207,51,6,7,0,0,0,0,-2427,-1781,18959,20376,269,72,7,6,0,0,0,0,2427,1781,2026-09-20 09:45:13,"Rengar, Locke, Sylas, Lee Sin","Poppy, Nautilus",DrMundo,Naafiri,Qiyana,Viktor,Pyke,Aatrox,Talon,Ryze,Jhin,Lissandra,KR
KR_8377440467,16.18.816.5012,2214,0,17049,19895,274,64,4,5,1,0,0,0,-1112,-1925,18161,21820,296,86,5,4,0,0,3,0,1112,1925,2026-09-20 09:45:16,"Lee Sin, Jayce, Kalista","Yunara, Olaf, Nunu & Willump, Anivia, Lee Sin",Chogath,Nidalee,Yone,Jhin,Alistar,Yasuo,Qiyana,Galio,Hwei,Pyke,KR
KR_8382457570,16.18.817.5716,1995,0,22175,20535,269,62,15,6,0,0,3,0,4748,3003,17427,17532,226,68,6,15,0,0,0,0,-4748,-3003,2026-09-20 09:45:19,"Lee Sin, Yasuo, Jax, Poppy, Karthus","Qiyana, Renekton, Thresh, Poppy, Zoe",Irelia,Naafiri,Cassiopeia,Viktor,Camille,Olaf,Rengar,Taliyah,Yunara,Leona,KR
KR_8375201996,16.17.810.4348,916,0,15668,16711,206,66,2,14,0,0,3,0,-6389,-4025,22057,20736,251,80,14,2,0,0,0,1,6389,4025,2026-09-20 09:45:23,"Lee Sin, Nidalee, Jayce, Qiyana, Shen","Zoe, Lee Sin, Cassiopeia, Hecarim",Camille,Olaf,Locke,Fiora,Sejuani,Singed,Jhin,Akali,Kaisa,Alistar,KR
KR_8384685060,16.18.817.5716,1489,1,20317,19962,286,60,9,6,0,0,3,0,2047,238,18270,19724,236,73,6,9,0,0,0,0,-2047,-238,2026-09-20 09:45:26,"Cho'Gath, Hecarim, Lulu","Rengar, Olaf, Lee Sin, Zoe, Bard",Jax,JarvanIV,Syndra,Draven,Nautilus,Gangplank,Qiyana,Ryze,Ezreal,Braum,KR
KR_8376248361,16.18.815.9717,1717,1,18378,20098,242,71,8,3,0,0,0,0,1155,519,17223,19579,261,82,3,8,1,0,3,0,-1155,-519,2026-09-20 09:45:29,"Vi, Pyke, Cho'Gath, Olaf, Elise","Kalista, Rengar",Gangplank,Nocturne,Locke,Corki,Blitzcrank,Tryndamere,LeeSin,Akali,Yunara,Lulu,KR
KR_8364955312,16.17.810.4348,1536,0,20341,19286,239,79,12,9,1,0,0,0,1103,1027,19238,18259,221,65,9,12,0,0,3,0,-1103,-1027,2026-09-20 09:45:32,"Pantheon, LeBlanc, Locke","Warwick, Poppy, Lucian, Locke",Olaf,Chogath,AurelionSol,Jhin,Camille,Gwen,Naafiri,Xerath,Jayce,Rell,KR
KR_8364958776,16.17.810.4348,2320,1,20982,19368,253,49,14,7,0,0,0,0,3217,1334,17765,18034,240,63,7,14,0,0,3,0,-3217,-1334,2026-09-20 09:45:36,"Rengar, Pyke, Irelia","Lee Sin, Fiora",Jayce,Qiyana,Ryze,Aphelios,Taliyah,Olaf,Nidalee,Akali,Ezreal,Camille,KR
KR_8383701242,16.18.817.5716,1513,1,17180,19922,271,68,3,3,0,0,1,0,-250,-1124,17430,21046,281,80,3,3,1,0,2,0,250,1124,2026-09-20 09:45:39,"Zoe, Jax, Lee Sin, Qiyana, Rengar","Qiyana, Hecarim, Yone, Rengar",Yasuo,FiddleSticks,Xerath,Yunara,Lulu,Anivia,Naafiri,Syndra,Tristana,Nautilus,KR
KR_8388307447,16.18.817.5716,1798,1,17937,19385,271,62,5,7,0,0,1,0,60,16,17877,19369,241,83,7,5,1,0,2,0,-60,-16,2026-09-20 09:45:43,"Qiyana, Syndra, Galio, Hecarim, Orianna","Yasuo, Lulu, Jayce, Pyke, Nidalee",Olaf,Skarner,Kayle,Kaisa,Neeko,Singed,LeeSin,Akshan,Zoe,Maokai,KR
KR_8384729659,16.18.817.5716,1294,1,17112,21044,279,98,2,5,0,0,3,0,-745,862,17857,20182,267,64,5,2,1,0,0,0,745,-862,2026-09-20 09:45:46,"Zoe, Cassiopeia, Ezreal, Rengar","Poppy, Jayce, Lulu, LeBlanc",Lissandra,Qiyana,Nasus,Jhin,Leona,Kled,LeeSin,Yasuo,Kaisa,FiddleSticks,KR
KR_8367277364,16.17.810.4348,1467,1,17925,20103,250,80,5,6,0,0,0,0,-471,869,18396,19234,271,57,6,5,0,0,3,0,471,-869,2026-09-20 09:45:49,"Rengar, Qiyana, Akali, Xerath","Zyra, Syndra, Olaf",Yone,LeeSin,Orianna,Kalista,Thresh,Jayce,Viego,Ryze,Ziggs,Blitzcrank,KR
KR_8349782807,16.16.804.9184,1363,0,19795,18293,240,48,11,14,0,0,0,1,-433,124,20228,18169,231,54,14,11,0,0,3,0,433,-124,2026-09-20 09:45:52,"Locke, Jhin, Viktor, Vayne","Hecarim, Rengar, Bard, Zoe",Olaf,LeeSin,Cassiopeia,Caitlyn,Lux,Jayce,JarvanIV,Orianna,Ezreal,Karma,KR
KR_8377402664,16.18.816.5012,1212,1,20255,21240,261,64,11,6,0,0,0,0,1571,2829,18684,18411,260,63,6,11,0,0,0,0,-1571,-2829,2026-09-20 09:45:55,"Lee Sin, Camille, Cassiopeia, Jax","Poppy, Rengar, Master Yi, Zyra, Zoe",Yasuo,Locke,Syndra,Kaisa,Alistar,Olaf,Taliyah,Tristana,Caitlyn,Braum,KR
KR_8363381278,16.17.810.4348,2031,0,20468,20301,252,70,11,8,0,0,1,0,637,-280,19831,20581,250,86,8,11,1,0,2,0,-637,280,2026-09-20 09:45:59,"Pyke, Pantheon, Olaf, Locke","Poppy, Bard, Nocturne, Nasus",Jayce,Naafiri,Taliyah,Jhin,Nautilus,Nidalee,Qiyana,Syndra,Yasuo,Xerath,KR
KR_8368370175,16.17.810.4348,925,0,17632,19158,241,70,5,10,0,0,3,0,-2242,-1594,19874,20752,238,75,10,5,0,0,0,0,2242,1594,2026-09-20 09:46:02,"Zoe, Poppy, Rengar, Naafiri","Syndra, Poppy, Varus, Rengar, Locke",Jayce,LeeSin,Cassiopeia,Caitlyn,Bard,Udyr,Qiyana,Taliyah,Ezreal,Karma,KR
KR_8387459377,16.18.817.5716,966,0,17844,19445,258,64,6,9,0,0,3,0,-1483,317,19327,19128,266,62,9,6,1,0,0,0,1483,-317,2026-09-20 09:46:05,"Pyke, Qiyana, Jax, Lee Sin, Poppy","Jayce, Nidalee, Zoe, Lee Sin",Tryndamere,Ambessa,Syndra,Caitlyn,Bard,Fiora,MonkeyKing,Ryze,Jhin,Alistar,KR
KR_8385057656,16.18.817.5716,1580,0,18646,18387,242,69,6,11,0,0,0,0,-1374,-796,20020,19183,242,71,11,6,0,0,3,0,1374,796,2026-09-20 09:46:08,"Cassiopeia, Olaf, Locke, LeBlanc, Lee Sin","Lee Sin, Poppy, LeBlanc, Camille, Jayce",Anivia,Rengar,Yasuo,Kaisa,Rell,Fiora,Qiyana,Aurora,Jhin,Alistar,KR
KR_8368565160,16.17.810.4348,1738,0,18140,18881,248,70,6,14,1,0,3,0,-2929,-1074,21069,19955,244,56,14,6,0,0,0,0,2929,1074,2026-09-20 09:46:11,"Pyke, Zoe, Qiyana, Warwick","Jax, Cassiopeia, Zoe, Renekton, Lee Sin",Jayce,Chogath,Orianna,Jhin,Camille,Yasuo,Sylas,Leblanc,Yunara,Poppy,KR
KR_8386369525,16.18.817.5716,1417,1,21191,21855,267,58,14,6,0,0,0,0,3915,4749,17276,17106,209,63,6,14,1,0,3,0,-3915,-4749,2026-09-20 09:46:14,"Yasuo, Zoe, Qiyana, Ezreal, Nidalee","Locke, Camille, Jayce, Poppy, LeBlanc",Jax,Naafiri,Katarina,Xayah,Rakan,Nasus,Sejuani,Yone,Lucian,Milio,KR
KR_8384935484,16.18.817.5716,1268,1,19858,19965,248,68,9,8,1,0,1,1,2004,2312,17854,17653,231,62,8,9,0,0,2,0,-2004,-2312,2026-09-20 09:46:17,"Draven, Zoe, Lee Sin, LeBlanc, Jax","Zoe, Caitlyn, Jayce",Irelia,Nidalee,Talon,Yunara,Lulu,Singed,Naafiri,Lissandra,Zeri,Yuumi,KR
KR_8386355206,16.18.817.5716,1601,0,18381,19943,268,74,5,7,0,0,1,0,-553,633,18934,19310,269,64,7,5,0,0,2,0,553,-633,2026-09-20 09:46:20,"Qiyana, Kayle, Locke, Naafiri, Talon","Yorick, Nidalee, Karma, Camille, Caitlyn",Rumble,Nocturne,Orianna,Ezreal,Bard,Velkoz,LeeSin,Ekko,Zeri,Thresh,KR
KR_8384911641,16.18.817.5716,2382,0,15029,19013,228,75,1,8,0,0,0,0,-4534,-1931,19563,20944,276,73,8,1,0,0,3,0,4534,1931,2026-09-20 09:46:23,"Tristana, Gnar, Zeri, Zoe, Qiyana","Qiyana, Lulu, Hecarim, Zoe",KSante,Kindred,Singed,Sylas,Bard,TwistedFate,Trundle,Syndra,Jhin,Swain,KR
KR_8372560261,16.17.810.4348,1006,0,18521,20606,274,75,6,6,1,0,0,0,184,206,18337,20400,253,78,6,6,0,0,3,0,-184,-206,2026-09-20 09:46:26,"Vladimir, Yunara, Fiora, Poppy, Zoe","Fiora, Ezreal, Kalista, Zoe",KSante,JarvanIV,Locke,Tristana,Lulu,Jayce,LeeSin,Sylas,Syndra,Pantheon,KR
KR_8356737250,16.17.810.4348,1883,1,18298,18848,244,53,9,9,0,0,2,0,-482,-343,18780,19191,229,72,9,9,1,0,1,0,482,343,2026-09-20 09:46:29,"Caitlyn, Zoe, Qiyana, Camille","Jayce, Evelynn, Lee Sin, Zoe",Renekton,Sylas,Pantheon,Kaisa,Nautilus,Diana,Talon,Locke,Viktor,Bard,KR
KR_8362556542,16.17.810.4348,1571,1,18804,20254,220,79,9,5,0,0,3,0,777,723,18027,19531,268,58,5,9,0,0,0,0,-777,-723,2026-09-20 09:46:33,"Locke, Lucian, Rengar","Lee Sin, Poppy, Rengar",Olaf,Talon,Xerath,Jhin,Zilean,Trundle,Hecarim,Anivia,Ashe,Seraphine,KR
KR_8373706647,16.17.810.4348,1371,0,17038,18909,251,62,3,15,0,0,1,0,-3942,-2989,20980,21898,241,80,15,3,0,0,2,0,3942,2989,2026-09-20 09:46:38,"Qiyana, Lee Sin, Pyke","Pyke, Zoe, Rumble, Lee Sin, Cassiopeia",Kalista,Skarner,Locke,Caitlyn,Bard,Nasus,Jayce,Annie,Tristana,Nautilus,KR
KR_8386726832,16.18.817.5716,1355,0,19546,18800,241,61,10,14,0,0,2,0,-2133,-2641,21679,21441,249,80,14,10,1,0,1,0,2133,2641,2026-09-20 09:46:42,"Qiyana, Lee Sin, Cassiopeia, Syndra, Pyke","Pyke, Lee Sin, Rengar, Zoe, Qiyana",Kaisa,Hecarim,Galio,Zeri,Pantheon,Ambessa,Nidalee,Yone,Jhin,Senna,KR
KR_8386440328,16.18.817.5716,1891,0,17809,21203,282,79,6,5,0,0,1,0,-387,150,18196,21053,285,72,5,6,0,0,2,0,387,-150,2026-09-20 09:46:45,"Lucian, Zoe, Akali, Yasuo, Poppy","Pyke, Fizz, Nidalee, Lee Sin, Qiyana",Jayce,Rengar,Syndra,Jinx,Thresh,Zaahen,Graves,Ekko,Yunara,Lulu,KR
KR_8367303588,16.17.810.4348,1509,0,18138,18021,259,58,7,5,1,0,1,0,-437,-1881,18575,19902,280,72,5,7,0,0,2,0,437,1881,2026-09-20 09:46:49,"Nidalee, Pyke",Ezreal,Singed,LeeSin,Syndra,Lucian,Lulu,Chogath,Vi,Akali,Yunara,Milio,KR
KR_8384884350,16.18.817.5716,1869,1,19220,18671,251,51,7,9,0,0,2,1,183,-422,19037,19093,273,63,9,7,1,0,0,0,-183,422,2026-09-20 09:46:52,"Zoe, Lee Sin, Lulu","Rengar, Fiora, Nidalee, Pyke",Olaf,Qiyana,Annie,Ziggs,Camille,Jayce,Graves,Hwei,Syndra,Poppy,KR
KR_8355341062,16.17.810.4348,1701,1,17623,19622,261,64,5,6,1,0,2,0,-1175,-906,18798,20528,282,65,6,5,0,0,1,0,1175,906,2026-09-20 09:46:55,"Graves, Lulu, Poppy, Hecarim, Jayce","Locke, Lee Sin, Rell, Sylas, Jayce",Riven,Shaco,Syndra,Zed,Pantheon,Singed,RekSai,Lissandra,Tristana,Nautilus,KR
KR_8384482719,16.18.817.5716,931,0,17317,18378,226,58,6,11,0,0,0,0,-3644,-3779,20961,22157,285,78,11,6,0,0,3,0,3644,3779,2026-09-20 09:46:58,"Nidalee, Irelia, Galio, Qiyana",Camille,Jayce,Jax,Singed,Ezreal,Karma,Corki,LeeSin,Zoe,Caitlyn,Bard,KR
KR_8385270817,16.18.817.5716,1630,0,17251,19768,250,74,5,8,0,0,3,0,-1148,-994,18399,20762,250,88,8,5,1,0,0,0,1148,994,2026-09-20 09:47:01,"Kalista, Fiora, Yasuo, Nidalee, Lee Sin","LeBlanc, Zed, Karma, Rengar, Irelia",Olaf,Qiyana,Aurora,Kaisa,Bard,Jayce,Vi,Locke,Zeri,Rammus,KR
KR_8372805469,16.17.810.4348,1742,1,18236,20634,296,66,5,2,0,0,3,0,2245,802,15991,19832,256,72,2,5,0,0,0,0,-2245,-802,2026-09-20 09:47:04,"Qiyana, Lucian, Syndra, Akali","Jayce, Syndra, Qiyana, Lee Sin",Olaf,RekSai,FiddleSticks,MissFortune,Sejuani,Udyr,Pantheon,Taliyah,Varus,Shen,KR
KR_8370241787,16.17.810.4348,1122,0,18275,19227,264,60,6,10,0,0,0,0,-812,-1009,19087,20236,258,70,10,6,1,0,0,0,812,1009,2026-09-20 09:47:07,"Nidalee, Cassiopeia, Jayce, Locke","Kalista, Pyke, Cassiopeia",Fiora,Chogath,Yasuo,Jhin,Bard,Olaf,Kindred,Ryze,Xerath,Karma,KR
KR_8376583839,16.18.816.5012,1335,0,17193,17679,226,66,6,6,1,0,0,0,-1435,-2164,18628,19843,269,73,6,6,0,0,0,0,1435,2164,2026-09-20 09:47:11,"Yasuo, Zoe, Qiyana, Lee Sin, Olaf","Master Yi, Syndra, Poppy, Jayce, Lulu",Aatrox,Rengar,Viktor,Kalista,Renata,Vayne,Hecarim,Vladimir,Ezreal,Shen,KR
KR_8373509072,16.17.810.4348,1490,0,17746,20092,286,61,4,4,0,0,3,0,-346,346,18092,19746,260,78,4,4,1,0,0,0,346,-346,2026-09-20 09:47:14,"Zoe, Kled, Locke, Naafiri, Ekko","Lee Sin, Jax, Nidalee, Kalista, Rengar",Gwen,JarvanIV,Anivia,Caitlyn,Poppy,Camille,Qiyana,Akali,Lucian,Neeko,KR
KR_8383414430,16.18.817.5716,1083,0,19165,18726,217,56,11,9,0,0,0,0,-612,-1479,19777,20205,268,76,9,11,1,0,0,0,612,1479,2026-09-20 09:47:17,"Syndra, Pyke","Poppy, Qiyana, Rengar, Lissandra",Jax,Chogath,Zoe,Ashe,Seraphine,Singed,DrMundo,Viktor,Yunara,Lulu,KR
KR_8366207364,16.17.810.4348,1640,1,17541,20080,260,76,5,6,0,0,2,0,44,330,17497,19750,234,81,6,5,1,0,1,0,-44,-330,2026-09-20 09:47:20,"Cassiopeia, Lucian, Xerath, Ryze, Rengar","Zed, Jayce, Cho'Gath",Yone,Naafiri,Zoe,Hwei,Poppy,Lissandra,Vi,Locke,Jhin,Camille,KR
KR_8367393423,16.17.810.4348,1460,0,18578,20823,292,70,5,8,0,0,1,0,-1672,-965,20250,21788,296,86,8,5,0,0,2,0,1672,965,2026-09-20 09:47:23,"Qiyana, Lee Sin","Fizz, Lee Sin, Zyra, Illaoi",Rumble,Chogath,Orianna,Kalista,Renata,Galio,Viego,Cassiopeia,Varus,Poppy,KR
KR_8382419898,16.18.817.5716,1444,1,20068,20529,269,75,7,12,0,0,2,0,316,1373,19752,19156,244,74,12,7,1,0,1,0,-316,-1373,2026-09-20 09:47:26,"Hecarim, Darius, Lulu, Pyke, Cassiopeia","Locke, Rek'Sai, Fiddlesticks, Fiora",Rengar,Qiyana,Irelia,Viktor,Shen,Jax,LeeSin,Syndra,Tristana,Bard,KR
KR_8375688784,16.18.815.9717,1728,1,19332,20045,251,62,10,6,1,0,3,0,1263,-274,18069,20319,249,76,6,10,0,0,0,0,-1263,274,2026-09-20 09:47:29,"Jax, Pyke, Katarina, Lucian, Hecarim","Nidalee, Rakan, Locke, Cassiopeia, Fiora",Yone,Chogath,Syndra,Ezreal,Leona,KSante,LeeSin,Zoe,Caitlyn,Bard,KR
KR_8386186223,16.18.817.5716,1792,0,19080,19295,279,54,6,14,0,0,0,0,-1335,-276,20415,19571,231,62,14,6,1,0,3,0,1335,276,2026-09-20 09:47:32,"Karthus, Yorick, Locke, Zoe","Qiyana, Vayne, Pantheon, Lee Sin, Talon",Vladimir,Lillia,Zeri,Tristana,Lulu,Sett,Nidalee,Orianna,Yunara,Alistar,KR
KR_8367364561,16.17.810.4348,1708,0,17763,19706,219,64,7,9,0,0,0,0,-2331,-950,20094,20656,264,69,9,7,0,0,3,0,2331,950,2026-09-20 09:47:35,"Locke, Kalista, Rengar, Zoe, Gwen","Lee Sin, Yunara, Qiyana, Zyra",Nasus,Shyvana,Malzahar,Jhin,Camille,Jayce,JarvanIV,Cassiopeia,Viktor,Pyke,KR
KR_8376100156,16.18.815.9717,1594,0,17543,19469,237,80,5,9,1,0,2,0,-1278,-815,18821,20284,245,66,9,5,0,0,1,0,1278,815,2026-09-20 09:47:38,"Lee Sin, Irelia, Qiyana, Poppy","Zoe, Lee Sin, Jax, Pyke",Olaf,Nidalee,Lux,Kaisa,Nautilus,Akali,Talon,Syndra,Jhin,Alistar,KR
KR_8357338638,16.17.810.4348,1504,0,17923,19336,210,66,9,4,0,0,3,0,1329,149,16594,19187,250,60,4,9,1,0,0,0,-1329,-149,2026-09-20 09:47:42,"Vel'Koz, Pyke, Kai'Sa, Locke, Jayce","Irelia, Zoe, Poppy, Ezreal",Fiora,Sylas,Akshan,Ashe,Seraphine,Lulu,LeeSin,Syndra,Kalista,Maokai,KR
KR_8383261565,16.18.817.5716,1394,0,17882,20148,238,74,5,12,0,0,1,0,-2881,-1868,20763,22016,251,76,12,5,1,0,2,0,2881,1868,2026-09-20 09:47:45,"Qiyana, Zoe, Rengar, Cassiopeia, Lee Sin","Zyra, Olaf, Qiyana, Yasuo, Vi",Jayce,Khazix,Viktor,Ezreal,Bard,Gragas,Naafiri,Locke,Jhin,Pyke,KR
KR_8376164677,16.18.815.9717,1638,0,21554,20404,245,52,16,9,0,0,0,0,1405,1139,20149,19265,230,82,9,16,1,0,3,0,-1405,-1139,2026-09-20 09:47:48,"Fizz, Jax, Cassiopeia, Lee Sin","Yasuo, Qiyana, Rengar, Yone",Zaahen,XinZhao,Locke,Lucian,Camille,Jayce,Vi,Galio,Yunara,Lulu,KR
KR_8383059113,16.18.817.5716,932,0,17355,19250,244,77,6,12,1,0,3,0,-2653,-2334,20008,21584,245,76,12,6,0,0,0,0,2653,2334,2026-09-20 09:47:51,"Pantheon, Hecarim, Kai'Sa, Lee Sin, Leona","Graves, LeBlanc, Qiyana, Lulu",Jayce,Rengar,Syndra,Ezreal,Shen,Malphite,Diana,Yasuo,Corki,Alistar,KR
KR_8386165123,16.18.817.5716,1935,0,18203,19068,223,65,8,9,0,0,3,0,-326,-498,18529,19566,225,82,9,8,1,0,0,0,326,498,2026-09-20 09:47:54,"Syndra, Lulu, Jax, Rengar, Draven","Ambessa, Lulu, Syndra, Ezreal",Olaf,LeeSin,Orianna,Seraphine,JarvanIV,Tryndamere,Qiyana,Akali,Cassiopeia,Pyke,KR
KR_8378173453,16.18.817.5716,2193,0,17735,20101,256,81,5,4,1,0,2,0,-398,-1048,18133,21149,312,60,4,5,0,0,1,0,398,1048,2026-09-20 09:47:57,"Qiyana, Rengar, Zoe, Jax, Poppy","Locke, Lee Sin, Hecarim, Teemo",Yone,Naafiri,Sylas,Jhin,Leona,Renekton,Talon,Orianna,Yunara,Lulu,KR
KR_8387701219,16.18.817.5716,1188,0,15979,18666,251,64,2,5,0,0,0,0,-2531,-2626,18510,21292,248,101,5,2,1,0,3,0,2531,2626,2026-09-20 09:48:00,"Lulu, Pyke, Vayne, Nidalee, Lee Sin","Caitlyn, Briar, Hecarim, Akali, Rengar",Sett,Olaf,Ryze,Zeri,Rakan,Trundle,Qiyana,Locke,Kaisa,Neeko,KR
KR_8377126627,16.18.816.5012,1740,1,18820,20217,254,72,6,9,0,0,0,0,-1191,34,20011,20183,271,71,9,6,0,0,2,0,1191,-34,2026-09-20 09:48:03,"Poppy, Kled, Qiyana, Yone","Jax, Pyke, Jayce, Karma",Nasus,LeeSin,AurelionSol,Kalista,Renata,Fiora,Locke,Yasuo,Jhin,Camille,KR
KR_8366083389,16.17.810.4348,1892,0,19019,20678,283,78,7,4,0,0,3,0,1360,67,17659,20611,280,80,4,7,1,0,0,0,-1360,-67,2026-09-20 09:48:07,"Cassiopeia, Ryze, Rengar","Lee Sin, Fizz, Rengar, Taliyah",Maokai,Jayce,Zoe,Ezreal,Bard,Gragas,Pantheon,Syndra,Kalista,Renata,KR
KR_8366155740,16.17.810.4348,911,0,17715,18357,235,56,5,12,0,0,2,0,-2232,-2304,19947,20661,258,83,12,5,1,0,1,0,2232,2304,2026-09-20 09:48:11,"Nocturne, Fizz, Cassiopeia, Zyra, Zoe","Poppy, Lulu, Yasuo",Vayne,Viego,TwistedFate,Jhin,Neeko,Tristana,Lillia,KSante,Kalista,Renata,KR
KR_8362490391,16.17.810.4348,1126,1,21927,22052,263,77,16,8,0,0,3,0,3942,3181,17985,18871,206,66,8,16,0,0,0,0,-3942,-3181,2026-09-20 09:48:15,"Poppy, Rengar, Zoe","Pantheon, Poppy, Rengar, Syndra",Jax,Naafiri,Locke,Jhin,Leblanc,Camille,Qiyana,Akali,Cassiopeia,Fiora,KR
KR_8376634025,16.18.816.5012,1228,0,16140,18522,256,55,3,9,0,0,0,0,-3876,-1225,20016,19747,265,76,9,3,1,0,3,0,3876,1225,2026-09-20 09:48:18,"Nidalee, Lee Sin, Jayce, LeBlanc, Gangplank","Yone, Yasuo, Jayce, Lee Sin, Yunara",Galio,Naafiri,Cassiopeia,Ezreal,Leona,Rengar,Qiyana,Taliyah,MissFortune,Nautilus,KR
KR_8385179195,16.18.817.5716,1123,0,18702,17859,215,62,8,13,0,0,0,0,-760,-713,19462,18572,230,58,13,8,1,0,3,0,760,713,2026-09-20 09:48:21,"Ziggs, Qiyana, Nidalee","Zyra, Viktor, Yunara, Jax",Jayce,RekSai,Leblanc,Ezreal,Bard,Gragas,LeeSin,Cassiopeia,Sivir,Camille,KR
KR_8384848419,16.18.817.5716,1878,1,18915,20701,271,86,7,7,1,0,3,0,1159,1810,17756,18891,241,56,7,7,0,0,0,0,-1159,-1810,2026-09-20 09:48:24,"Rengar, Jayce, Pyke, Zoe","Locke, Yorick, Taliyah, Poppy",Tryndamere,Shaco,Tristana,Lucian,Milio,Leblanc,LeeSin,Ryze,Zeri,Camille,KR
KR_8352974176,16.16.804.9184,1386,1,19649,20349,233,70,11,5,0,0,3,0,1164,410,18485,19939,261,74,5,11,0,0,0,0,-1164,-410,2026-09-20 09:48:28,"Kai'Sa, Graves, Qiyana, Rumble","Pyke, Yorick, Poppy, Lee Sin, Cassiopeia",Jayce,Shyvana,Zoe,Taliyah,Alistar,KSante,Rengar,Yasuo,Yunara,Lulu,KR
KR_8383019259,16.18.817.5716,1024,0,17680,20633,283,88,3,2,0,0,3,0,656,174,17024,20459,308,61,2,3,0,0,0,0,-656,-174,2026-09-20 09:48:31,"Azir, Jhin, Irelia, Locke, Elise","Hecarim, Rengar, Qiyana",Jayce,LeeSin,Anivia,MissFortune,Pyke,KSante,Kayn,Syndra,Ezreal,Rakan,KR
KR_8371830907,16.17.810.4348,1757,1,19371,20793,242,72,12,5,0,0,3,0,1272,2191,18099,18602,241,72,5,12,0,0,0,0,-1272,-2191,2026-09-20 09:48:34,"Bard, LeBlanc, Zyra, Pyke, Fiora","Leona, Draven, Syndra, Lee Sin, Rumble",Olaf,Naafiri,Yasuo,Katarina,Gragas,Jax,Qiyana,Ryze,Ezreal,Zoe,KR
KR_8376176481,16.18.815.9717,1518,0,16401,19752,278,80,1,4,0,0,2,0,-1305,-60,17706,19812,256,65,4,1,1,0,1,0,1305,60,2026-09-20 09:48:37,"Kennen, Nunu & Willump, Pyke, Jayce, Rengar","Fiora, Rengar, Camille, Karthus, Talon",Olaf,Viego,Anivia,Viktor,Nautilus,Naafiri,Skarner,Ekko,Yunara,Lulu,KR
KR_8387021141,16.18.817.5716,1499,0,17954,19657,246,64,6,10,0,0,0,0,-2179,-1758,20133,21415,276,70,10,6,1,0,3,0,2179,1758,2026-09-20 09:48:40,"Pyke, Lee Sin, Jayce, LeBlanc, Draven","Warwick, Pyke, Cassiopeia, Akali, Syndra",Yone,Nidalee,Azir,Xerath,Nami,Kaisa,Vi,Sylas,Caitlyn,Bard,KR
KR_8371733553,16.17.810.4348,1848,0,22047,20668,261,72,12,13,0,0,0,1,1556,1894,20491,18774,238,50,13,12,1,0,0,0,-1556,-1894,2026-09-20 09:48:44,"Nunu & Willump, Qiyana, Lee Sin, Nidalee, Rengar","Akali, Qiyana, Pyke",Jayce,Hecarim,Ryze,Yunara,Lulu,Singed,Sylas,Katarina,Kalista,Renata,KR
KR_8371865087,16.17.810.4348,954,0,17765,18542,244,74,5,10,1,0,1,0,-2164,-768,19929,19310,265,67,10,5,0,0,2,0,2164,768,2026-09-20 09:48:46,"Vayne, Lee Sin, Qiyana","Poppy, Bard, Rengar, Cassiopeia",KSante,Nidalee,Yone,Kaisa,Camille,Jayce,Sylas,Yasuo,Ziggs,Alistar,KR
KR_8388091956,16.18.817.5716,1690,0,17962,18820,259,49,6,6,0,0,0,0,-513,-1065,18475,19885,275,71,6,6,0,0,3,0,513,1065,2026-09-20 09:48:49,"Qiyana, Bard, Rengar, Hecarim, Naafiri","Qiyana, Cho'Gath, Caitlyn, Lulu, Nidalee",Maokai,LeeSin,Ryze,Yunara,Alistar,Jax,Viego,TwistedFate,Kaisa,Sylas,KR
KR_8386261391,16.18.817.5716,1593,0,20248,19446,256,69,14,9,1,0,1,0,989,463,19259,18983,253,50,9,14,0,0,2,0,-989,-463,2026-09-20 09:48:53,"Lee Sin, LeBlanc, Poppy, Yunara","Lee Sin, Yasuo, Bard, Olaf, Zoe",Tryndamere,Diana,Yone,Kaisa,Pyke,Anivia,Sylas,Irelia,Ezreal,Nami,KR
KR_8387425058,16.18.817.5716,1408,0,16374,17866,227,64,4,16,0,0,0,0,-4728,-1936,21102,19802,224,70,16,4,0,0,3,0,4728,1936,2026-09-20 09:48:56,"Lee Sin, Draven, Bard, Vayne, Zoe","Xerath, Pyke, Fizz, Rengar",Sett,Chogath,Viktor,Yunara,Lulu,Leblanc,Qiyana,Sylas,Jhin,Taliyah,KR
KR_8386991285,16.18.817.5716,1924,1,18685,19961,259,76,8,5,0,0,3,0,731,1101,17954,18860,267,61,5,8,1,0,0,0,-731,-1101,2026-09-20 09:49:01,"Lee Sin, Karma, Viktor, Maokai, Qiyana","Fiora, Pantheon, Lee Sin, Sylas, Rengar",Aatrox,Hecarim,Gangplank,Vladimir,Rakan,Yone,Zyra,Nasus,Zeri,Lulu,KR
KR_8384211883,16.18.817.5716,943,1,19771,20569,267,62,11,2,0,0,3,0,3761,2437,16010,18132,256,53,2,11,1,0,0,0,-3761,-2437,2026-09-20 09:49:05,"Malphite, Zoe, Zyra, Yunara","Pyke, Draven, Lee Sin, Nocturne, LeBlanc",Quinn,Nidalee,Qiyana,Kaisa,Alistar,Ambessa,Chogath,Locke,Corki,Neeko,KR
KR_8388319494,16.18.817.5716,935,0,17097,19238,249,75,5,11,0,0,0,0,-3507,-2650,20604,21888,281,74,11,5,1,0,3,0,3507,2650,2026-09-20 09:49:08,"Jayce, Kindred, Yasuo, Pyke, Jax","LeBlanc, Lee Sin, Qiyana, Jayce",Zac,Viego,TwistedFate,Varus,Renata,Teemo,Hecarim,Yone,Kalista,Neeko,KR
KR_8387081054,16.18.817.5716,2009,0,17785,20199,256,74,5,5,0,0,1,0,666,-33,17119,20232,269,72,5,5,0,0,2,0,-666,33,2026-09-20 09:49:12,"Lee Sin, Cassiopeia, Pyke, Caitlyn, Gangplank","Fizz, Riven, Pyke, Qiyana",KSante,Nidalee,Yone,Jhin,Karma,Camille,Jayce,Zoe,Xerath,Nautilus,KR
KR_8385618806,16.18.817.5716,2042,0,20066,20251,278,62,13,7,1,0,3,0,1493,1068,18573,19183,238,64,7,13,0,0,0,0,-1493,-1068,2026-09-20 09:49:15,"Nidalee, Qiyana, Lee Sin, Locke, Kalista","Zoe, LeBlanc, Kindred, Pyke, Malzahar",Jayce,MonkeyKing,Taliyah,Syndra,Rakan,Ambessa,XinZhao,Talon,Xerath,Bard,KR
KR_8382508139,16.18.817.5716,1590,0,16727,18497,230,75,4,10,1,0,0,0,-3633,-3333,20360,21830,283,74,10,4,0,0,3,0,3633,3333,2026-09-20 09:49:18,"Locke, Jayce, Pyke, Olaf, Camille","Jayce, Lee Sin, LeBlanc",Teemo,JarvanIV,Ryze,Kaisa,Xerath,Yasuo,Nidalee,Fizz,Jhin,Nautilus,KR
KR_8383741022,16.18.817.5716,2027,0,20305,19934,225,72,9,9,0,0,0,0,701,-113,19604,20047,272,60,9,9,0,0,3,0,-701,113,2026-09-20 09:49:22,"Karthus, Zoe, Nasus","Yone, Syndra, Cassiopeia, Qiyana",Shyvana,LeeSin,Lissandra,Sivir,Camille,Teemo,Ambessa,Anivia,Ezreal,Bard,KR
KR_8384612399,16.18.817.5716,1702,1,19129,19592,254,58,11,3,0,0,3,0,2479,792,16650,18800,242,60,3,11,0,0,0,0,-2479,-792,2026-09-20 09:49:25,"Lee Sin, Olaf, Poppy, Akali","Nidalee, Gnar, Syndra",Yone,Kindred,Galio,Jhin,Leona,KSante,Nocturne,Zoe,Ezreal,Bard,KR
KR_8381123560,16.18.817.5716,1902,1,17940,19536,248,72,5,6,0,0,0,0,693,-421,17247,19957,248,64,6,5,0,0,0,0,-693,421,2026-09-20 09:49:28,"Lee Sin, Jayce, Talon, Poppy","Qiyana, Poppy, Cassiopeia, Lee Sin, Jayce",Vex,Vi,Riven,Yunara,Camille,Kennen,Naafiri,Irelia,Caitlyn,Bard,KR
KR_8385114990,16.18.817.5716,1177,1,19349,19555,233,74,10,7,1,0,1,0,990,1078,18359,18477,236,63,7,10,0,0,2,0,-990,-1078,2026-09-20 09:49:31,"Nidalee, Hecarim, Akshan, Pyke","Lee Sin, Yunara, Rengar, Zoe, Qiyana",Rumble,Karthus,Yone,Lucian,Elise,Varus,JarvanIV,Ryze,Zeri,Rakan,KR
KR_8386196903,16.18.817.5716,1853,1,17103,17994,220,74,6,6,0,0,3,0,226,136,16877,17858,244,44,6,6,0,0,0,0,-226,-136,2026-09-20 09:49:34,"Pyke, Zed, Yunara, Lee Sin, Nidalee","Vayne, Hecarim, Qiyana",Jax,Olaf,Tristana,Anivia,FiddleSticks,Sett,Elise,Locke,Jhin,Blitzcrank,KR
KR_8385170096,16.18.817.5716,1490,0,20083,19249,238,62,12,4,0,0,3,0,2899,959,17184,18290,235,76,4,12,1,0,0,0,-2899,-959,2026-09-20 09:49:37,"Lee Sin, Poppy, LeBlanc, Syndra, Ziggs","Rengar, Shyvana, Qiyana, LeBlanc, Lee Sin",Olaf,Nidalee,Yasuo,Ezreal,Karma,Jayce,MasterYi,Zoe,Kalista,Renata,KR
KR_8386057121,16.18.817.5716,1330,0,16823,20059,257,82,3,3,0,0,3,0,-322,-551,17145,20610,284,68,3,3,1,0,0,0,322,551,2026-09-20 09:49:40,"Qiyana, Taliyah, Zoe","Ezreal, Olaf, Zoe, Qiyana, Pyke",Nasus,Malphite,Locke,Yunara,Nautilus,Gangplank,Vi,Sylas,Xerath,Maokai,KR
KR_8386891904,16.18.817.5716,1163,1,19956,21757,247,88,13,7,0,0,0,0,1944,2458,18012,19299,233,74,7,13,1,0,3,0,-1944,-2458,2026-09-20 09:49:43,"Zoe, Orianna, Elise, Jayce, Syndra","Zoe, Jayce, Rek'Sai, Kalista, Caitlyn",Riven,LeeSin,Kayle,Lucian,Yuumi,Rumble,Sylas,Qiyana,Zeri,Lulu,KR
KR_8377207338,16.18.816.5012,952,1,20581,19608,247,81,10,5,0,0,3,0,4119,2088,16462,17520,226,48,5,10,1,0,0,0,-4119,-2088,2026-09-20 09:49:46,"Qiyana, Tristana, LeBlanc, Cassiopeia","Karma, Yunara, Kled",Jax,Talon,Yasuo,Viktor,Camille,Ambessa,Maokai,Locke,Ezreal,Neeko,KR
KR_8375222633,16.17.810.4348,1796,1,20189,20756,262,86,11,7,1,0,1,0,2395,2292,17794,18464,236,58,7,11,0,0,2,0,-2395,-2292,2026-09-20 09:49:50,"Lee Sin, Cho'Gath, Lulu, Hecarim, Jayce","Zyra, Pyke, Zoe, Kalista",Fiora,Qiyana,Cassiopeia,Lucian,Rell,Gnar,Naafiri,Malzahar,Xerath,Camille,KR
KR_8386229475,16.18.817.5716,931,1,21752,21005,258,70,14,6,0,0,3,0,5397,3579,16355,17426,210,43,6,14,0,0,0,0,-5397,-3579,2026-09-20 09:49:54,"Hecarim, K'Sante, Gwen, Poppy, Udyr","Anivia, LeBlanc, Lulu, Rengar, Hecarim",Olaf,Nidalee,Vex,Ezreal,Bard,Camille,LeeSin,Yasuo,Cassiopeia,Nautilus,KR
KR_8375135761,16.17.810.4348,1669,0,19004,20286,231,78,9,13,1,0,0,0,-2812,-1113,21816,21399,261,78,13,9,0,0,3,0,2812,1113,2026-09-20 09:49:57,"Poppy, Zoe, Sylas, Rengar","Rengar, Draven, Jayce, Kalista, Talon",Chogath,Vi,Akali,Qiyana,Anivia,Gnar,LeeSin,Locke,Jhin,Camille,KR
KR_8388253258,16.18.817.5716,1631,1,18601,22310,288,83,5,2,0,0,3,0,1888,1611,16713,20699,257,78,2,5,1,0,0,0,-1888,-1611,2026-09-20 09:50:01,"Poppy, Cho'Gath, Nidalee, Qiyana, Lee Sin","Lulu, Yasuo, Kayle, LeBlanc, Poppy",DrMundo,Hecarim,Lissandra,Kalista,Jax,Jayce,Viego,Ekko,Zeri,Alistar,KR
KR_8351332373,16.16.804.9184,1694,1,18308,19994,266,68,6,6,0,0,0,0,-380,-83,18688,20077,273,81,6,6,0,0,3,0,380,83,2026-09-20 09:50:04,"Poppy, Qiyana, Lucian, Graves, Renekton","Ezreal, Nasus, Locke, Vi, Camille",Ambessa,LeeSin,Cassiopeia,MissFortune,Bard,Gangplank,Jayce,Ryze,Jhin,Rell,KR
KR_8354466845,16.16.804.9184,1692,0,20408,19194,245,74,13,10,0,0,1,0,1341,-104,19067,19298,255,68,10,13,0,0,0,0,-1341,104,2026-09-20 09:50:07,"Camille, Rengar, Locke, Caitlyn","Pyke, Lee Sin, Nasus, Jax",Olaf,Naafiri,Mel,Tristana,Shen,Irelia,Hecarim,Syndra,Yunara,Alistar,KR
KR_8384121153,16.18.817.5716,1537,1,20067,20660,263,62,11,5,1,0,0,0,2937,2572,17130,18088,225,59,5,11,0,0,3,0,-2937,-2572,2026-09-20 09:50:10,"Nidalee, Zeri, Rengar, Camille, Galio","Yasuo, Syndra, Lee Sin, Rengar, Kennen",Jayce,Talon,Sylas,Ezreal,Seraphine,Jax,Viego,Zoe,Kalista,Renata,KR
KR_8351277055,16.16.804.9184,962,0,16908,20354,253,86,2,5,0,0,3,0,-1624,-1235,18532,21589,273,88,5,2,1,0,0,0,1624,1235,2026-09-20 09:50:13,"Bard, Camille, Renekton, Cassiopeia","Graves, Nidalee, Pyke, Zoe",Sion,Zyra,TwistedFate,Caitlyn,Lux,Rumble,MasterYi,Locke,Yunara,Lulu,KR
KR_8386286495,16.18.817.5716,1587,0,18039,19024,241,56,7,5,0,0,0,0,-364,-577,18403,19601,272,64,5,7,0,0,0,0,364,577,2026-09-20 09:50:19,"Qiyana, Vex, Rumble, Tristana, Pyke","Jayce, Qiyana, Nidalee, Lee Sin, Lulu",Poppy,Locke,Ryze,Ezreal,Neeko,Udyr,Talon,Leblanc,Yunara,Karma,KR
KR_8386089935,16.18.817.5716,1745,1,18426,20651,275,72,7,3,1,0,3,0,2349,1530,16077,19121,244,65,3,7,0,0,0,0,-2349,-1530,2026-09-20 09:50:23,"Rumble, Graves, LeBlanc, Pyke","Qiyana, Vayne, Fiora, LeBlanc",KSante,Shaco,Syndra,Tristana,Blitzcrank,DrMundo,FiddleSticks,Nocturne,Zeri,Yuumi,KR
KR_8356625584,16.17.810.4348,1420,1,18090,20046,246,70,7,11,1,0,0,0,-1992,-1538,20082,21584,235,82,11,7,0,0,3,0,1992,1538,2026-09-20 09:50:26,"Gangplank, Riven, Lee Sin, Orianna, Locke","Locke, Qiyana, Rengar, Zoe, Viktor",Camille,Hecarim,Syndra,Ezreal,Pyke,Jax,Khazix,Ryze,Kaisa,Bard,KR
KR_8372746903,16.17.810.4348,2079,1,19012,20670,266,68,9,7,0,0,0,0,454,945,18558,19725,231,86,7,9,1,0,3,0,-454,-945,2026-09-20 09:50:30,"Zoe, Qiyana, Poppy, Cassiopeia","Poppy, Camille, Kalista, Yunara",Rumble,Rengar,Yasuo,Ezreal,Karma,Pantheon,LeeSin,Vex,MissFortune,Nautilus,KR
KR_8382989456,16.18.817.5716,1279,0,17964,19515,254,68,7,6,0,0,3,0,-667,-792,18631,20307,262,77,6,7,1,0,0,0,667,792,2026-09-20 09:50:33,"Graves, Locke, Caitlyn, Qiyana, Yorick","Olaf, Akali, Anivia, LeBlanc, Jayce",Vladimir,Viego,Sylas,Yunara,Blitzcrank,Teemo,LeeSin,Ekko,Zeri,Lulu,KR
KR_8366064963,16.17.810.4348,1240,1,17994,19831,269,54,5,7,0,0,2,0,-796,-67,18790,19898,248,78,7,5,1,0,1,0,796,67,2026-09-20 09:50:36,"Zoe, Gangplank, Yone, Kalista","Lee Sin, Poppy, Ezreal",Kennen,Viego,Lissandra,Caitlyn,Bard,Singed,Nidalee,Tristana,Lucian,Leona,KR
KR_8384790826,16.18.817.5716,2214,1,21719,20844,248,69,15,5,0,0,3,0,4061,2706,17658,18138,249,68,5,15,1,0,0,0,-4061,-2706,2026-09-20 09:50:41,"Urgot, Zyra, Kai'Sa, Nautilus, Rengar","Rengar, Jayce, Nunu & Willump, Jax",Udyr,Kayn,Galio,Tristana,Lissandra,Yone,Taliyah,Sylas,Yunara,Camille,KR
KR_8384535850,16.18.817.5716,1231,0,19785,20067,251,71,9,6,0,0,0,0,1917,1184,17868,18883,241,70,6,9,1,0,3,0,-1917,-1184,2026-09-20 09:50:44,"Kha'Zix, Poppy, Zoe","Nunu & Willump, Caitlyn, Lulu",Singed,Kindred,Sylas,Cassiopeia,Camille,Kalista,Qiyana,Orianna,Yunara,Alistar,KR
KR_8375119303,16.17.810.4348,1877,1,18094,19370,274,68,4,6,0,0,0,0,443,317,17651,19053,251,58,6,4,1,0,3,0,-443,-317,2026-09-20 09:50:47,"Cassiopeia, Yorick, Naafiri, Xerath","Jayce, Locke, Zoe, Syndra, Lee Sin",Jax,Maokai,Vex,Zeri,Senna,Malzahar,Sylas,Qiyana,Yasuo,Thresh,KR
KR_8371884184,16.17.810.4348,1777,0,16403,19724,253,64,4,6,0,0,0,0,-2144,-783,18547,20507,251,81,6,4,1,0,3,0,2144,783,2026-09-20 09:50:50,"Yasuo, Cassiopeia, Vi, Hecarim, Gangplank","Lee Sin, Cassiopeia, Rengar, Vi",KSante,Qiyana,Syndra,Corki,Nautilus,Rumble,XinZhao,Yone,Ezreal,Rell,KR
KR_8383084254,16.18.817.5716,1111,0,17882,20692,299,74,4,5,0,0,3,0,-254,-1158,18136,21850,260,92,5,4,1,0,0,0,254,1158,2026-09-20 09:50:53,"Lee Sin, Rengar, Qiyana","Hecarim, Ezreal, Lulu",Renekton,Kindred,Galio,Yunara,Nautilus,DrMundo,Vi,Yone,Ekko,Bard,KR
KR_8354547265,16.16.804.9184,1911,1,19436,19159,269,64,8,12,1,0,0,0,-541,-277,19977,19436,256,66,12,8,0,0,3,0,541,277,2026-09-20 09:50:56,"Rengar, Nidalee, Poppy","Poppy, Vayne, Karma, Cassiopeia, Sivir",Galio,Vi,Locke,Lucian,Camille,Kled,LeeSin,Mel,Viego,Rakan,KR
KR_8376999533,16.18.816.5012,916,0,16782,17135,241,56,5,15,0,0,0,0,-5196,-3969,21978,21104,241,79,15,5,0,0,3,0,5196,3969,2026-09-20 09:50:59,"Qiyana, Lulu, LeBlanc","Yasuo, Rengar, Qiyana, Veigar, Nautilus",Ambessa,JarvanIV,Orianna,Jhin,Shen,Irelia,Jayce,Sylas,Kaisa,Pyke,KR
KR_8385557177,16.18.817.5716,2020,1,16503,20279,268,68,2,4,0,0,0,0,-545,962,17048,19317,254,69,4,2,1,0,3,0,545,-962,2026-09-20 09:51:02,"Zoe, Rengar, Lulu, Karma","Zoe, Poppy, Jax",Ambessa,Vi,Yone,Vladimir,Rakan,Irelia,LeeSin,Malzahar,Ezreal,Braum,KR
KR_8376076522,16.18.815.9717,1011,1,18925,20883,217,86,8,5,0,0,3,0,1632,2202,17293,18681,243,72,5,8,0,0,0,0,-1632,-2202,2026-09-20 09:51:05,"Poppy, LeBlanc, Pyke, Lulu, Fiora","Cho'Gath, Fizz, Locke",Kennen,LeeSin,Yone,Caitlyn,Bard,Jax,Qiyana,Cassiopeia,Aphelios,Thresh,KR
KR_8385551098,16.18.817.5716,1537,0,22603,21379,244,80,19,7,0,0,3,0,3080,2282,19523,19097,220,75,7,19,1,0,0,0,-3080,-2282,2026-09-20 09:51:09,"Jax, Rengar, LeBlanc, Poppy","K'Sante, Cassiopeia, Rakan, Yunara, Zoe",Yasuo,Talon,Fizz,Jhin,Camille,Volibear,Qiyana,Irelia,Taliyah,Pantheon,KR
KR_8385325303,16.18.817.5716,2309,0,18315,18053,227,52,8,13,0,0,2,0,-3965,-2392,22280,20445,270,70,13,8,1,0,1,1,3965,2392,2026-09-20 09:51:12,"Pyke, Zoe, Singed, Rengar, Yone","Qiyana, LeBlanc, Yunara, Yasuo",Jayce,Nidalee,KogMaw,Jhin,Bard,Draven,LeeSin,Annie,Caitlyn,Nautilus,KR
KR_8386965236,16.18.817.5716,1812,1,19924,18331,242,59,8,19,0,0,0,0,-2129,-1344,22053,19675,205,70,19,8,1,0,3,0,2129,1344,2026-09-20 09:51:16,"Nidalee, Zoe, Orianna, Syndra","Qiyana, Hecarim, Gangplank, Elise, Jax",DrMundo,Graves,Kayle,Kalista,Pyke,Nasus,LeeSin,TwistedFate,Draven,Nautilus,KR
KR_8383502489,16.18.817.5716,1377,1,18799,20781,251,82,8,11,1,0,3,0,-623,-819,19422,21600,249,76,11,8,0,0,0,0,623,819,2026-09-20 09:51:18,"Lee Sin, Jax, Jayce, Poppy","Qiyana, Zoe, Lee Sin, Poppy",Chogath,Diana,Yasuo,Corki,Pantheon,Sylas,Rengar,Locke,Jhin,Bard,KR
KR_8372906238,16.17.810.4348,1518,0,18200,18296,231,52,8,10,0,0,1,0,-2507,-671,20707,18967,270,56,10,8,1,0,2,1,2507,671,2026-09-20 09:51:22,"Lucian, Cassiopeia, Pyke","Rengar, Warwick, Jayce, Zoe, Talon",Singed,Pantheon,Yasuo,Ashe,Seraphine,Fiora,LeeSin,Leblanc,Ziggs,Leona,KR
KR_8366173550,16.17.810.4348,1406,0,17534,19981,246,64,5,6,0,0,0,0,-269,-466,17803,20447,258,81,6,5,1,0,3,0,269,466,2026-09-20 09:51:25,"Kalista, Poppy, Qiyana, Locke","Camille, Talon, Poppy",Olaf,LeeSin,Xerath,KogMaw,Lulu,Trundle,Skarner,Syndra,Lucian,Milio,KR
KR_8373586375,16.17.810.4348,1838,0,16332,19694,263,70,2,6,1,0,1,0,-2562,-1592,18894,21286,294,76,6,2,0,0,2,0,2562,1592,2026-09-20 09:51:28,"Ryze, Cassiopeia, Syndra, Pyke, Fiora","Qiyana, K'Sante, Fizz, Rengar, Pantheon",Trundle,LeeSin,TwistedFate,Viktor,Nautilus,Olaf,Naafiri,Mel,Ezreal,Karma,KR
KR_8382792087,16.18.817.5716,2041,0,19125,18265,230,66,11,7,0,0,3,0,445,861,18680,17404,228,73,7,11,1,0,0,0,-445,-861,2026-09-20 09:51:31,"Lee Sin, Poppy, Nunu & Willump, Pyke, Fiora","Lee Sin, Jayce, Locke, Qiyana, Pantheon",Olaf,Rengar,Ahri,Xerath,Shen,Kled,Hecarim,Taliyah,Jhin,Camille,KR
KR_8386527440,16.18.817.5716,1313,0,17661,17707,235,40,8,16,0,0,0,0,-4436,-1525,22097,19232,213,66,16,8,1,0,3,0,4436,1525,2026-09-20 09:51:34,"Yasuo, Rengar, Qiyana, Bard, Ezreal","Rumble, Qiyana, Rengar, Lee Sin",Ambessa,Viego,Cassiopeia,Velkoz,Leona,Lissandra,Talon,Viktor,Vayne,Camille,KR
KR_8360488162,16.17.810.4348,1752,1,18856,19425,252,65,7,9,1,0,1,0,-783,-318,19639,19743,252,61,9,7,0,0,2,0,783,318,2026-09-20 09:51:37,"Zoe, Irelia, Qiyana","Rumble, Rengar, Poppy",Zed,Chogath,Akali,Ezreal,Karma,Nasus,Trundle,Cassiopeia,Lucian,Milio,KR
KR_8387141909,16.18.817.5716,920,0,15782,19922,269,63,0,7,0,0,1,0,-3190,-2214,18972,22136,282,85,7,0,0,0,2,0,3190,2214,2026-09-20 09:51:40,"Jayce, Qiyana, Kennen, Lee Sin, Pyke","Poppy, Lee Sin, Hecarim",Fiora,Nidalee,Zed,Xerath,Nautilus,Gangplank,Rengar,Hwei,Tristana,Rell,KR
KR_8384586605,16.18.817.5716,1554,0,17005,18258,251,66,4,10,0,0,0,0,-2383,-3143,19388,21401,238,70,10,4,0,0,3,0,2383,3143,2026-09-20 09:51:43,"Xayah, Jayce, Zoe, Lee Sin, Poppy","Pyke, LeBlanc, Lee Sin, Jayce, Poppy",Tristana,Rengar,Lucian,Singed,Shen,Ambessa,Sejuani,Talon,Yone,Bard,KR
KR_8370212616,16.17.810.4348,923,0,16701,18619,263,72,3,12,0,0,0,0,-3466,-1577,20167,20196,254,70,12,3,1,0,3,0,3466,1577,2026-09-20 09:51:46,"Bard, Cho'Gath, Camille, Nunu & Willump, Olaf","Zoe, Qiyana, Jayce, Yunara",Gnar,LeeSin,Syndra,Ziggs,Leona,Fiora,Skarner,Ryze,Kaisa,Poppy,KR
KR_8368676704,16.17.810.4348,1587,1,18043,19958,266,78,5,5,0,0,3,0,210,-549,17833,20507,264,64,5,5,1,0,0,0,-210,549,2026-09-20 09:51:49,"Nocturne, Vi, Zyra, Rengar","Xerath, Rengar, Cassiopeia, Jayce, Fizz",Olaf,Nidalee,Tristana,KogMaw,Lulu,Fiora,LeeSin,Ahri,Aphelios,Thresh,KR
KR_8382408617,16.18.817.5716,1885,0,18160,18104,236,70,5,10,0,0,3,0,-1798,-2404,19958,20508,261,83,10,5,1,0,0,0,1798,2404,2026-09-20 09:51:52,"Fizz, Yasuo, Jax, Pyke, Rek'Sai","Lee Sin, Singed, Rengar",Irelia,Ambessa,Akali,Xerath,Camille,Pantheon,Chogath,Ryze,Kaisa,Vi,KR
KR_8366026111,16.17.810.4348,980,0,17094,19336,246,68,4,12,0,0,2,0,-3349,-1281,20443,20617,270,70,12,4,0,0,1,0,3349,1281,2026-09-20 09:51:55,"Seraphine, Pyke, Twisted Fate","Zoe, Fiora, Pyke",Renekton,Chogath,Aurora,Jhin,Pantheon,Ambessa,LeeSin,Cassiopeia,Draven,Camille,KR
KR_8367767010,16.17.810.4348,1266,1,19730,19983,277,59,10,6,0,0,0,0,1400,717,18330,19266,257,68,6,10,1,0,0,0,-1400,-717,2026-09-20 09:51:58,"Fiora, Syndra, Kai'Sa, Zyra, Jax","Kai'Sa, K'Sante, Bard",Irelia,Qiyana,Vladimir,Viktor,Leona,Jayce,Pantheon,Anivia,Mel,Nautilus,KR
KR_8358865947,16.17.810.4348,1488,1,17080,21132,286,77,3,4,0,0,3,0,-526,863,17606,20269,292,60,4,3,0,0,0,0,526,-863,2026-09-20 09:52:02,"Riven, Fizz, Camille","LeBlanc, Ivern, Cassiopeia",KSante,Pantheon,Galio,Caitlyn,Elise,Gnar,Nocturne,Katarina,Jhin,Shen,KR
KR_8385022840,16.18.817.5716,1852,0,17882,20083,260,66,6,3,0,0,3,0,603,620,17279,19463,267,75,3,6,1,0,0,0,-603,-620,2026-09-20 09:52:05,"Thresh, Twisted Fate, Vi, Sylas","Ambessa, Qiyana, Sylas, Yasuo",Fiora,LeeSin,Morgana,Zeri,Blitzcrank,Zaahen,Zyra,Yone,Yunara,Alistar,KR
KR_8371430209,16.17.810.4348,913,1,19388,20407,244,64,11,10,1,0,0,0,-286,1381,19674,19026,271,46,10,11,0,0,3,0,286,-1381,2026-09-20 09:52:08,"Nautilus, Singed, Camille, Zoe","Braum, Locke, Talon, Qiyana",Ambessa,JarvanIV,Xerath,Cassiopeia,Rakan,Irelia,Sejuani,Taliyah,Draven,Shen,KR
KR_8386811817,16.18.817.5716,1981,0,17517,19365,222,69,8,6,0,0,3,0,-230,345,17747,19020,249,59,6,8,0,0,0,0,230,-345,2026-09-20 09:52:12,"Locke, Lucian, Hecarim, Caitlyn, Jayce","Qiyana, Katarina, Jax, Caitlyn",Rengar,Kayn,Galio,Tristana,Blitzcrank,Yone,Taliyah,Syndra,Yunara,Lulu,KR
KR_8377611021,16.18.816.5012,1704,0,17753,19352,247,67,6,3,0,0,0,0,299,-341,17454,19693,265,74,3,6,1,0,3,0,-299,341,2026-09-20 09:52:15,"Lee Sin, Zyra, Jax, Mel","Irelia, Hecarim, Qiyana, Zoe, Kalista",Camille,JarvanIV,Locke,Seraphine,Pyke,Gwen,XinZhao,Ryze,Yunara,Neeko,KR
KR_8386240348,16.18.817.5716,1498,0,17772,18415,230,66,6,5,0,0,1,0,-174,-1570,17946,19985,274,65,5,6,0,0,2,0,174,1570,2026-09-20 09:52:19,"Caitlyn, Cassiopeia, Hecarim, K'Sante, Syndra","Nidalee, Zoe, Briar, Yasuo, Jayce",Olaf,Zyra,Galio,Zeri,Yuumi,Camille,LeeSin,Leblanc,Jhin,Bard,KR
KR_8350879633,16.16.804.9184,2402,1,18321,19882,239,62,9,16,0,0,1,0,-2786,-1243,21107,21125,246,71,16,9,0,0,0,0,2786,1243,2026-09-20 09:52:22,"Naafiri, Zoe, Vayne, Nidalee, Camille","Zoe, Kai'Sa, Syndra, Camille",Gnar,Karthus,Anivia,Aphelios,Thresh,Jax,Jayce,Cassiopeia,Ziggs,Singed,KR
KR_8373632907,16.17.810.4348,1911,1,19408,19430,256,69,10,8,0,0,3,0,1053,380,18355,19050,228,64,8,10,1,0,0,0,-1053,-380,2026-09-20 09:52:25,"Locke, Jayce, Caitlyn","Ezreal, Rengar, Fiora, Yasuo, Nidalee",Gnar,Qiyana,Cassiopeia,Lucian,Pyke,TwistedFate,LeeSin,Syndra,Jhin,Bard,KR
KR_8368600422,16.17.810.4348,1504,0,17202,19064,244,73,4,7,0,0,3,0,-1511,-1147,18713,20211,272,59,7,4,1,0,0,0,1511,1147,2026-09-20 09:52:28,"Jayce, Kai'Sa, Pantheon, Zoe","Jhin, Lee Sin",Fiora,Chogath,Ahri,Syndra,Rell,Shen,Nidalee,Galio,Ezreal,Camille,KR
KR_8381854329,16.18.817.5716,1971,0,17527,20102,295,57,5,10,0,0,3,0,-3106,-1737,20633,21839,251,88,10,5,1,0,0,0,3106,1737,2026-09-20 09:52:31,"Nidalee, Olaf, Yunara, Draven, Locke","Lee Sin, Yunara, Nidalee, Locke, Qiyana",Yone,Sylas,Xerath,Ezreal,Soraka,Jax,Hecarim,TwistedFate,Jhin,Camille,KR
KR_8387388963,16.18.817.5716,1209,0,19790,19472,274,57,11,11,0,0,0,0,-490,-249,20280,19721,218,69,11,11,1,0,3,0,490,249,2026-09-20 09:52:34,"Zyra, Yone, Olaf, Qiyana, Katarina","Lulu, Taliyah, Zoe, Qiyana, Jayce",Varus,LeeSin,Syndra,Ezreal,Karma,Kled,FiddleSticks,Xerath,Kalista,Renata,KR
KR_8388022926,16.18.817.5716,942,0,17068,19193,221,82,4,12,0,0,3,0,-3888,-1593,20956,20786,260,79,12,4,1,0,0,0,3888,1593,2026-09-20 09:52:37,"Yasuo, Lee Sin, Cassiopeia, Yone, Qiyana","Zyra, Zoe, Jayce",Ornn,Ekko,Akshan,Caitlyn,Braum,Shen,Naafiri,Syndra,Draven,Pyke,KR
KR_8367293220,16.17.810.4348,1297,1,19880,20412,262,76,9,6,1,0,1,0,974,-85,18906,20497,266,80,6,9,0,0,2,0,-974,85,2026-09-20 09:52:40,"Olaf, Lee Sin, Lucian, Pyke","Zyra, Kai'Sa, Yasuo, Cho'Gath, Rengar",Jayce,Shyvana,Locke,Varus,Seraphine,Yorick,Nocturne,TwistedFate,Ezreal,Bard,KR
KR_8358996569,16.17.810.4348,916,1,21626,21417,280,89,11,7,0,0,3,0,3237,2329,18389,19088,284,52,7,11,1,0,0,0,-3237,-2329,2026-09-20 09:52:43,"Poppy, Jayce, Vex","Rengar, Pyke",Lissandra,Talon,Irelia,Yunara,Lulu,Camille,LeeSin,Taliyah,Ezreal,Anivia,KR
KR_8385830013,16.18.817.5716,1671,0,16962,19687,270,62,3,5,0,0,3,0,-1578,-1170,18540,20857,285,76,5,3,0,0,0,0,1578,1170,2026-09-20 09:52:46,"Zyra, Caitlyn, Sylas, Zoe, Olaf","Fiora, Rengar, LeBlanc, Katarina, Kalista",KSante,LeeSin,Malzahar,Lucian,Milio,DrMundo,Jayce,Ryze,Ezreal,Rell,KR
KR_8375021760,16.17.810.4348,1491,0,16688,20186,289,64,2,6,0,0,0,0,-2141,-1517,18829,21703,279,81,6,2,1,0,1,0,2141,1517,2026-09-20 09:52:49,"Rengar, Vi, Talon","Pyke, Rumble, Jayce, Fizz, Kennen",Gragas,Qiyana,Locke,Ashe,Seraphine,Fiora,LeeSin,Cassiopeia,Jhin,Bard,KR
KR_8382339156,16.18.817.5716,918,1,20597,20594,266,76,12,5,0,0,3,0,3772,2096,16825,18498,248,60,5,12,0,0,0,0,-3772,-2096,2026-09-20 09:52:52,"Qiyana, Locke, Rengar","Karthus, Jax, Zoe, Pyke, Hecarim",Jayce,Skarner,Viktor,Kaisa,Camille,Tryndamere,LeeSin,Yone,Xerath,Rakan,KR
KR_8367328033,16.17.810.4348,1107,0,17126,19424,246,72,5,10,0,0,0,0,-2180,-1290,19306,20714,257,72,10,5,1,0,0,0,2180,1290,2026-09-20 09:52:56,"Cassiopeia, Kai'Sa, LeBlanc, Zyra, Fiora","Fiora, Karthus, Lucian",KSante,Qiyana,Zoe,Sivir,Poppy,Shen,Vi,Ahri,Jhin,Camille,KR
KR_8382564347,16.18.817.5716,1446,0,17123,19342,242,76,6,9,0,0,0,0,-3310,-1650,20433,20992,285,78,9,6,1,0,3,0,3310,1650,2026-09-20 09:52:59,"Olaf, Poppy, Zoe, Karma, Lulu","Rengar, Nunu & Willump, Camille, Poppy, Jayce",Pantheon,Sylas,Corki,Vladimir,Nautilus,Kled,Qiyana,Ryze,Yunara,Leona,KR
KR_8383088422,16.18.817.5716,1515,0,17631,19443,248,64,8,5,0,0,3,0,182,127,17449,19316,241,65,5,8,0,0,0,0,-182,-127,2026-09-20 09:53:02,"Cassiopeia, Yunara, Rengar, Caitlyn, Jayce","Karthus, Fiora, Lulu, Sylas, Twisted Fate",Gwen,LeeSin,Viktor,Jhin,Gragas,Pantheon,Naafiri,Zoe,Kaisa,Alistar,KR
KR_8382275247,16.18.817.5716,1304,1,17704,20741,295,64,3,3,0,0,1,0,1483,761,16221,19980,230,73,3,3,0,0,2,0,-1483,-761,2026-09-20 09:53:05,"Pyke, Rengar, Lee Sin, Qiyana, Fiora","Jayce, Karma, Hecarim, Locke",KSante,Nidalee,Zoe,Caitlyn,Bard,Yorick,Naafiri,Viktor,Vladimir,Shen,KR
KR_8367242235,16.17.810.4348,1103,1,21709,22166,247,78,15,2,0,0,3,0,5871,3686,15838,18480,240,64,2,15,0,0,0,0,-5871,-3686,2026-09-20 09:53:10,"Zyra, Zoe, Warwick, Pyke","Zyra, Pyke, Kalista",Camille,Taliyah,Cassiopeia,Ashe,Seraphine,Renekton,LeeSin,Syndra,Ezreal,Nautilus,KR
KR_8375016619,16.17.810.4348,2515,1,19989,20367,241,76,10,9,0,0,0,0,-255,-1012,20244,21379,260,74,9,10,0,0,3,1,255,1012,2026-09-20 09:53:14,"Fizz, Locke, Ezreal","Lee Sin, Cassiopeia, Nidalee, Jayce",Maokai,Qiyana,Anivia,Yasuo,Lulu,Chogath,Pantheon,Ryze,Yunara,Blitzcrank,KR
KR_8357266845,16.17.810.4348,1103,1,21555,20324,244,59,16,3,0,0,3,0,5653,3279,15902,17045,236,46,3,16,0,0,0,0,-5653,-3279,2026-09-20 09:53:17,"Naafiri, Irelia, Yone, Caitlyn, Bard","Nasus, Ezreal, Kai'Sa, Yasuo",KSante,Sylas,Katarina,Jhin,Poppy,Ambessa,LeeSin,Orianna,Yunara,Neeko,KR
KR_8378272511,16.18.817.5716,1193,0,16705,20311,235,84,3,9,0,0,2,0,-3051,-973,19756,21284,258,78,9,3,0,0,1,0,3051,973,2026-09-20 09:53:21,"Yunara, Lee Sin, Cassiopeia, Rumble, Qiyana","Kalista, LeBlanc, Lee Sin, Jax, Poppy",Pantheon,Zyra,Sylas,Tristana,Alistar,Kennen,Vi,Yasuo,Jhin,Rell,KR
KR_8375091262,16.17.810.4348,1705,1,18523,20259,262,82,5,5,1,0,3,0,-784,-850,19307,21109,284,71,5,5,0,0,0,0,784,850,2026-09-20 09:53:24,"Lucian, Poppy, Pyke, Rengar","Ezreal, Poppy, Fizz, Gnar",Camille,Qiyana,Galio,Kaisa,Nautilus,Gragas,LeeSin,TwistedFate,Jhin,Bard,KR
KR_8367269996,16.17.810.4348,1715,1,21360,21415,252,90,14,6,0,0,3,0,3088,3063,18272,18352,260,48,6,14,0,0,0,0,-3088,-3063,2026-09-20 09:53:27,"Pyke, Kalista, Cassiopeia, Rengar","Zoe, Nunu & Willump, Kalista",Jayce,JarvanIV,Locke,Xerath,Poppy,Irelia,Talon,Orianna,Ziggs,Camille,KR
KR_8368535091,16.17.810.4348,1855,0,17476,19502,272,73,3,7,0,0,0,0,-851,-96,18327,19598,260,50,7,3,0,0,2,0,851,96,2026-09-20 09:53:31,"Pantheon, Fiora, Cassiopeia","Zoe, Galio",Jayce,Qiyana,Ryze,Jinx,Nautilus,KSante,LeeSin,Malzahar,Yunara,Blitzcrank,KR
KR_8363844005,16.17.810.4348,1661,1,18035,19047,266,46,6,6,0,0,3,0,229,334,17806,18713,230,53,6,6,0,0,0,0,-229,-334,2026-09-20 09:53:34,"Qiyana, Locke","Cassiopeia, Rengar",Jayce,RekSai,Syndra,Xayah,Rakan,Gangplank,JarvanIV,Viktor,Lucian,Milio,KR
KR_8384424899,16.18.817.5716,913,1,21158,21950,261,74,15,4,0,0,1,0,4244,3648,16914,18302,248,68,4,15,1,0,2,0,-4244,-3648,2026-09-20 09:53:37,"Fiora, Syndra, Yunara, Jax, Nidalee","Yorick, Bard, Rengar, Nidalee",Tryndamere,Maokai,Yone,Kaisa,Poppy,Jayce,LeeSin,Akali,Xayah,Rakan,KR
KR_8376513492,16.18.816.5012,1638,1,20416,19844,249,71,12,11,1,0,0,0,745,1607,19671,18237,225,56,11,12,0,0,0,0,-745,-1607,2026-09-20 09:53:40,"Nunu & Willump, Poppy, Pyke, Cassiopeia","Karthus, Fiora, Twisted Fate, Cho'Gath, LeBlanc",Teemo,LeeSin,Ryze,Kaisa,Neeko,Rumble,Sylas,Yasuo,Ezreal,Alistar,KR
KR_8377162941,16.18.816.5012,1376,0,18440,18878,240,72,7,7,0,0,0,0,-154,-2162,18594,21040,270,78,7,7,1,0,3,0,154,2162,2026-09-20 09:53:46,"Qiyana, Trundle, Rengar, Pyke, Akali","Pyke, Yunara, Locke, Fiora, Rengar",Olaf,Vi,Katarina,Zeri,Braum,Gragas,LeeSin,Syndra,Jhin,Karma,KR
KR_8382583091,16.18.817.5716,1616,0,17297,18595,231,75,5,5,0,0,2,0,-2377,-1351,19674,19946,304,70,5,5,0,0,1,0,2377,1351,2026-09-20 09:53:50,"Elise, Kindred, LeBlanc","Nidalee, Kled, Rengar, Locke, Karthus",Ornn,JarvanIV,Yone,Vex,Pyke,Jayce,Qiyana,Ryze,Caitlyn,Lux,KR
KR_8362411143,16.17.810.4348,915,0,16850,17676,224,68,5,19,0,0,0,0,-4948,-3680,21798,21356,217,86,19,5,1,0,3,0,4948,3680,2026-09-20 09:53:53,"Locke, Ryze","Jayce, Orianna, Pyke",Kalista,Olaf,Ekko,Yunara,Seraphine,Fiora,Chogath,TwistedFate,Cassiopeia,Camille,KR
KR_8382845350,16.18.817.5716,1686,1,19476,19618,262,60,10,10,1,0,0,0,194,600,19282,19018,246,55,10,10,0,0,0,0,-194,-600,2026-09-20 09:53:57,"Hecarim, Lulu, Qiyana, Rengar","Locke, Qiyana, Poppy, Lee Sin",Jayce,Chogath,Cassiopeia,Varus,Renata,Vladimir,Graves,Sylas,Zeri,Rell,KR
KR_8369085279,16.17.810.4348,1083,0,16964,17518,227,52,5,15,0,0,0,0,-3468,-2571,20432,20089,234,70,15,5,1,0,3,0,3468,2571,2026-09-20 09:54:00,"Poppy, Rakan, Lee Sin, Shen","Lee Sin, Lulu, Cassiopeia, Hecarim",Tryndamere,Ekko,Locke,Kalista,Renata,Warwick,Nidalee,Taliyah,Draven,Seraphine,KR
KR_8387979206,16.18.817.5716,1726,0,17100,17348,236,56,5,13,0,0,3,0,-3956,-3907,21056,21255,274,82,13,5,1,0,0,0,3956,3907,2026-09-20 09:54:04,"Zyra, LeBlanc, Zoe, Pyke, Vayne","Qiyana, Camille, Lee Sin, Nidalee, Talon",Urgot,Jayce,Ekko,Ezreal,Braum,Ambessa,Hecarim,Ryze,Draven,Nautilus,KR
KR_8377047703,16.18.816.5012,1131,1,19004,19039,232,58,8,8,0,0,1,0,549,410,18455,18629,234,68,8,8,0,0,2,0,-549,-410,2026-09-20 09:54:07,"Jax, Nidalee, K'Sante","Kai'Sa, Cassiopeia, Zyra, Jayce",Gangplank,Chogath,Tryndamere,Tristana,Alistar,Camille,LeeSin,Ryze,MissFortune,Neeko,KR
KR_8362579482,16.17.810.4348,1881,0,17657,20215,232,76,6,7,0,0,0,0,-327,277,17984,19938,272,75,7,6,1,0,3,0,327,-277,2026-09-20 09:54:10,"Fiora, Ezreal, Rengar","Qiyana, Fizz, Lee Sin, Rengar, Locke",Mordekaiser,Diana,Nasus,Yasuo,Alistar,Camille,Hecarim,Xerath,Kaisa,Taric,KR
KR_8384194006,16.18.817.5716,1641,1,18675,19964,241,64,7,6,0,0,2,0,303,-588,18372,20552,271,72,6,7,1,0,0,0,-303,588,2026-09-20 09:54:14,"Talon, LeBlanc, Ezreal, Draven, Jayce","Twisted Fate, Alistar, Ezreal",Nasus,Qiyana,Viktor,Tristana,Thresh,Rumble,LeeSin,Ryze,Caitlyn,Rakan,KR
KR_8371568501,16.17.810.4348,1776,0,19542,20685,264,60,11,6,1,0,0,0,2344,2488,17198,18197,234,55,6,11,0,0,0,0,-2344,-2488,2026-09-20 09:54:17,"Yasuo, Locke","Lee Sin, LeBlanc, Pyke, Draven, Rengar",Anivia,Chogath,Akshan,Yunara,Nautilus,Camille,Skarner,Aurora,Caitlyn,Lux,KR
KR_8362509818,16.17.810.4348,1535,1,19705,20183,265,66,9,3,0,0,2,0,3754,2539,15951,17644,224,55,3,9,0,0,1,0,-3754,-2539,2026-09-20 09:54:20,"Lucian, Rengar, Locke, Talon","Jayce, Fizz, Talon, Rengar",Olaf,LeeSin,Sylas,Jhin,Camille,Fiora,Chogath,Vex,Corki,Nami,KR
KR_8383646228,16.18.817.5716,1485,1,18818,20223,269,70,7,7,0,0,0,0,498,-66,18320,20289,243,82,7,7,0,0,3,0,-498,66,2026-09-20 09:54:23,"Qiyana, Rengar, Nidalee, Irelia, Pyke","Qiyana, Yasuo, Locke, Lee Sin, Thresh",Jayce,Taliyah,Nasus,Zeri,Rakan,Gwen,Chogath,Akshan,Yunara,Nautilus,KR
KR_8348921613,16.16.804.9184,1920,0,17951,19922,260,63,5,13,0,0,1,0,-1908,240,19859,19682,247,62,13,5,0,0,2,0,1908,-240,2026-09-20 09:54:26,"Lee Sin, Pyke, Kalista, Zoe","Poppy, Ezreal, Karma, Locke, Lissandra",Jayce,Graves,Sylas,Taliyah,Nautilus,Olaf,Nidalee,Qiyana,Yunara,Rakan,KR
KR_8382988966,16.18.817.5716,1619,0,18080,19332,256,62,4,5,0,0,0,0,405,-110,17675,19442,273,66,5,4,0,0,3,0,-405,110,2026-09-20 09:54:29,"Poppy, Azir, Rengar, Bard","Tristana, Rengar, Poppy",KSante,Qiyana,Anivia,Caitlyn,Neeko,Jayce,LeeSin,Syndra,Yunara,Lulu,KR
KR_8348867720,16.16.804.9184,1612,0,16117,17779,247,63,2,9,0,0,0,0,-3813,-3431,19930,21210,290,76,9,2,1,0,1,0,3813,3431,2026-09-20 09:54:33,"Nasus, Bard, Yasuo, Riven","Fiora, Jax, Kai'Sa, Poppy, Locke",Vayne,JarvanIV,TwistedFate,Hwei,Rakan,Irelia,LeeSin,Yone,Ziggs,Alistar,KR
KR_8387523013,16.18.817.5716,1367,0,19010,20125,253,70,8,9,0,0,3,0,-1492,365,20502,19760,283,56,9,8,0,0,0,0,1492,-365,2026-09-20 09:54:36,"Zyra, Qiyana, Lulu, Zoe","Lee Sin, Rengar, Zoe",Jayce,Naafiri,Malzahar,Kaisa,Poppy,Camille,Nidalee,Yone,Zeri,Alistar,KR
KR_8366046440,16.17.810.4348,1590,0,18883,19834,261,61,7,8,0,0,3,0,339,122,18544,19712,215,76,8,7,1,0,0,0,-339,-122,2026-09-20 09:54:39,"Rengar, Lee Sin","Talon, Lucian, Lee Sin, Jayce, Syndra",Gnar,Qiyana,Galio,Tristana,Lulu,Nasus,Chogath,Cassiopeia,Jhin,Alistar,KR
KR_8348552489,16.16.804.9184,1843,0,17899,19163,233,80,7,5,0,0,2,0,628,206,17271,18957,257,58,5,7,1,0,1,0,-628,-206,2026-09-20 09:54:42,"Locke, Bard, Lee Sin, Jayce","Lee Sin, Jax, Cassiopeia, Lucian, Galio",Camille,Naafiri,Aurora,Ezreal,Karma,Irelia,Fizz,Zoe,Jhin,Pyke,KR
KR_8380512536,16.18.817.5716,1992,1,17875,19359,233,74,6,6,1,0,3,0,-223,-1799,18098,21158,281,72,6,6,0,0,0,0,223,1799,2026-09-20 09:54:45,"Nidalee, Cassiopeia, Qiyana, Camille, Caitlyn","Cassiopeia, Poppy, Locke, Lulu",Vladimir,LeeSin,Yasuo,Corki,Shen,Tryndamere,Vi,Anivia,Brand,Alistar,KR
KR_8383772799,16.18.817.5716,1293,1,18101,20282,253,82,6,2,1,0,3,0,1418,653,16683,19629,277,64,2,6,0,0,0,0,-1418,-653,2026-09-20 09:54:48,"Sylas, Yunara, Syndra, Rengar, Jayce","Rengar, Qiyana, Karthus, Locke",Teemo,Chogath,Yone,Kaisa,Alistar,Ambessa,Taliyah,Lissandra,Xayah,Rakan,KR
KR_8388305985,16.18.817.5716,1689,1,20786,21192,281,66,9,6,0,0,1,0,2859,1537,17927,19655,240,68,6,9,1,0,2,0,-2859,-1537,2026-09-20 09:54:51,"Camille, Pyke, Fiora","Akali, Fiora, Qiyana, Lulu, Galio",Gwen,Jayce,Ryze,Kalista,Senna,Gragas,LeeSin,Sylas,Draven,Renata,KR
KR_8385139449,16.18.817.5716,1346,1,18340,20391,243,85,6,10,0,0,3,0,-1813,-250,20153,20641,275,56,10,6,0,0,0,0,1813,250,2026-09-20 09:54:55,"Rengar, Poppy, Yone, Gnar","Jayce, Hecarim, Talon, Irelia, Camille",KSante,Qiyana,AurelionSol,Ezreal,Karma,Pantheon,LeeSin,Ekko,Yunara,Nautilus,KR
KR_8368626054,16.17.810.4348,1493,0,18291,19897,265,81,5,8,0,0,3,0,-379,452,18670,19445,241,67,8,5,0,0,0,0,379,-452,2026-09-20 09:54:58,"Kalista, Qiyana, Zyra, LeBlanc, Pyke","Lee Sin, Zoe",Olaf,Naafiri,Cassiopeia,Xerath,Shen,Camille,Jayce,Syndra,Jhin,Trundle,KR
KR_8366106824,16.17.810.4348,1670,1,19399,18748,276,66,6,10,0,0,1,0,-155,-249,19554,18997,240,68,10,6,1,0,2,0,155,249,2026-09-20 09:55:01,"Poppy, Zoe","Nautilus, Poppy, Locke, Warwick, Syndra",Galio,Jayce,Cassiopeia,Jhin,Camille,Olaf,LeeSin,Lissandra,Jinx,Leblanc,KR
KR_8374769028,16.17.810.4348,1291,0,18553,19856,234,74,9,6,0,0,0,0,470,684,18083,19172,273,50,6,9,0,0,0,0,-470,-684,2026-09-20 09:55:04,"Rengar, Qiyana, Cassiopeia, Olaf, Pyke","Lee Sin, Qiyana, Pyke, Olaf",Anivia,Viego,Zoe,Kalista,Renata,Varus,Zed,Taliyah,Yunara,Lulu,KR
KR_8387740740,16.18.817.5716,939,0,14750,17250,213,66,1,11,0,0,1,0,-5228,-4434,19978,21684,266,64,11,1,1,0,0,1,5228,4434,2026-09-20 09:55:07,"Thresh, Talon, Ambessa, Akali","K'Sante, Zoe, Katarina, Lulu, Lee Sin",Jayce,Kayn,Galio,Ziggs,Janna,Irelia,MasterYi,Leblanc,Jhin,Soraka,KR
KR_8356694667,16.17.810.4348,1408,0,18434,19795,272,57,7,8,0,0,2,0,-391,8,18825,19787,225,72,8,7,1,0,1,0,391,-8,2026-09-20 09:55:10,"Locke, Poppy, Rengar","Caitlyn, Lee Sin, K'Sante, Graves",Camille,JarvanIV,Orianna,Jhin,Bard,Gangplank,Qiyana,Galio,Viktor,Nautilus,KR
KR_8384362826,16.18.817.5716,1737,1,18461,19473,282,62,6,5,0,0,2,0,723,443,17738,19030,260,62,5,6,0,0,1,0,-723,-443,2026-09-20 09:55:15,"Qiyana, Jayce, Hecarim, Locke","Rengar, Qiyana, Tryndamere, Nidalee",Singed,Vi,Syndra,Jinx,Elise,Nasus,LeeSin,Cassiopeia,Caitlyn,Bard,KR
KR_8365964662,16.17.810.4348,1524,1,18741,20911,276,80,5,7,1,0,2,0,739,1090,18002,19821,243,66,7,5,0,0,1,0,-739,-1090,2026-09-20 09:55:19,"Rengar, Mel, Kai'Sa, Fiora","Qiyana, Lulu, Zoe, Cho'Gath, Syndra",KSante,LeeSin,Leblanc,Ezreal,Karma,Camille,Yone,Xerath,Cassiopeia,Pyke,KR
KR_8373576151,16.17.810.4348,913,0,16874,18369,253,56,4,10,0,0,0,0,-2815,-1753,19689,20122,240,67,10,4,1,0,0,0,2815,1753,2026-09-20 09:55:22,"Cassiopeia, Yasuo, Qiyana, Nidalee, Syndra","Lee Sin, Pyke, Zoe, Jayce, Lulu",Kennen,Kayn,Leblanc,Kaisa,Shen,Tryndamere,Locke,Viktor,Jhin,Nautilus,KR
KR_8384486371,16.18.817.5716,2012,0,19259,18574,251,52,9,11,0,0,0,0,-313,-1087,19572,19661,248,66,11,9,1,0,3,0,313,1087,2026-09-20 09:55:25,"Lee Sin, Qiyana, Zoe, Rengar","Singed, Bard, Lee Sin, Qiyana, Yasuo",Kaisa,Karthus,Xerath,KogMaw,Pantheon,Jayce,Chogath,Locke,Caitlyn,Alistar,KR
KR_8384146771,16.18.817.5716,912,1,21338,21182,264,70,13,6,0,0,3,0,3064,3364,18274,17818,212,63,6,13,0,0,0,0,-3064,-3364,2026-09-20 09:55:28,"Jayce, Zoe, Zyra, Ezreal, Lulu","Zoe, Mel, Rengar",Renekton,Nidalee,Syndra,Caitlyn,Elise,Jax,Qiyana,TwistedFate,Kalista,Renata,KR
KR_8383051767,16.18.817.5716,1682,0,17654,19505,254,64,6,8,0,0,3,0,-1071,-813,18725,20318,269,71,8,6,1,0,0,0,1071,813,2026-09-20 09:55:31,"Lee Sin, Vi, Qiyana, Irelia, Yasuo","Poppy, Master Yi, Hecarim",Renekton,Kindred,Taliyah,Corki,Nautilus,Varus,Rengar,Ryze,Yunara,Rell,KR
KR_8385098277,16.18.817.5716,2072,1,18638,19769,250,70,8,10,0,0,3,0,27,-456,18611,20225,239,76,10,8,1,0,0,0,-27,456,2026-09-20 09:55:34,"Fiora, Alistar, Zoe","Lee Sin, Qiyana, Rengar, Elise, Zoe",Chogath,JarvanIV,Viktor,Caitlyn,Karma,Olaf,Nidalee,Locke,KogMaw,Pyke,KR
KR_8377531316,16.18.816.5012,1821,0,16972,18925,225,69,5,14,0,0,0,0,-5025,-2231,21997,21156,254,72,14,5,0,0,3,1,5025,2231,2026-09-20 09:55:37,"Urgot, Locke, Zoe, Qiyana","Kalista, Jayce, Anivia, Hecarim, Nilah",Udyr,Pantheon,Aurora,Ezreal,Bard,Singed,LeeSin,Nunu,Yasuo,Senna,KR
KR_8380451016,16.18.817.5716,912,1,20003,22122,283,82,10,3,0,0,3,0,3439,2458,16564,19664,265,59,3,10,1,0,0,0,-3439,-2458,2026-09-20 09:55:40,"Yunara, Lee Sin, Bel'Veth, Ezreal, Camille","Locke, Olaf, Qiyana, Ryze",Ambessa,Nidalee,Tristana,Cassiopeia,Rell,Renekton,Elise,Orianna,Jhin,Karma,KR
KR_8370239334,16.17.810.4348,1355,1,17562,17418,226,55,6,12,0,0,0,0,-2079,-2402,19641,19820,246,66,12,6,0,0,3,0,2079,2402,2026-09-20 09:55:43,"Lee Sin, Locke, Zoe","Poppy, Zyra, Cassiopeia, Draven",Jayce,Qiyana,Lissandra,Yunara,Lulu,Olaf,Khazix,Leblanc,Ezreal,Camille,KR
KR_8385882749,16.18.817.5716,1593,0,19090,19589,249,59,7,8,0,0,0,0,388,-1594,18702,21183,241,82,8,7,0,0,3,0,-388,1594,2026-09-20 09:55:46,Zoe,"Jayce, Kalista, Rengar, Elise",Renekton,Viego,Xerath,Tristana,Nautilus,Fiora,Qiyana,Locke,Yunara,Lulu,KR
KR_8365031608,16.17.810.4348,1584,0,17442,19302,247,67,4,6,0,0,0,0,-395,-153,17837,19455,269,56,6,4,1,0,0,0,395,153,2026-09-20 09:55:49,"Lee Sin, Zoe","Naafiri, Sylas, Olaf",Nasus,Qiyana,Cassiopeia,Lucian,Milio,Malphite,Diana,Syndra,Xayah,Rakan,KR
KR_8348493034,16.16.804.9184,966,0,17128,18386,242,64,4,11,0,0,0,0,-4041,-3940,21169,22326,270,98,11,4,0,0,3,0,4041,3940,2026-09-20 09:55:53,"Cassiopeia, Lucian, Hecarim, Rengar","Rengar, Cassiopeia",Olaf,LeeSin,TwistedFate,Jhin,Camille,Jax,Zyra,Irelia,Kalista,Renata,KR
KR_8388148995,16.18.817.5716,1719,1,18311,18492,234,64,8,13,0,0,3,0,-3236,-2619,21547,21111,243,79,13,8,1,0,0,0,3236,2619,2026-09-20 09:55:56,"Master Yi, Nidalee, Qiyana, Zoe","Hecarim, Zoe, Poppy, LeBlanc",Singed,LeeSin,Akali,Yunara,Shen,Tryndamere,Vi,Locke,Tristana,Pantheon,KR
KR_8384027899,16.18.817.5716,1124,1,17946,19593,217,64,9,4,1,0,0,0,922,626,17024,18967,248,66,4,9,0,0,3,0,-922,-626,2026-09-20 09:56:00,"Lulu, Jayce, Qiyana, Pyke, Rengar","Ezreal, Renata Glasc, Nidalee, Rengar, Riven",Shen,LeeSin,Locke,Caitlyn,Karma,Aatrox,Kayn,Syndra,Jhin,Bard,KR
KR_8356598816,16.17.810.4348,1767,1,21186,21533,230,77,17,6,0,0,3,0,4725,4895,16461,16638,188,48,6,17,0,0,0,0,-4725,-4895,2026-09-20 09:56:04,"Nautilus, Vi, Fiora, Lee Sin, Zoe","Ezreal, K'Sante, Braum, Lee Sin, Zoe",Nasus,Hecarim,Lissandra,Viktor,Leblanc,Gangplank,Nidalee,Sylas,Caitlyn,Rell,KR
KR_8357552942,16.17.810.4348,1769,0,18021,19197,251,72,6,6,0,0,3,0,-635,-1233,18656,20430,254,73,6,6,1,0,0,0,635,1233,2026-09-20 09:56:08,"Zoe, Nidalee, Poppy, LeBlanc","Zoe, Jayce, Pyke, Kai'Sa, Vi",Akali,Zac,Talon,Varus,Camille,Fiora,LeeSin,TwistedFate,Ezreal,Bard,KR
KR_8381843045,16.18.817.5716,913,0,17549,19487,250,59,5,5,0,0,0,0,-448,-571,17997,20058,282,72,5,5,0,0,0,0,448,571,2026-09-20 09:56:11,"Poppy, Pyke, Yasuo, Lulu","Qiyana, Lee Sin, Fizz, Kled, Tristana",Gragas,Viego,Akshan,Jhin,Thresh,Jax,Hecarim,Taliyah,Yunara,Rakan,KR
KR_8376044998,16.18.815.9717,1407,0,20695,19724,248,66,12,13,0,0,2,0,-539,99,21234,19625,245,67,13,12,1,0,1,0,539,-99,2026-09-20 09:56:15,"Zyra, Jayce, Rengar, LeBlanc","K'Sante, Syndra, Hecarim, Pyke",Fiora,Sylas,Yasuo,Kaisa,Skarner,Olaf,Qiyana,Akali,Yunara,Lulu,KR
KR_8387876749,16.18.817.5716,1296,0,19737,18850,263,51,9,13,0,0,0,0,-623,-1974,20360,20824,233,77,13,9,0,0,3,0,623,1974,2026-09-20 09:56:19,"Lulu, Fizz, Qiyana, Alistar, Lee Sin","Qiyana, LeBlanc, Teemo, Rengar, Lee Sin",Varus,Ambessa,Tristana,Viktor,Rell,Mordekaiser,Hecarim,Yasuo,Jhin,Leona,KR
KR_8386567174,16.18.817.5716,1260,1,20791,21011,227,85,14,6,1,0,3,0,3235,3128,17556,17883,240,60,6,14,0,0,0,0,-3235,-3128,2026-09-20 09:56:22,"Poppy, Yasuo, Zoe, Rengar, K'Sante","Lee Sin, Jayce, Karma",Jax,Qiyana,Locke,Ezreal,Seraphine,Ryze,Sylas,Orianna,Draven,Pantheon,KR
KR_8379383534,16.18.817.5716,1700,0,18100,18400,244,52,6,12,0,0,0,0,-2447,-3063,20547,21463,254,81,12,6,0,0,3,0,2447,3063,2026-09-20 09:56:25,"Poppy, Qiyana, Zeri, Zed","LeBlanc, Qiyana, Lulu, Ezreal, Nasus",Jayce,Kindred,Locke,Yunara,Rell,Warwick,Hecarim,Zoe,Kalista,Renata,KR
KR_8362542894,16.17.810.4348,1667,1,19159,20910,269,59,9,8,1,0,0,0,-28,784,19187,20126,231,68,8,9,0,0,0,0,28,-784,2026-09-20 09:56:28,Jayce,"Locke, LeBlanc, Fiora, Rengar",Gwen,JarvanIV,Orianna,Caitlyn,Bard,Kennen,Qiyana,Cassiopeia,Lucian,Milio,KR
KR_8350658415,16.16.804.9184,1714,0,15951,18220,247,47,3,13,0,0,1,0,-3720,-3559,19671,21779,250,73,13,3,0,0,2,0,3720,3559,2026-09-20 09:56:31,"Irelia, Syndra, Evelynn, Alistar, Nasus","Locke, Fiora, Cassiopeia, Zyra",Zed,Sylas,Ryze,Corki,Braum,Kled,Hecarim,Akali,Kaisa,Rakan,KR
KR_8384184752,16.18.817.5716,1975,1,19321,19364,223,62,9,12,0,0,3,0,-570,453,19891,18911,257,43,12,9,1,0,0,0,570,-453,2026-09-20 09:56:35,"Rengar, Sylas, Viktor, Syndra, Draven","Qiyana, Lee Sin, Hecarim, Fiora, Zoe",Ahri,Chogath,Cassiopeia,Yunara,Lulu,Yone,Olaf,Orianna,Ashe,Seraphine,KR
KR_8385531032,16.18.817.5716,1899,1,20358,20032,264,68,11,7,1,0,0,0,2491,1823,17867,18209,230,66,7,11,0,0,3,0,-2491,-1823,2026-09-20 09:56:38,"Lee Sin, Naafiri, Zoe, Rengar","Nunu & Willump, Singed, Locke, Zoe",Pantheon,Qiyana,Ryze,Ezreal,Poppy,Jax,JarvanIV,Syndra,Yunara,Lulu,KR
KR_8363837959,16.17.810.4348,1241,1,21277,20127,256,74,14,5,0,0,2,0,4025,1242,17252,18885,275,69,5,14,1,0,0,0,-4025,-1242,2026-09-20 09:56:41,"Poppy, Rengar, Jayce","Hecarim, Camille, Pyke",Lissandra,LeeSin,Sylas,Kalista,Alistar,Gnar,Chogath,Locke,Yunara,Lulu,KR
KR_8384240902,16.18.817.5716,997,0,17923,19586,264,66,6,4,0,0,1,0,157,-432,17766,20018,261,82,4,6,1,0,2,0,-157,432,2026-09-20 09:56:44,"Karthus, Pyke, Locke, LeBlanc, Fiora","Qiyana, Syndra, Orianna, Viktor",Varus,LeeSin,Ekko,Jhin,Shen,Jax,JarvanIV,Kayle,Yunara,Lulu,KR
KR_8386762689,16.18.817.5716,1430,1,21518,21412,265,76,15,3,1,0,3,0,5118,3494,16400,17918,249,64,3,15,0,0,0,0,-5118,-3494,2026-09-20 09:56:48,"Rengar, Jayce, Nidalee, Zoe","Hecarim, LeBlanc, Lulu, Yunara, Darius",Camille,Graves,Singed,Varus,Karma,KSante,Chogath,Yasuo,Zeri,Braum,KR
KR_8356550152,16.17.810.4348,1643,0,19401,20302,265,74,7,9,0,0,3,0,-296,655,19697,19647,254,56,9,7,1,0,0,0,296,-655,2026-09-20 09:56:51,"Caitlyn, LeBlanc, Gangplank, Lee Sin, Kai'Sa","Fiora, Ryze, Gangplank, Lee Sin, Locke",Jayce,Hecarim,Yasuo,Yunara,Lulu,Malphite,Nidalee,Pantheon,Zeri,Yuumi,KR
KR_8377576138,16.18.816.5012,917,1,19526,20181,260,68,11,3,0,0,0,0,2263,2097,17263,18084,261,69,3,11,0,0,3,0,-2263,-2097,2026-09-20 09:56:54,"Nunu & Willump, Hecarim, Jayce","Jayce, Nunu & Willump, Rengar, Yasuo, Qiyana",Singed,LeeSin,Annie,Ezreal,Bard,Fiora,Naafiri,Lissandra,Varus,Shen,KR
KR_8378220863,16.18.817.5716,918,1,19350,20227,261,61,7,4,0,0,1,0,2359,508,16991,19719,248,80,4,7,1,0,2,0,-2359,-508,2026-09-20 09:56:57,"Yasuo, Hecarim, Cassiopeia","Rumble, Lee Sin, Zoe, Jax",Tryndamere,Qiyana,Sylas,Yunara,Lulu,Pantheon,Nocturne,Orianna,Lucian,Milio,KR
KR_8377297355,16.18.816.5012,1153,0,19090,19910,246,60,10,12,1,0,0,0,-526,691,19616,19219,199,58,12,10,0,0,1,0,526,-691,2026-09-20 09:57:00,"Orianna, Jax, Qiyana, Fiora","Bel'Veth, Yasuo, Poppy, Rengar",Gnar,LeeSin,Viktor,Lucian,Alistar,Kennen,JarvanIV,Tryndamere,Yunara,Lulu,KR
KR_8383774505,16.18.817.5716,1834,1,19238,20207,252,72,8,9,0,0,0,0,27,494,19211,19713,265,62,9,8,0,0,3,0,-27,-494,2026-09-20 09:57:03,"Pyke, Poppy, Syndra, Kalista","Nautilus, Rengar, Yone",Jayce,Talon,Zoe,Lucian,Milio,Lissandra,LeeSin,Tristana,Jhin,Anivia,KR
KR_8368031149,16.17.810.4348,1850,1,18896,17585,220,62,10,8,0,0,1,0,683,-264,18213,17849,217,71,8,10,1,0,2,0,-683,264,2026-09-20 09:57:06,"Zoe, Qiyana, Camille, Viktor, K'Sante","Jayce, Nidalee, Ezreal, Zoe",Nasus,LeeSin,TwistedFate,Corki,Blitzcrank,Kled,Vi,Vladimir,Cassiopeia,Elise,KR
KR_8378567147,16.18.817.5716,1255,0,18326,18277,245,60,7,9,0,0,2,0,-1036,-1809,19362,20086,254,74,9,7,1,0,1,0,1036,1809,2026-09-20 09:57:11,"Draven, Zoe, Olaf, Nidalee","Lee Sin, LeBlanc, Rengar, Qiyana",Varus,Kayn,Xerath,Yunara,Camille,Gwen,Vi,Yone,Caitlyn,Braum,KR
KR_8385100242,16.18.817.5716,947,0,18235,17703,200,70,7,15,0,0,1,0,-2750,-1002,20985,18705,233,56,15,7,0,0,2,0,2750,1002,2026-09-20 09:57:15,"Hecarim, LeBlanc, Irelia, Kalista, Lee Sin","Zeri, Yunara, Poppy, Karthus, Hecarim",Sion,Nidalee,Qiyana,Kaisa,Rell,Zaahen,Pantheon,Sylas,Tristana,Nautilus,KR
KR_8368086839,16.17.810.4348,941,1,19082,18281,218,58,10,6,0,0,0,0,2146,282,16936,17999,216,63,6,10,0,0,1,0,-2146,-282,2026-09-20 09:57:19,"Lee Sin, LeBlanc, Kai'Sa, Poppy","Poppy, Fiora, Vladimir, Akali, Nidalee",Camille,Qiyana,Syndra,Xerath,Rakan,Olaf,Jayce,Annie,Jhin,Leona,KR
KR_8362614001,16.17.810.4348,1280,1,19401,20402,276,61,9,4,1,0,2,0,2591,1215,16810,19187,261,64,4,9,0,0,1,0,-2591,-1215,2026-09-20 09:57:22,"Rengar, Talon, Mordekaiser, Locke, Jax","Syndra, Lee Sin, Ezreal, Hecarim, Locke",Camille,Chogath,Akali,Kaisa,Rell,KSante,Vi,Malzahar,Cassiopeia,Nautilus,KR
KR_8376203147,16.18.815.9717,1609,1,19493,19902,255,61,9,9,0,0,3,0,105,423,19388,19479,255,60,9,9,0,0,0,0,-105,-423,2026-09-20 09:57:25,"Fiora, Pyke, Qiyana, Locke, Yone","Nunu & Willump, Jax, Vi, Rengar",Olaf,Poppy,Anivia,Kalista,Renata,Yasuo,LeeSin,Ryze,Aphelios,Thresh,KR
KR_8378911603,16.18.817.5716,1950,1,17298,20572,288,83,2,2,0,0,1,0,765,999,16533,19573,262,75,2,2,0,0,2,0,-765,-999,2026-09-20 09:57:28,"Ezreal, Cassiopeia","Zoe, Ezreal, Rengar, Syndra, Poppy",Maokai,Qiyana,Yone,Jhin,Anivia,Jayce,Sylas,Xerath,Yasuo,Camille,KR
KR_8381806602,16.18.817.5716,914,0,14557,18232,232,68,0,13,0,0,0,0,-5768,-2753,20325,20985,215,70,13,0,1,0,3,0,5768,2753,2026-09-20 09:57:31,"Yasuo, Qiyana, Draven, Nidalee, Poppy","Akshan, Sylas, Qiyana, Ambessa, Zeri",Chogath,Naafiri,Pantheon,Corki,Pyke,Sion,LeeSin,Katarina,Swain,Alistar,KR
KR_8379234977,16.18.817.5716,1445,0,17328,20745,262,70,4,5,0,0,2,0,-794,199,18122,20546,272,78,5,4,1,0,1,0,794,-199,2026-09-20 09:57:34,"Lee Sin, Draven, Qiyana, Akali, Twisted Fate","Pyke, Nidalee, Lee Sin, Qiyana, Tristana",Jayce,Kindred,Galio,Caitlyn,Bard,KSante,Hecarim,Lissandra,Yunara,Thresh,KR
KR_8386795368,16.18.817.5716,1133,0,19455,19474,276,49,7,8,0,0,0,0,-131,-657,19586,20131,255,83,8,7,1,0,3,0,131,657,2026-09-20 09:57:37,"Cassiopeia, Warwick, Rengar, Syndra, Camille","Orianna, Lee Sin, Viktor, Syndra",Kaisa,Kindred,Zoe,Yunara,Lulu,Singed,Hecarim,Vladimir,Ezreal,Senna,KR
KR_8388008934,16.18.817.5716,1788,0,17352,20213,264,72,5,9,0,0,2,0,-1398,-642,18750,20855,262,78,9,5,1,0,1,0,1398,642,2026-09-20 09:57:40,"Qiyana, Lee Sin, Jayce, Bard","Jayce, Syndra, Lee Sin, Qiyana, Cassiopeia",Gangplank,Hecarim,Nasus,Ashe,Rakan,Jax,Talon,Zoe,Ezreal,Karma,KR
KR_8382775371,16.18.817.5716,917,1,18755,20164,249,86,10,5,0,0,3,0,1700,2267,17055,17897,241,62,5,10,0,0,0,0,-1700,-2267,2026-09-20 09:57:44,"Lee Sin, Pantheon, Jayce, Ezreal","Lee Sin, Ezreal, Nunu & Willump, Jayce",Fiora,Hecarim,Galio,Cassiopeia,Nautilus,Lissandra,Nidalee,Talon,Tristana,Leona,KR
KR_8384377866,16.18.817.5716,1422,1,19620,20850,299,78,7,7,1,0,3,0,-28,-679,19648,21529,265,71,7,7,0,0,0,0,28,679,2026-09-20 09:57:48,"Jayce, Riven, Hecarim","Vi, Jayce, Caitlyn, Poppy, Zoe",Fiora,Qiyana,Syndra,Lucian,Milio,Kennen,LeeSin,Akali,Yunara,Nautilus,KR
KR_8383433511,16.18.817.5716,1897,0,19244,20389,290,75,5,4,0,0,3,0,3493,1321,15751,19068,240,57,4,5,0,0,0,0,-3493,-1321,2026-09-20 09:57:52,"Rengar, Qiyana, Zoe","Zoe, Qiyana, Lulu, Karma, Poppy",Rumble,Viego,Tristana,Ryze,Camille,Jayce,Talon,Galio,Vladimir,Alistar,KR
KR_8382351931,16.18.817.5716,1506,0,18740,18315,227,82,7,10,0,0,3,0,-322,-1934,19062,20249,256,64,10,7,0,0,0,0,322,1934,2026-09-20 09:57:55,"Katarina, Pyke, Yasuo, Caitlyn","Lulu, LeBlanc, Fiora, Lee Sin, Qiyana",Pantheon,Ambessa,Orianna,Zeri,Rell,KSante,Maokai,Yone,Ezreal,Leona,KR
KR_8366198939,16.17.810.4348,1787,1,19608,18456,217,62,14,6,1,0,0,0,2381,1409,17227,17047,224,54,6,14,0,0,3,0,-2381,-1409,2026-09-20 09:57:59,"Syndra, Zyra, Qiyana, Jayce, Kalista",Lee Sin,Fiora,Viego,Taliyah,Jhin,Thresh,Camille,Chogath,Akali,Ezreal,Bard,KR
KR_8351162492,16.16.804.9184,1608,1,20689,21905,302,69,8,3,1,0,3,0,3869,2713,16820,19192,262,84,3,8,0,0,0,0,-3869,-2713,2026-09-20 09:58:02,"Irelia, Zoe, Camille, Blitzcrank, Shaco","Nasus, Locke, Lee Sin, Kalista",Zed,Qiyana,Sylas,Aphelios,Rakan,Sion,Viego,Lissandra,Jinx,Thresh,KR
KR_8383593219,16.18.817.5716,1587,0,17002,20013,258,72,3,8,0,0,2,0,-3807,-1574,20809,21587,284,70,8,3,1,0,1,0,3807,1574,2026-09-20 09:58:05,"Vi, Pyke, Jax, Zoe, Lee Sin","Rengar, Zoe, Lee Sin, Jayce",DrMundo,FiddleSticks,Zeri,Ashe,Lulu,Gangplank,Qiyana,Xerath,Corki,Camille,KR
KR_8381883305,16.18.817.5716,2055,0,17278,18194,237,53,5,11,0,0,2,0,-2989,-3182,20267,21376,239,92,11,5,1,0,1,0,2989,3182,2026-09-20 09:58:08,"Yunara, Jax, Lee Sin, Akali","Qiyana, Lee Sin, Pyke, Viktor, Ezreal",Yone,Chogath,Locke,Jhin,Leona,Malphite,Hecarim,Lissandra,Draven,Karma,KR
KR_8386182755,16.18.817.5716,1447,0,18072,19464,232,87,6,6,0,0,3,0,433,228,17639,19236,263,54,6,6,1,0,0,0,-433,-228,2026-09-20 09:58:11,"Pantheon, Nidalee, Jayce, Maokai, Syndra","Teemo, Lee Sin, Qiyana, Bard",Sett,Hecarim,Zoe,Sivir,Lulu,Gnar,Elise,Ambessa,Lucian,Milio,KR
KR_8386376525,16.18.817.5716,1737,0,16797,18730,263,50,3,4,0,0,3,0,173,-783,16624,19513,255,60,4,3,0,0,0,0,-173,783,2026-09-20 09:58:14,"Yunara, Yasuo, Nunu & Willump, Zeri, Akali","Jax, Pyke, Qiyana, Nidalee, Draven",Jayce,Zaahen,Tristana,Hwei,Morgana,Akshan,Talon,Ryze,Ashe,Seraphine,KR
KR_8378439578,16.18.817.5716,1700,1,19613,20260,295,60,7,6,1,0,3,0,759,59,18854,20201,269,72,6,7,0,0,0,0,-759,-59,2026-09-20 09:58:17,"Cho'Gath, Poppy, Rengar, Ezreal, Kalista","Nunu & Willump, Ivern, Ezreal, Nocturne",Jayce,LeeSin,Ryze,Varus,Maokai,KSante,Taliyah,Yone,Tristana,Rakan,KR
KR_8377472732,16.18.816.5012,1338,1,17496,19126,248,67,5,7,0,0,2,0,-1369,-917,18865,20043,280,66,7,5,0,0,1,0,1369,917,2026-09-20 09:58:20,"Poppy, Cassiopeia, Lee Sin, Jayce","Elise, Vi, Olaf",Kled,Rengar,Yasuo,Ziggs,Shen,KSante,JarvanIV,Locke,Ezreal,Camille,KR
KR_8363783316,16.17.810.4348,2163,0,17865,18763,246,76,7,8,0,0,3,0,-940,-1079,18805,19842,247,62,8,7,0,0,0,0,940,1079,2026-09-20 09:58:23,"Lissandra, Locke","Locke, Rengar, Poppy",Jayce,Trundle,Taliyah,Kaisa,Shen,Olaf,Chogath,Xerath,Nilah,Fiora,KR
KR_8385443543,16.18.817.5716,1573,0,17579,19688,253,59,7,4,1,0,2,0,309,-139,17270,19827,246,63,4,7,0,0,0,0,-309,139,2026-09-20 09:58:26,"Poppy, Taliyah, Jayce, Hecarim, Rengar","Yunara, Irelia, Galio, Nidalee, Bard",Pantheon,Sylas,Aurora,Ezreal,Rell,KSante,Qiyana,Locke,Hwei,Alistar,KR
KR_8375175622,16.17.810.4348,1766,1,18342,20337,288,74,5,13,1,0,1,0,-2498,-521,20840,20858,254,60,13,5,0,0,0,0,2498,521,2026-09-20 09:58:30,"Fiora, Cho'Gath, Qiyana, Rengar","Nidalee, Lulu, Lee Sin",Jax,Shyvana,Cassiopeia,Lucian,Shen,Camille,Hecarim,Ahri,TwistedFate,Gragas,KR
KR_8375891121,16.18.815.9717,1721,1,17196,18705,270,60,3,13,1,0,2,0,-4052,-2223,21248,20928,259,62,13,3,0,0,1,0,4052,2223,2026-09-20 09:58:33,"Locke, Jax, Zoe, Cassiopeia","Kalista, Zed, Nautilus",Gwen,Vi,Irelia,Ezreal,Rakan,Kennen,Qiyana,Ahri,TwistedFate,Bard,KR
KR_8364925805,16.17.810.4348,1503,0,18917,19121,283,58,7,13,0,0,3,0,-2420,-1648,21337,20769,269,75,13,7,1,0,0,0,2420,1648,2026-09-20 09:58:38,Jayce,"Lee Sin, Locke, Rengar",Fiora,Chogath,Ryze,Zeri,Shen,Ambessa,Qiyana,Syndra,KogMaw,Rell,KR
KR_8378627830,16.18.817.5716,1834,0,17765,20386,287,61,6,6,0,0,1,0,-728,145,18493,20241,282,64,6,6,1,0,0,0,728,-145,2026-09-20 09:58:41,"Pyke, Bard, Cassiopeia, Rengar, Nidalee","Zoe, Lissandra, Cassiopeia, Jayce",Olaf,Locke,Yasuo,Lucian,Braum,KSante,Ambessa,Malzahar,MissFortune,Neeko,KR
KR_8375198527,16.17.810.4348,1570,0,18241,19376,255,60,8,10,0,0,0,0,-1650,-1845,19891,21221,276,82,10,8,0,0,3,0,1650,1845,2026-09-20 09:58:45,"Yasuo, Yone, Kalista, Locke","Lee Sin, Fiora, Zoe",Jax,JarvanIV,Anivia,Jhin,Rell,Skarner,Nidalee,Jayce,Ezreal,Camille,KR
KR_8382682528,16.18.817.5716,1653,1,20929,20325,246,80,13,3,1,0,0,0,3393,1551,17536,18774,245,74,3,13,0,0,3,0,-3393,-1551,2026-09-20 09:58:48,"Draven, Lee Sin, Qiyana, Rengar, Locke","Zoe, Poppy, Sivir, Ezreal, Jayce",Sejuani,Maokai,Anivia,Tristana,Lulu,Kled,Talon,Malzahar,Cassiopeia,Alistar,KR
KR_8367320257,16.17.810.4348,1553,0,18586,19209,255,70,6,4,0,0,3,0,1182,-336,17404,19545,260,72,4,6,0,0,0,0,-1182,336,2026-09-20 09:58:51,"Olaf, Rengar, Zyra, Pyke, Yasuo","Kalista, Xerath, LeBlanc, Cassiopeia",Camille,Jayce,TwistedFate,Kaisa,Galio,Lissandra,LeeSin,Tristana,Nilah,Nautilus,KR
KR_8376538513,16.18.816.5012,985,1,19033,19372,244,66,8,7,0,0,1,0,1215,1297,17818,18075,234,49,7,8,0,0,0,0,-1215,-1297,2026-09-20 09:58:54,"Zyra, Qiyana, Cassiopeia, Jax, Lee Sin","Pyke, Lee Sin, Kled, Nautilus, Qiyana",Camille,Elise,Aurora,Caitlyn,Karma,Ambessa,Nidalee,Galio,Kalista,Pantheon,KR
KR_8373842310,16.17.810.4348,1112,0,16213,18534,263,62,2,4,1,0,1,0,-2543,-2194,18756,20728,292,84,4,2,0,0,2,0,2543,2194,2026-09-20 09:58:57,"Lee Sin, Lux, Locke, Poppy, Cassiopeia","Nunu & Willump, Zoe, Pyke, K'Sante",Jayce,Vi,Akali,Ezreal,Rell,Jax,Qiyana,Zeri,Syndra,Nautilus,KR
KR_8366198290,16.17.810.4348,1611,1,19175,19847,269,62,9,6,0,0,1,0,1725,228,17450,19619,259,64,6,9,1,0,2,0,-1725,-228,2026-09-20 09:59:00,"Nidalee, Poppy, Cassiopeia, Qiyana","Rengar, Fiora, Lucian, Camille",Trundle,JarvanIV,Ryze,Yunara,Lulu,Olaf,Nocturne,Zoe,Zeri,Galio,KR
KR_8382814573,16.18.817.5716,1563,1,17031,19535,236,72,5,2,1,0,0,0,942,950,16089,18585,265,57,2,5,0,0,3,0,-942,-950,2026-09-20 09:59:04,"Lee Sin, Pyke, Kai'Sa, Qiyana, Jayce","Kalista, Fiora, Lulu, Rengar, Nidalee",Jax,Hecarim,Ryze,Xayah,Rakan,Gnar,Kindred,Galio,Jhin,Rell,KR
KR_8362511061,16.17.810.4348,1631,0,18319,20270,250,62,6,8,0,0,1,0,-1257,-313,19576,20583,270,76,8,6,1,0,2,0,1257,313,2026-09-20 09:59:07,"Cassiopeia, Jayce, Orianna, Syndra","Zoe, Poppy",Ambessa,LeeSin,TwistedFate,KogMaw,Alistar,Renekton,Nocturne,Sylas,Ziggs,Camille,KR
KR_8379429937,16.18.817.5716,913,0,15871,18141,235,68,2,8,0,0,0,0,-2933,-2865,18804,21006,267,74,8,2,0,0,3,0,2933,2865,2026-09-20 09:59:10,"Shaco, Yasuo, Pyke, Gnar, Cassiopeia","Jayce, Qiyana, Draven, Lulu, Zed",Darius,LeeSin,Sylas,Kaisa,Bard,Camille,Hecarim,Galio,Viktor,Braum,KR
KR_8384946172,16.18.817.5716,1405,0,17054,21130,276,84,3,7,1,0,2,0,-994,719,18048,20411,255,62,7,3,0,0,1,0,994,-719,2026-09-20 09:59:13,"Caitlyn, Bel'Veth, Jax, Pyke","Lissandra, Thresh, Olaf",Irelia,Qiyana,Akali,Zeri,Lulu,Warwick,Sylas,Singed,Lucian,Janna,KR
KR_8387517840,16.18.817.5716,1771,1,20537,20403,248,82,11,10,1,0,3,0,1585,1069,18952,19334,228,67,10,11,0,0,0,0,-1585,-1069,2026-09-20 09:59:16,"Lee Sin, Yunara, Pyke, Rengar, Syndra","Kennen, Poppy, Rammus, Ezreal",Jayce,Fizz,Zoe,Swain,Camille,Warwick,Trundle,Galio,Cassiopeia,JarvanIV,KR
KR_8385109756,16.18.817.5716,1640,0,18055,19215,236,78,6,8,1,0,3,0,-105,1004,18160,18211,232,48,8,6,0,0,0,0,105,-1004,2026-09-20 09:59:19,"Master Yi, Qiyana, Pantheon, Yasuo, Jayce","Lee Sin, Qiyana, Rengar, Yone",Camille,Graves,Ekko,Tristana,Nautilus,Renekton,Vi,AurelionSol,Yunara,Alistar,KR
KR_8365001999,16.17.810.4348,1363,0,18546,18233,195,68,8,9,0,0,1,0,-1233,-2278,19779,20511,281,69,9,8,0,0,2,0,1233,2278,2026-09-20 09:59:24,"Pyke, Ezreal, Lee Sin","Qiyana, Nidalee, Zoe, Rumble",Camille,XinZhao,Katarina,Xerath,Rell,Jayce,JarvanIV,Ryze,Kalista,Renata,KR
KR_8352916175,16.16.804.9184,1722,0,19171,19852,259,76,8,10,0,0,2,0,-447,-1130,19618,20982,242,58,10,8,1,0,1,0,447,1130,2026-09-20 09:59:27,"Nidalee, Poppy, Rengar, Zoe, Lee Sin","Nidalee, Lucian, Caitlyn, Locke, Kai'Sa",Jayce,Olaf,Aurora,Viktor,Camille,Rumble,Graves,Xerath,Jhin,Bard,KR
KR_8387131768,16.18.817.5716,1341,1,19837,19386,242,71,10,10,0,0,0,0,607,1415,19230,17971,226,62,10,10,1,0,3,0,-607,-1415,2026-09-20 09:59:30,"Jax, Hecarim, LeBlanc, Locke","Qiyana, Azir, Jax, Zoe, Kalista",Tryndamere,Ekko,Akshan,Jhin,Rell,Olaf,Nidalee,Singed,Kaisa,Taric,KR
KR_8366157495,16.17.810.4348,1137,1,18717,20621,254,80,8,4,0,0,0,0,1039,1000,17678,19621,258,80,4,8,1,0,3,0,-1039,-1000,2026-09-20 09:59:33,"Pyke, Zoe, Rengar","Locke, Poppy",Olaf,Vi,Malzahar,Yunara,Camille,Vayne,Chogath,Cassiopeia,Lucian,Shen,KR
KR_8370256417,16.17.810.4348,1581,1,20247,21102,267,65,14,3,1,0,3,0,3990,1644,16257,19458,264,56,3,14,0,0,0,0,-3990,-1644,2026-09-20 09:59:36,"Vi, LeBlanc, Qiyana, Lee Sin, Nocturne","Lee Sin, Anivia",Jayce,Nidalee,Yone,Jhin,Shen,Irelia,Graves,Sylas,Lucian,Milio,KR
KR_8358806122,16.17.810.4348,1420,0,18095,20181,229,64,7,6,1,0,0,0,649,152,17446,20029,255,70,6,7,0,0,1,0,-649,-152,2026-09-20 09:59:39,"Yone, Camille, Nidalee","LeBlanc, Poppy, Pyke, Lee Sin",Gragas,Qiyana,Locke,Jhin,Alistar,Aatrox,Rengar,Azir,Ezreal,Shen,KR
VN2_1584922750,16.18.817.5716,1657,0,17393,19480,259,72,4,5,0,0,0,0,-631,-394,18024,19874,262,74,5,4,1,0,3,0,631,394,2026-09-20 10:02:43,"Thresh, Zoe, Riven","Twisted Fate, Syndra, Graves, Kindred, Viktor",Nasus,LeeSin,Taliyah,Tristana,Lulu,Vladimir,MonkeyKing,Ahri,Yunara,Pyke,VN2
VN2_1585714975,16.18.817.5716,934,0,19177,19644,228,58,10,12,0,0,1,0,-1022,-1674,20199,21318,272,64,12,10,1,0,2,0,1022,1674,2026-09-20 10:02:47,"Shaco, Mel, Hecarim, Xerath, Graves","Caitlyn, Kindred, Malphite",Camille,Nidalee,Ahri,Yunara,Neeko,Yone,Sylas,Zed,Xayah,Poppy,VN2
VN2_1584984026,16.18.817.5716,1968,1,21332,19434,240,51,12,13,0,0,1,0,1143,-1467,20189,20901,227,58,13,12,0,0,2,0,-1143,1467,2026-09-20 10:02:51,"Viktor, Renekton, Nidalee, Zoe, Thresh","Jax, Caitlyn, Vayne, Zoe, Pyke",DrMundo,Qiyana,Lissandra,Jinx,Lulu,Sion,Graves,Locke,Nilah,Yuumi,VN2
VN2_1581207233,16.18.817.5716,985,0,16905,19254,238,64,4,6,0,0,3,0,-1022,-359,17927,19613,237,69,6,4,0,0,0,0,1022,359,2026-09-20 10:02:54,Sylas,"Talon, Zoe, LeBlanc, Irelia, Tryndamere",Akali,LeeSin,Lissandra,Caitlyn,Alistar,Galio,Taliyah,Nasus,Yunara,Lulu,VN2
VN2_1581228662,16.18.817.5716,1534,0,17013,18434,230,50,7,9,0,0,1,0,-1682,-1425,18695,19859,228,64,9,7,1,0,2,0,1682,1425,2026-09-20 10:02:59,"Yasuo, Aatrox, Pyke, Qiyana, Ezreal","Sylas, Graves, Heimerdinger, Twitch",Anivia,LeeSin,Zed,Lucian,Velkoz,Zilean,Hecarim,Hwei,Tristana,Camille,VN2
VN2_1581085560,16.18.817.5716,1665,0,16357,19881,247,72,3,10,0,0,0,0,-3919,-1700,20276,21581,257,82,10,3,1,0,3,0,3919,1700,2026-09-20 10:03:05,"Anivia, Jax, Darius","Lulu, Mel, Hecarim, Morgana, LeBlanc",Aatrox,Lillia,Zed,Ezreal,Thresh,Renekton,Chogath,Yasuo,Xerath,Velkoz,VN2
VN2_1581484453,16.18.817.5716,2273,1,18135,19981,245,62,9,11,0,0,1,0,-1265,-1760,19400,21741,259,68,11,9,1,0,2,0,1265,1760,2026-09-20 10:03:10,"Alistar, Lissandra, Ekko, Draven","Taliyah, Pyke, Lucian, Jax, Ambessa",Gangplank,Udyr,Yone,Hwei,Poppy,Camille,Rengar,Qiyana,Syndra,Seraphine,VN2
VN2_1581115548,16.18.817.5716,1562,0,18377,17179,193,56,10,16,0,0,0,0,-3847,-3801,22224,20980,245,81,16,10,0,0,3,0,3847,3801,2026-09-20 10:03:14,"Caitlyn, Zed, Blitzcrank","Hecarim, Graves, Kog'Maw, Kayn, Tryndamere",Ambessa,Rengar,Locke,Lucian,Milio,Gnar,Chogath,Jayce,Kaisa,Pyke,VN2
VN2_1583173935,16.18.817.5716,1445,1,19772,19892,217,60,14,8,0,0,3,0,671,345,19101,19547,232,67,8,14,1,0,0,0,-671,-345,2026-09-20 10:03:19,"Poppy, Lee Sin, LeBlanc, Blitzcrank, Heimerdinger","Pyke, Naafiri, Jayce, Nautilus, Locke",KSante,Kindred,Ahri,Ezreal,Bard,Tryndamere,Qiyana,Diana,Yasuo,Nami,VN2
VN2_1585750008,16.18.817.5716,929,1,19224,20031,262,72,7,6,0,0,2,0,1935,1223,17289,18808,235,62,6,7,0,0,1,0,-1935,-1223,2026-09-20 10:03:25,"Shaco, Naafiri, Malphite, Pyke, Ambessa","Yuumi, Locke, Twisted Fate, Mel, Yone",Irelia,Graves,Malzahar,Sivir,Seraphine,Urgot,LeeSin,Zyra,Lucian,Milio,VN2
VN2_1581147089,16.18.817.5716,1152,1,19219,20841,265,80,9,1,1,0,0,0,4657,2213,14562,18628,207,66,1,9,0,0,3,0,-4657,-2213,2026-09-20 10:03:32,"Graves, Aatrox, Lissandra","Hecarim, Yone, Blitzcrank, Locke, Jayce",Anivia,Rengar,Yasuo,Lucian,Bard,Udyr,Kindred,Akali,Jhin,Soraka,VN2
KR_8388378072,16.18.817.5716,1623,0,16953,20748,272,74,3,5,0,0,3,0,-1622,-445,18575,21193,279,78,5,3,1,0,0,0,1622,445,2026-09-20 10:04:14,"Karma, Zoe, Lee Sin, Qiyana, Lulu","K'Sante, Caitlyn, Nidalee, Kayle",Singed,Locke,Tristana,Vladimir,Rakan,Olaf,Viego,Leblanc,Zeri,Nautilus,KR
KR_8382320230,16.18.817.5716,1504,0,18706,19662,246,68,6,7,0,0,2,0,-203,-494,18909,20156,276,76,7,6,1,0,0,0,203,494,2026-09-20 10:04:20,"Lulu, Fiora, Rengar","Karma, Lee Sin, Lulu, Nocturne, Zoe",KSante,JarvanIV,Locke,Corki,Bard,Jayce,Fizz,Ambessa,Vladimir,Pyke,KR
KR_8382248858,16.18.817.5716,1880,1,17480,19621,242,92,4,5,1,0,3,0,-959,-247,18439,19868,281,68,5,4,0,0,0,0,959,247,2026-09-20 10:04:23,"Fiora, Cassiopeia, Zoe, Locke, Nidalee","Rengar, Poppy, Nocturne",Olaf,Talon,Ryze,Yunara,Lulu,Jayce,LeeSin,Ahri,Tristana,Nautilus,KR
KR_8378138984,16.18.817.5716,2463,0,20774,21220,259,61,13,4,0,0,3,0,3788,1289,16986,19931,273,64,4,13,0,0,0,0,-3788,-1289,2026-09-20 10:04:26,"Jayce, Qiyana, Bard, Cassiopeia, Pyke","Zoe, Lee Sin, Ezreal, Lulu, Nocturne",Camille,RekSai,Vex,Hwei,Leona,Ambessa,Chogath,Yasuo,Ashe,Seraphine,KR
KR_8387437248,16.18.817.5716,1443,0,17799,19971,268,64,6,6,0,0,0,0,-641,549,18440,19422,285,57,6,6,1,0,3,0,641,-549,2026-09-20 10:04:29,"Pyke, Gnar, Nocturne, Qiyana","Qiyana, Zoe, Poppy, Bard, Yasuo",KSante,LeeSin,Vex,Ezreal,Karma,Camille,RekSai,Cassiopeia,MissFortune,Rakan,KR
KR_8384818744,16.18.817.5716,1930,0,16586,19558,270,56,3,8,0,0,0,0,-2818,-1941,19404,21499,275,87,8,3,0,0,0,0,2818,1941,2026-09-20 10:04:32,"Kalista, Ivern, Rengar, Gnar, Qiyana","Ivern, Nocturne, Draven, Jayce, Yasuo",KSante,LeeSin,Cassiopeia,Kaisa,Nautilus,Teemo,Vi,Syndra,Lucian,Milio,KR
KR_8388307159,16.18.817.5716,1043,1,19695,20217,264,71,9,7,0,0,3,0,756,425,18939,19792,261,67,7,9,0,0,0,0,-756,-425,2026-09-20 10:04:37,"Olaf, Lee Sin, Fiora, Rengar","Cho'Gath, Zyra, Poppy, Lulu",DrMundo,Nidalee,Talon,Zeri,Karma,Yone,Qiyana,Aurora,Caitlyn,Bard,KR
KR_8388342124,16.18.817.5716,1468,0,16995,20268,272,70,3,5,0,0,3,0,-1207,-578,18202,20846,298,59,5,3,1,0,0,0,1207,578,2026-09-20 10:04:41,"Nautilus, Jax, Pyke, Zoe","Lulu, Nidalee, Lee Sin, Rengar, Nocturne",Camille,Jayce,Taliyah,Ezreal,Senna,Olaf,Qiyana,Akali,Caitlyn,Braum,KR
KR_8382060654,16.18.817.5716,1090,0,17584,20389,293,70,3,8,0,0,0,0,-719,-715,18303,21104,247,71,8,3,0,0,3,0,719,715,2026-09-20 10:04:46,"Nocturne, Twisted Fate, Rengar, Qiyana, Locke","Qiyana, Cassiopeia, Lulu",KSante,Jayce,Zoe,Ezreal,Karma,Olaf,Vi,Ryze,Yunara,Seraphine,KR
KR_8378051703,16.18.817.5716,913,0,17691,18677,252,66,6,9,0,0,3,0,-1924,-1074,19615,19751,262,67,9,6,1,0,0,0,1924,1074,2026-09-20 10:04:49,"Poppy, Lee Sin, Nidalee, Lulu","Locke, Yasuo, Naafiri, Nunu & Willump",Ambessa,Kindred,Orianna,Jhin,Shen,Vayne,Qiyana,Ekko,Kaisa,Alistar,KR
KR_8384865012,16.18.817.5716,1930,0,18310,19621,263,61,7,7,1,0,3,0,-71,2138,18381,17483,267,48,7,7,0,0,0,0,71,-2138,2026-09-20 10:04:52,"Zoe, Qiyana, Vi, Teemo","Yasuo, Qiyana, Rengar",Olaf,LeeSin,Ahri,Lucian,Milio,Jayce,Singed,Locke,Jhin,Nautilus,KR
KR_8378096071,16.18.817.5716,1465,0,18005,21352,290,78,4,3,0,0,3,0,1258,2671,16747,18681,250,63,3,4,1,0,0,0,-1258,-2671,2026-09-20 10:04:55,"Rengar, Lee Sin, Nocturne, Yasuo, Master Yi","Rumble, LeBlanc, Lee Sin, Zoe, Qiyana",KSante,Jayce,Viktor,Yunara,Skarner,Pantheon,Darius,Ryze,Zeri,Lulu,KR
KR_8384243104,16.18.817.5716,1689,0,16365,18103,251,52,4,9,1,0,0,0,-2478,-1560,18843,19663,267,51,9,4,0,0,0,0,2478,1560,2026-09-20 10:04:58,"Yasuo, Nocturne, Qiyana, Yunara","Rengar, Nautilus, Bel'Veth, Vayne",Ambessa,LeeSin,Viktor,Kaisa,Pantheon,KSante,MonkeyKing,Anivia,Ezreal,Skarner,KR
KR_8376617924,16.18.816.5012,1649,0,17452,18919,273,68,3,3,0,0,3,0,872,-312,16580,19231,247,55,3,3,0,0,0,0,-872,312,2026-09-20 10:05:02,"Hecarim, Nocturne, Twitch, Zoe, Locke","Karma, K'Sante, Kai'Sa, Rengar, Nidalee",Jayce,Qiyana,Viktor,Tristana,Alistar,Gangplank,LeeSin,Syndra,Zeri,Rakan,KR
